date,price,bedrooms,bathrooms,floors,waterfront,view,condition,sqft_above,sqft_basement,street,city,country
5/2/2014 0:00,313000,3,1.5,1.5,0,0,3,1340,0,18810 Densmore Ave N,Shoreline,USA
5/2/2014 0:00,2384000,5,2.5,2,0,4,5,3370,280,709 W Blaine St,Seattle,USA
5/2/2014 0:00,342000,3,2,1,0,0,4,1930,0,26206-26214 143rd Ave SE,Kent,USA
5/2/2014 0:00,420000,3,2.25,1,0,0,4,1000,1000,857 170th Pl NE,Bellevue,USA
5/2/2014 0:00,550000,4,2.5,1,0,0,4,1140,800,9105 170th Ave NE,Redmond,USA
5/2/2014 0:00,490000,2,1,1,0,0,3,880,0,522 NE 88th St,Seattle,USA
5/2/2014 0:00,335000,2,2,1,0,0,3,1350,0,2616 174th Ave NE,Redmond,USA
5/2/2014 0:00,482000,4,2.5,2,0,0,3,2710,0,23762 SE 253rd Pl,Maple Valley,USA
5/2/2014 0:00,452500,3,2.5,1,0,0,4,1570,860,46611-46625 SE 129th St,North Bend,USA
5/2/2014 0:00,640000,4,2,1.5,0,0,3,1520,0,6811 55th Ave NE,Seattle,USA
5/2/2014 0:00,463000,3,1.75,1,0,0,3,1710,0,Burke-Gilman Trail,Lake Forest Park,USA
5/2/2014 0:00,1400000,4,2.5,1.5,0,0,5,1910,1010,3838-4098 44th Ave NE,Seattle,USA
5/2/2014 0:00,588500,3,1.75,1,0,0,3,1970,360,1833 220th Pl NE,Sammamish,USA
5/2/2014 0:00,365000,3,1,1,0,0,4,1090,0,2504 SW Portland Ct,Seattle,USA
5/2/2014 0:00,1200000,5,2.75,1.5,0,0,3,2910,0,3534 46th Ave NE,Seattle,USA
5/2/2014 0:00,242500,3,1.5,1,0,0,4,1200,0,14034 SE 201st St,Kent,USA
5/2/2014 0:00,419000,3,1.5,1,0,0,4,1570,0,15424 SE 9th St,Bellevue,USA
5/2/2014 0:00,367500,4,3,2,0,0,3,3110,0,11224 SE 306th Pl,Auburn,USA
5/2/2014 0:00,257950,3,1.75,1,0,0,3,1370,0,1605 S 245th Pl,Des Moines,USA
5/2/2014 0:00,275000,3,1.5,1,0,0,3,1180,0,12425 415th Ave SE,North Bend,USA
5/2/2014 0:00,750000,3,1.75,2,0,0,5,1550,690,3225 NE 92nd St,Seattle,USA
5/2/2014 0:00,435000,4,1,1,0,0,4,1450,0,3922 154th Ave SE,Bellevue,USA
5/2/2014 0:00,626000,3,2.25,2.5,0,0,3,1470,280,3140 Franklin Ave E,Seattle,USA
5/2/2014 0:00,612500,4,2.5,2,0,0,3,2730,0,10212 NE 156th Pl,Bothell,USA
5/2/2014 0:00,495000,4,1.75,1,0,0,3,1130,470,2021 NE 100th St,Seattle,USA
5/2/2014 0:00,285000,3,2.5,1,0,0,4,1360,730,27736 23rd Avenue South,Federal Way,USA
5/2/2014 0:00,615000,3,1.75,1,0,0,4,1360,1000,8436-8438 41st Ave SW,Seattle,USA
5/2/2014 0:00,698000,4,2.25,1.5,0,0,5,1300,900,1036 4th St,Kirkland,USA
5/2/2014 0:00,675000,5,2.5,2,0,0,3,2820,0,23525 SE 32nd Way,Issaquah,USA
5/2/2014 0:00,790000,3,2.5,1,0,0,4,1700,900,3314 NW 75th St,Seattle,USA
5/2/2014 0:00,382500,4,1.75,1,0,0,4,1560,0,14104 119th Ave NE,Kirkland,USA
5/2/2014 0:00,499950,4,2.5,2,0,0,3,2190,670,20120 137th Ave NE,Woodinville,USA
5/2/2014 0:00,650000,4,2,1.5,0,1,3,1640,180,7201-7399 55th Ave NE,Seattle,USA
5/2/2014 0:00,625000,4,2.5,2,0,0,3,2820,0,17052 4th Ave NE,Shoreline,USA
5/2/2014 0:00,400000,4,2.5,1.5,0,0,3,2300,1330,5172-5198 Heather Ave SE,Auburn,USA
5/2/2014 0:00,604000,3,2.5,2,0,2,3,3240,0,30822 36th Ct SW,Federal Way,USA
5/2/2014 0:00,440000,2,1,1,0,0,4,800,0,4801-4899 6th Ave NW,Seattle,USA
5/2/2014 0:00,287200,3,3,1,0,0,4,1090,760,23017 SE 281st Ct,Maple Valley,USA
5/2/2014 0:00,403000,3,2,1,0,2,5,1650,310,17825 4th Ave SW,Normandy Park,USA
5/2/2014 0:00,750000,3,2.5,1,0,2,4,1440,950,3628 59th Ave SW,Seattle,USA
5/2/2014 0:00,335000,3,2.25,1,0,0,4,1580,0,4460 332nd Ave SE,Fall City,USA
5/2/2014 0:00,260000,4,2,1,0,0,4,1480,0,2019 Aberdeen Pl SE,Renton,USA
5/2/2014 0:00,308500,2,1,1,0,0,4,850,0,121 NE 147th St,Shoreline,USA
5/2/2014 0:00,439950,3,2.5,2,0,0,3,1770,0,4458 51st Ave SW,Seattle,USA
5/2/2014 0:00,235000,2,1,1,0,0,2,1210,0,7542 21st Ave SW,Seattle,USA
5/2/2014 0:00,315000,3,1,1,0,0,3,1160,0,15804 198th Pl NE,Woodinville,USA
5/2/2014 0:00,437500,3,2.25,2,0,0,4,1970,0,26069 SE 154th St,Issaquah,USA
5/2/2014 0:00,407500,3,2.5,2,0,0,3,1930,0,4314 NE 6th Pl,Renton,USA
5/2/2014 0:00,445700,3,2.5,3,0,0,3,1270,0,2640 NW 56th St,Seattle,USA
5/2/2014 0:00,838000,4,2.5,2,0,0,3,3310,0,15712 NE 136th Pl,Redmond,USA
5/2/2014 0:00,630000,4,2.75,2,0,0,3,2710,0,26429 SE 154th Pl,Issaquah,USA
5/2/2014 0:00,550000,3,1.75,1.5,0,0,3,2910,0,3923 229th Pl SE,Sammamish,USA
5/2/2014 0:00,805000,3,2,1.5,0,0,4,1880,830,6222 30th Ave NE,Seattle,USA
5/2/2014 0:00,284000,3,1.75,1,0,0,3,1800,0,32418 NE 50th St,Carnation,USA
5/2/2014 0:00,470000,5,2.5,1,0,0,3,1460,750,19334 89th Ave NE,Bothell,USA
5/2/2014 0:00,430000,4,1.5,1,0,0,4,1070,850,4071 156th Ave SE,Bellevue,USA
5/2/2014 0:00,491500,4,1.75,1,0,2,3,2190,0,36850 204th Ave SE,Auburn,USA
5/2/2014 0:00,785000,5,3.25,2,0,2,3,3660,0,7425 Snowberry Ave SE,Snoqualmie,USA
5/2/2014 0:00,385000,3,3.25,2,0,0,3,1040,280,3400 21st Ave W,Seattle,USA
5/2/2014 0:00,295000,2,2.5,2,0,0,3,1280,350,5944-6082 Delridge Way SW,Seattle,USA
5/2/2014 0:00,555000,4,2.5,2,0,0,3,3310,0,35229 SE Terrace St,Snoqualmie,USA
5/2/2014 0:00,459990,3,2.5,2,0,0,3,2680,0,13800 453rd Ave SE,North Bend,USA
5/2/2014 0:00,625000,4,3.25,1,0,0,3,1560,1170,9927 174th Ave SE,Renton,USA
5/2/2014 0:00,300000,3,2.5,2,0,0,3,2540,0,29734 215th Terrace SE,Kent,USA
5/3/2014 0:00,625000,4,2.75,2,0,0,3,2920,0,5608 NE 5th Cir,Renton,USA
5/3/2014 0:00,553000,2,1,1,0,0,3,900,0,8053 29th Ave NW,Seattle,USA
5/3/2014 0:00,379880,3,2.5,1,0,0,4,1130,520,13256 242nd Pl SE,Issaquah,USA
5/3/2014 0:00,310000,3,1,1,0,0,4,1010,0,7528 N Fork Rd SE,Snoqualmie,USA
5/4/2014 0:00,775000,2,2.5,1,0,0,3,2680,0,13134 234th Ct NE,Redmond,USA
5/4/2014 0:00,365000,3,2.5,1,0,0,5,1570,630,13420 SE 182nd St,Renton,USA
5/4/2014 0:00,331950,4,2.5,2,0,2,3,2010,520,925 48th Ct,Auburn,USA
5/4/2014 0:00,783500,3,2.5,2,0,0,3,1990,860,151 Euclid Ave,Seattle,USA
5/4/2014 0:00,628000,4,2,1,0,0,3,1140,1140,205-206 Euclid Ave,Seattle,USA
5/5/2014 0:00,560000,3,2.5,2,0,0,3,1900,0,22314 NE 11th Pl,Sammamish,USA
5/5/2014 0:00,900000,3,1,1,0,0,3,1330,0,13615 NE 100th St,Kirkland,USA
5/5/2014 0:00,531000,2,3,2,0,0,3,1110,160,1411 N 48th St,Seattle,USA
5/5/2014 0:00,831000,4,3,2,0,0,4,1610,560,120 31st Ave E,Seattle,USA
5/5/2014 0:00,780000,4,2.5,2,0,2,3,2730,0,23140 NE 14th Ct,Sammamish,USA
5/5/2014 0:00,755000,4,2.5,1,0,0,4,1620,500,12645 SE 27th St,Bellevue,USA
5/5/2014 0:00,705380,3,2.5,2,0,0,3,2490,0,3187 NE Larkspur Ln,Issaquah,USA
5/5/2014 0:00,627000,4,2.25,1,0,0,3,1210,780,18915 SE 42nd Pl,Issaquah,USA
5/5/2014 0:00,865000,4,3,2,0,0,3,3690,0,1765 267th Ct SE,Sammamish,USA
5/5/2014 0:00,580000,2,1,1,0,0,5,1320,1220,8624 Island Dr S,Seattle,USA
5/5/2014 0:00,410000,3,2.25,1,0,0,4,1360,440,24502 SE Mirrormont Dr,Issaquah,USA
5/5/2014 0:00,485000,4,3,1,0,0,4,1340,1000,14319 85th Pl NE,Kirkland,USA
5/5/2014 0:00,400000,2,1.75,1,0,0,2,2110,0,2120 NE 168th St,Shoreline,USA
5/5/2014 0:00,549000,2,1,1,0,0,5,1140,0,209 30th Ave E,Seattle,USA
5/5/2014 0:00,620000,3,1.75,2.5,0,0,3,1480,0,10512 128th Ave NE,Kirkland,USA
5/5/2014 0:00,405000,2,3,2,0,0,3,1140,270,9126 45th Ave SW,Seattle,USA
5/5/2014 0:00,232000,2,1,1,0,0,4,1200,0,20220 8th Ave S,Des Moines,USA
5/5/2014 0:00,800866,5,2.5,2,0,0,4,3180,0,11821 NE 48th Pl,Kirkland,USA
5/5/2014 0:00,650000,3,1.5,1,0,2,4,1400,760,13026 10th Ave NW,Seattle,USA
5/5/2014 0:00,823000,6,1.75,2.5,0,0,4,2780,140,125 29th Ave,Seattle,USA
5/5/2014 0:00,770000,3,2,1.5,0,0,4,1810,540,2171 Boyer Ave E,Seattle,USA
5/5/2014 0:00,524000,3,1.75,1,0,0,4,780,780,3434 33rd Ave W,Seattle,USA
5/5/2014 0:00,541125,5,2.75,1,0,0,4,1370,1370,5211 116th Pl SE,Bellevue,USA
5/5/2014 0:00,670000,3,2.5,3,0,0,3,1680,0,3503 NE 44th St,Seattle,USA
5/5/2014 0:00,384900,5,2.5,1,0,0,3,1750,1340,114 SW 292nd St,Federal Way,USA
5/5/2014 0:00,406100,3,2.25,3,0,0,3,1410,0,8536 Interlake Ave N,Seattle,USA
5/5/2014 0:00,1395000,5,3.5,2,0,1,5,2850,1160,3930 NE Belvoir Pl,Seattle,USA
5/5/2014 0:00,736500,4,2.5,2,0,3,3,3180,0,17132 SE 100th St,Renton,USA
5/5/2014 0:00,570000,3,2.25,1,0,0,3,1330,680,10204 168th Pl NE,Redmond,USA
5/5/2014 0:00,787000,3,1.75,1,0,0,3,1330,0,218 109th Ave SE,Bellevue,USA
5/5/2014 0:00,328000,4,2.5,2,0,0,3,2370,0,12621 SE 300th Way,Auburn,USA
5/5/2014 0:00,435000,5,2,1,0,0,4,1540,300,14013 Ashworth Ave N,Seattle,USA
5/5/2014 0:00,499000,4,2.5,2,0,0,3,2910,0,34010 SE Sorenson St,Snoqualmie,USA
5/5/2014 0:00,501000,4,1,1,0,0,3,1160,910,2506 166th Ave NE,Bellevue,USA
5/5/2014 0:00,1090000,4,2.5,2.5,0,0,3,4340,0,8814 218th Ave NE,Redmond,USA
5/5/2014 0:00,400000,2,1,1,0,0,3,840,0,4515 SW Trenton St,Seattle,USA
5/5/2014 0:00,220000,4,1.5,1,0,0,3,1240,0,4924 SW 314th Pl,Federal Way,USA
5/5/2014 0:00,657100,4,1,1,0,0,3,1050,340,4312 Woodlawn Ave N,Seattle,USA
5/5/2014 0:00,309950,4,2.75,2,0,0,3,2310,0,22912 SE 268th Pl,Maple Valley,USA
5/5/2014 0:00,300000,3,2,1,0,0,3,1050,0,27106 NE Miller St,Duvall,USA
5/5/2014 0:00,525888,5,1.75,1,0,0,5,1810,740,13129 195th Pl SE,Issaquah,USA
5/5/2014 0:00,740000,4,1.75,1.5,0,0,3,2010,0,1014 W Garfield St,Seattle,USA
5/5/2014 0:00,340000,5,1,1.5,0,0,4,1120,0,14150 75th Ave NE,Kirkland,USA
5/5/2014 0:00,398750,3,2.5,2,0,0,3,2230,0,2601 21st Ave S,Seattle,USA
5/5/2014 0:00,206000,2,1,1,0,0,5,810,0,12807 7th Ave S,Burien,USA
5/5/2014 0:00,1030000,5,2.75,1,0,3,3,1690,1500,4529 135th Ave SE,Bellevue,USA
5/5/2014 0:00,600000,3,1.75,1,0,0,4,1670,0,1804 E Beaver Lake Dr SE,Sammamish,USA
5/5/2014 0:00,379950,4,1.75,1,0,0,5,1140,830,1701 N 204th Pl,Shoreline,USA
5/5/2014 0:00,287000,3,1,1,0,0,4,1450,0,8681 Beacon Ave S,Seattle,USA
5/5/2014 0:00,2280000,7,8,3,0,4,3,9410,4130,26408 NE 70th St,Redmond,USA
5/5/2014 0:00,309950,3,2.5,2,0,0,3,1880,0,17717 113th Pl SE,Renton,USA
5/5/2014 0:00,600000,3,1.75,1,0,0,4,1040,840,8040 39th Ave NE,Seattle,USA
5/5/2014 0:00,418000,3,2,1.5,0,0,4,1410,0,901 N 97th St,Seattle,USA
5/5/2014 0:00,449250,4,2,1.5,0,0,5,1480,0,519 N 104th St,Seattle,USA
5/5/2014 0:00,329950,2,1,1.5,0,0,4,1140,0,14017 Roslyn Pl N,Seattle,USA
5/5/2014 0:00,245000,3,1.75,1,0,0,3,1000,920,30001-30021 55th Pl S,Auburn,USA
5/5/2014 0:00,549000,4,2.5,2,0,0,3,2910,0,16026 SE 137th Terrace,Renton,USA
5/5/2014 0:00,800000,3,2.5,2,0,0,3,3240,0,22721-22727 SE 27th St,Sammamish,USA
5/5/2014 0:00,249950,3,2,1,0,0,4,1550,0,18027 SE 128th St,Renton,USA
5/5/2014 0:00,210000,5,2,1,0,0,3,1430,620,20927-20999 2nd Ave S,Des Moines,USA
5/5/2014 0:00,1425000,2,2.5,2,0,0,3,2220,0,1857 41st Ave E,Seattle,USA
5/5/2014 0:00,585000,2,1,1.5,0,0,3,1520,250,353 NW 88th St,Seattle,USA
5/5/2014 0:00,615000,4,1.75,1,0,0,4,1960,340,18427 NE 26th Way,Redmond,USA
5/5/2014 0:00,618500,3,2,1,0,0,4,1080,720,2803 NE 62nd St,Seattle,USA
5/5/2014 0:00,487585,4,1.75,1,0,0,3,1470,540,13313 127th Pl NE,Kirkland,USA
5/5/2014 0:00,509900,3,2.5,2,0,0,3,1790,0,4532 185th Ave SE,Issaquah,USA
5/5/2014 0:00,631625,4,2.5,2,0,0,3,2440,0,9288-9358 Holman Rd NW,Seattle,USA
5/5/2014 0:00,555000,3,2.5,2,0,0,3,1940,0,4509 185th Ave SE,Issaquah,USA
5/5/2014 0:00,340000,2,1.5,2,0,0,3,1160,0,1318 29th Ave S,Seattle,USA
5/5/2014 0:00,830000,4,2.5,2,0,0,3,3400,0,12001 173rd Pl NE,Redmond,USA
5/5/2014 0:00,890000,4,4.25,2,0,0,3,3410,1010,842 Summerhill Ridge Dr NW,Issaquah,USA
5/5/2014 0:00,366750,3,3,3,0,0,3,1571,0,14359 19th Ave NE,Seattle,USA
5/5/2014 0:00,415000,3,2.25,2.5,0,0,3,1540,80,935 4th Ave NE,Issaquah,USA
5/5/2014 0:00,416286,3,2.5,3,0,0,3,1408,0,7809 12th Ave NE,Seattle,USA
5/5/2014 0:00,478000,3,2.5,2,0,0,3,3040,0,2027 Ferndale Ave NE,Renton,USA
5/5/2014 0:00,890000,5,3.5,2,0,0,3,3200,1290,792 Summerhill Ridge Dr NW,Issaquah,USA
5/5/2014 0:00,419190,2,2.5,2,0,0,3,1590,0,1273 NE Hickory Ln,Issaquah,USA
5/5/2014 0:00,712198,4,2.5,2,0,0,3,2450,0,17122 NE 117th St,Redmond,USA
5/6/2014 0:00,397000,4,2,1,0,0,3,1200,240,10601 NE 138th Pl,Kirkland,USA
5/6/2014 0:00,450000,2,2,1.5,0,0,3,1100,0,412 NW 70th St,Seattle,USA
5/6/2014 0:00,353000,3,1,1,0,0,4,860,490,11051 35th Ave NE,Seattle,USA
5/6/2014 0:00,609000,4,2.5,2,0,0,3,2150,0,18114 NE 136th St,Redmond,USA
5/6/2014 0:00,234000,3,1.75,1,0,0,4,1010,480,25305 151st Pl SE,Covington,USA
5/6/2014 0:00,561000,3,2,2,0,0,3,2000,0,6422 Marshall Ave SW,Seattle,USA
5/6/2014 0:00,469000,2,1,1,0,0,3,1030,0,310 NW 72nd St,Seattle,USA
5/6/2014 0:00,329350,2,1,1,0,0,3,720,0,9712 4th Ave NW,Seattle,USA
5/6/2014 0:00,488000,5,2,1.5,0,0,4,2020,0,9020-9024 11th Ave NW,Seattle,USA
5/6/2014 0:00,279900,3,1.75,1,0,1,4,1100,480,1629 S 261st Pl,Des Moines,USA
5/6/2014 0:00,606000,4,2.5,2,0,0,3,2110,0,2755 NW Pine Cone Dr,Issaquah,USA
5/6/2014 0:00,312000,4,2,1,0,0,3,1300,0,2815 SW 107th St,Seattle,USA
5/6/2014 0:00,650000,3,1.5,1,0,1,3,1160,470,6009 52nd Ave NE,Seattle,USA
5/6/2014 0:00,1135000,4,2.75,1,0,3,3,1970,1400,3922 SW Henderson St,Seattle,USA
5/6/2014 0:00,325000,4,2.5,1,0,0,3,980,910,5631 17th Ave SW,Seattle,USA
5/6/2014 0:00,425000,4,2,1,0,0,5,1520,0,14876 Juanita Woodinville Way NE,Inglewood-Finn Hill,USA
5/6/2014 0:00,219000,2,1,1,0,0,3,900,0,8652 17th Ave SW,Seattle,USA
5/6/2014 0:00,250000,3,1,1,0,0,3,1050,0,18305 Dayton Ave N,Shoreline,USA
5/6/2014 0:00,390000,3,1.75,1,0,0,4,1260,0,1415 168th Ave NE,Bellevue,USA
5/6/2014 0:00,475000,6,3,1.5,0,0,3,3470,0,19007 80th Ave NE,Kenmore,USA
5/6/2014 0:00,736000,4,2.5,2,0,0,4,2290,0,17435 SE 47th St,Bellevue,USA
5/6/2014 0:00,407000,4,2.25,1,0,1,3,1710,1100,23024-23198 17th Ave S,Des Moines,USA
5/6/2014 0:00,272000,3,2.5,2,0,0,3,1650,0,32000-32072 NE 55th St,Carnation,USA
5/6/2014 0:00,362000,3,2.25,1,0,0,4,1140,500,17253 Ambaum Blvd S,Burien,USA
5/6/2014 0:00,535000,3,2.5,2,0,0,3,1850,0,8409 NE 129th Pl,Kirkland,USA
5/6/2014 0:00,284000,4,2.5,2,0,0,3,2000,0,25434 160th Ave SE,Kent,USA
5/6/2014 0:00,367500,3,1.5,1,0,0,3,1410,0,18048 3rd Ave NW,Shoreline,USA
5/6/2014 0:00,379900,4,1.75,1,0,0,4,1000,500,15007 75th Ave NE,Kenmore,USA
5/6/2014 0:00,520000,3,2.5,2,0,0,4,2460,0,5424 NE 10th St,Renton,USA
5/6/2014 0:00,175000,3,1,1,0,0,3,1010,0,207 NW 5th St,Renton,USA
5/6/2014 0:00,460000,2,2.25,2,0,0,3,1020,210,100 24th Ave E,Seattle,USA
5/6/2014 0:00,345000,4,2.5,2,0,0,3,2331,0,11853 SE 176th Ct,Renton,USA
5/6/2014 0:00,455000,5,2.5,1,0,0,3,1340,900,12633 NE 133rd Pl,Kirkland,USA
5/6/2014 0:00,610000,4,3,1,0,0,5,1580,870,15607 SE 42nd Ct,Bellevue,USA
5/6/2014 0:00,563000,4,3,2,0,0,3,2400,700,7422 NE 163rd St,Kenmore,USA
5/6/2014 0:00,612500,4,2,1,0,0,3,1030,1030,1708 NW 96th St,Seattle,USA
5/6/2014 0:00,218000,3,1.75,1,0,0,3,1320,530,33945 28th Pl SW,Federal Way,USA
5/6/2014 0:00,404000,4,1.75,1,0,0,3,960,880,16020 SE 2nd St,Bellevue,USA
5/6/2014 0:00,860000,4,2,2,0,0,3,3740,0,24507 NE 77th Pl,Redmond,USA
5/6/2014 0:00,136500,3,1.5,1,0,0,3,1420,0,32827 22nd Ave SW,Federal Way,USA
5/6/2014 0:00,313950,3,1,1,0,0,4,860,650,415 NE 94th St,Seattle,USA
5/6/2014 0:00,575000,3,1.75,1,0,2,3,1170,960,2214 W Halladay St,Seattle,USA
5/6/2014 0:00,1225000,4,2.25,2,0,0,4,2280,1210,2560 39th Ave W,Seattle,USA
5/6/2014 0:00,280000,3,1.75,1,0,0,4,1630,0,12525 458th Ave SE,North Bend,USA
5/6/2014 0:00,515000,3,2.5,2,0,0,3,1790,0,920 221st Ave NE,Sammamish,USA
5/6/2014 0:00,513000,4,2.5,2,0,0,3,2000,0,9041 NE 160th Pl,Kenmore,USA
5/6/2014 0:00,599000,4,2.25,2,0,0,4,1400,860,16022 SE 43rd St,Bellevue,USA
5/6/2014 0:00,685000,4,2.5,2,0,0,3,3030,0,24201 SE 1st Pl,Sammamish,USA
5/6/2014 0:00,365000,3,1.5,1,0,0,3,1310,0,13714 Ashworth Ave N,Seattle,USA
5/6/2014 0:00,762300,4,2.5,2,0,0,3,3880,0,22344 NE 31st St,Sammamish,USA
5/6/2014 0:00,1580000,4,3.25,1.5,0,0,5,2400,1360,5650 NE 55th St,Seattle,USA
5/6/2014 0:00,562000,5,2.25,2,0,0,3,3040,0,17649 NE 129th Pl,Redmond,USA
5/6/2014 0:00,530000,5,2.5,1,0,0,4,1690,1220,3250 165th Ave SE,Bellevue,USA
5/6/2014 0:00,525000,3,2.5,1,0,0,3,1770,1200,21603 NE 29th St,Sammamish,USA
5/6/2014 0:00,484000,2,1.75,1,0,0,3,1160,500,4711 University View Pl NE,Seattle,USA
5/6/2014 0:00,725126,4,2.5,2,0,0,3,3200,0,14707 SE 84th St,Newcastle,USA
5/6/2014 0:00,360000,4,2,1,0,0,5,2680,0,31607-31633 44th Ave S,Auburn,USA
5/6/2014 0:00,387000,3,1,1,0,0,5,1230,0,12116 SE 71st Pl,Newcastle,USA
5/6/2014 0:00,483500,4,2.5,2,0,0,3,2740,0,15418 216th Ave NE,Woodinville,USA
5/6/2014 0:00,655500,4,3.5,2,0,0,3,3380,0,1703 NW 200th Ln,Shoreline,USA
5/6/2014 0:00,345000,3,1,1,0,0,3,1110,0,3230 NE 95th St,Seattle,USA
5/6/2014 0:00,533000,5,2.75,1.5,0,0,3,1400,400,7434 Winona Ave N,Seattle,USA
5/6/2014 0:00,385000,3,1.75,1,0,0,3,1280,620,5215 32nd Ave S,Seattle,USA
5/6/2014 0:00,675000,2,1,1,0,2,3,930,0,4206 SE Newport Way,Bellevue,USA
5/6/2014 0:00,197000,3,1.75,1,0,0,4,1060,630,30020 43rd Pl S,Auburn,USA
5/6/2014 0:00,485000,3,2,1.5,0,0,3,1420,0,720 N 80th St,Seattle,USA
5/6/2014 0:00,1870000,5,4,2,0,0,3,4510,0,8300 SE 82nd St,Mercer Island,USA
5/6/2014 0:00,295000,3,2.25,1,0,0,4,1560,420,31966 36th Ave SW,Federal Way,USA
5/6/2014 0:00,499000,2,1.75,1,0,0,4,740,430,2112 N 50th St,Seattle,USA
5/6/2014 0:00,1050000,3,2.5,2,0,0,3,1610,590,2516 Yale Ave E,Seattle,USA
5/6/2014 0:00,191000,3,1.5,1,0,0,4,800,0,1003 SW 307th St,Federal Way,USA
5/6/2014 0:00,500000,3,2.5,3,0,0,3,1480,0,135 25th Ave E,Seattle,USA
5/6/2014 0:00,390000,5,3.75,1,0,0,3,1310,1580,3665 Renton Ave S,Seattle,USA
5/6/2014 0:00,979000,3,2.5,3,0,0,3,2690,0,7000 23rd Ave NW,Seattle,USA
5/6/2014 0:00,580000,4,3.25,2,0,0,3,3569,0,710 S 23rd St,Renton,USA
5/6/2014 0:00,369950,3,2,3,0,0,3,1270,0,8846 Midvale Ave N,Seattle,USA
5/6/2014 0:00,1800000,5,5,2,0,0,3,3930,560,1435 104th Ave SE,Bellevue,USA
5/6/2014 0:00,776000,4,2.5,2,0,0,3,3040,0,16775 NE 86th Ct,Redmond,USA
5/7/2014 0:00,519950,3,2.25,3,0,0,3,1170,0,1749 NW 60th St,Seattle,USA
5/7/2014 0:00,255000,5,2.25,1,0,0,3,1030,1030,105 SW 129th St,Burien,USA
5/7/2014 0:00,495000,3,1,1,0,0,3,990,0,5628 NE 59th St,Seattle,USA
5/7/2014 0:00,510000,4,2.5,2,0,0,3,2430,0,1028 NE 153rd Ct,Shoreline,USA
5/7/2014 0:00,1150000,4,4,2,0,0,3,4460,0,25823 NE 30th Ct,Redmond,USA
5/7/2014 0:00,253000,3,1.75,1,0,0,3,1250,0,25502 Kanasket Dr,Black Diamond,USA
5/7/2014 0:00,503000,3,2.75,1,0,0,5,1210,330,9626 NE 129th Pl,Kirkland,USA
5/7/2014 0:00,275000,3,2.5,2,0,0,4,1600,0,21326 SE 277th Pl,Maple Valley,USA
5/7/2014 0:00,249000,3,1,1,0,0,3,1110,0,14613 6th Ave SW,Burien,USA
5/7/2014 0:00,310000,3,1.75,1,0,0,4,1220,620,19313 140th Pl SE,Renton,USA
5/7/2014 0:00,750000,3,2.75,1,0,0,4,1360,1160,2806 13th Ave W,Seattle,USA
5/7/2014 0:00,630000,3,2.5,2,0,0,3,2680,0,25339 SE 248th St,Ravensdale,USA
5/7/2014 0:00,599999,9,4.5,2.5,0,0,3,2450,1380,8809 Densmore Ave N,Seattle,USA
5/7/2014 0:00,758000,4,2.75,1,0,0,4,1780,630,10627 NE 45th St,Kirkland,USA
5/7/2014 0:00,248500,4,1.75,1,0,0,5,1720,0,16635 SE 268th St,Covington,USA
5/7/2014 0:00,310000,3,1.75,1,0,0,4,1420,650,19654 116th Ave SE,Kent,USA
5/7/2014 0:00,460000,3,2,2,0,0,4,1760,0,5003 159th Ct NE,Redmond,USA
5/7/2014 0:00,675000,3,1.75,1,0,0,4,1680,0,4 128th Ave SE,Bellevue,USA
5/7/2014 0:00,526000,2,2,1.5,0,0,4,1550,0,3845 Whitman Ave N,Seattle,USA
5/7/2014 0:00,560000,3,3,2,0,2,3,3180,940,32223 NE 88th St,Carnation,USA
5/7/2014 0:00,415000,4,3,2,0,0,3,1830,0,15204 88th Ave NE,Bothell,USA
5/7/2014 0:00,246000,3,1,1,0,0,3,1400,0,624 SW 137th St,Burien,USA
5/7/2014 0:00,314500,3,1.75,1,0,0,4,1870,0,29645 10th Pl S,Federal Way,USA
5/7/2014 0:00,3200000,7,4.5,2.5,0,2,5,4760,1450,1230 Warren Ave N,Seattle,USA
5/7/2014 0:00,420000,2,1.5,1.5,0,0,4,1040,0,1713 22nd Ave S,Seattle,USA
5/7/2014 0:00,535000,3,1.75,1.5,0,0,3,2720,0,33331 NE Lake Joy Rd,Carnation,USA
5/7/2014 0:00,350000,3,1,1,0,0,3,1010,0,9703 130th Ave NE,Kirkland,USA
5/7/2014 0:00,515000,3,1.75,1,0,1,4,1210,370,234 W Lake Sammamish Pkwy SE,Bellevue,USA
5/7/2014 0:00,749950,4,2.75,2,0,0,5,1960,640,4140 53rd Ave SW,Seattle,USA
5/7/2014 0:00,230000,3,2.5,2,0,0,3,1920,0,206 Oakesdale Ave SW,Renton,USA
5/7/2014 0:00,568000,3,2,1.5,0,0,3,1780,570,5531 Seward Park Ave S,Seattle,USA
5/7/2014 0:00,250000,1,1,1,0,0,2,820,280,232 SW 154th St,Burien,USA
5/7/2014 0:00,581000,4,2,1,0,0,4,1280,1230,11105 126th Ave NE,Kirkland,USA
5/7/2014 0:00,651000,3,2.5,2,0,0,4,3240,0,18611 SE 307th Ln,Kent,USA
5/7/2014 0:00,600000,3,2.5,1,0,0,4,1860,600,25525 SE 133rd St,Issaquah,USA
5/7/2014 0:00,500000,2,1,1.5,0,0,4,1010,0,331 22nd Ave E,Seattle,USA
5/7/2014 0:00,475000,2,1,1,0,0,3,820,0,4602 Woodlawn Ave N,Seattle,USA
5/7/2014 0:00,352000,5,2.5,1,0,2,3,1620,800,3723 S Chicago St,Seattle,USA
5/7/2014 0:00,420000,3,2.25,2,0,0,3,1770,0,12921 79th Pl NE,Kirkland,USA
5/7/2014 0:00,428000,2,2,1,0,0,3,1350,0,232nd Way,Redmond,USA
5/7/2014 0:00,599000,3,1.75,1,0,0,4,1090,870,6253-6299 15th Ave NE,Seattle,USA
5/7/2014 0:00,492000,4,2.5,1.5,0,0,5,2245,1060,1718 N 175th St,Shoreline,USA
5/7/2014 0:00,630000,2,2.25,1,0,0,3,1720,830,1225 N 41st Pl,Renton,USA
5/7/2014 0:00,900000,5,3.75,2,0,0,3,3170,960,12809-12907 206th Ave NE,Woodinville,USA
5/7/2014 0:00,1110000,4,1.5,1,0,0,3,1890,420,9724 NE 14th St,Clyde Hill,USA
5/7/2014 0:00,575000,4,2,1,0,0,3,1650,0,6708 14th Ave NW,Seattle,USA
5/7/2014 0:00,705000,4,2.5,1.5,0,0,3,1520,1130,1902 45th Ave SW,Seattle,USA
5/7/2014 0:00,940000,4,2.25,1,0,1,3,1470,420,1234 22nd Ave E,Seattle,USA
5/7/2014 0:00,313000,3,1.75,1,0,0,4,2190,0,32631 39th Ave SW,Federal Way,USA
5/7/2014 0:00,618080,3,2.5,2,0,0,3,2030,0,4421-4564 186th Ave SE,Issaquah,USA
5/7/2014 0:00,640000,3,3,2,0,0,3,2130,140,1200 N 27th Pl,Renton,USA
5/7/2014 0:00,485000,3,2,1,0,0,4,1010,600,4313 SW Willow St,Seattle,USA
5/7/2014 0:00,300000,2,1,1,0,0,3,760,0,1761 17th Ave S,Seattle,USA
5/7/2014 0:00,379500,2,1,1,0,0,3,840,800,3301-3389 289th Ave NE,Redmond,USA
5/7/2014 0:00,339950,3,2.25,2,0,0,4,1630,0,19501 135th Ave SE,Renton,USA
5/7/2014 0:00,1500000,6,2.5,2.5,0,0,4,3560,0,903 22nd Ave E,Seattle,USA
5/7/2014 0:00,1340000,3,3,2,0,2,3,2440,520,3529 W Howe St,Seattle,USA
5/7/2014 0:00,500000,3,2.5,1,0,0,4,1940,0,20821 SE 135th St,Issaquah,USA
5/7/2014 0:00,239900,3,2,1,0,0,3,1410,0,11907 SE 261st Pl,Kent,USA
5/7/2014 0:00,314950,3,1,1,0,0,4,1040,0,18227 SE 135th St,Renton,USA
5/7/2014 0:00,361280,2,1,1,0,0,4,820,0,5902 37th Ave SW,Seattle,USA
5/7/2014 0:00,100000,2,1,1,0,0,3,910,0,138 Seattle Blvd S,Algona,USA
5/7/2014 0:00,540000,7,5.75,2,0,1,3,3700,0,15007-15299 37th Ave NE,Lake Forest Park,USA
5/7/2014 0:00,480500,4,2.5,1,0,0,4,2180,0,18911 NE 165th Pl,Woodinville,USA
5/7/2014 0:00,280000,3,2.5,2,0,0,3,1600,0,5146 S 303rd Pl,Auburn,USA
5/7/2014 0:00,440000,3,1.75,1,0,0,4,1060,440,3827 39th Ave S,Seattle,USA
5/7/2014 0:00,530000,3,1,1,0,0,3,1080,260,4703-4707 4th Ave NE,Seattle,USA
5/7/2014 0:00,560000,3,2,1,0,0,3,1860,0,1010 NW Inneswood Dr,Issaquah,USA
5/7/2014 0:00,775000,3,2,1.5,0,3,4,1600,940,517 32nd Ave S,Seattle,USA
5/7/2014 0:00,160000,2,1,1,0,0,5,1040,0,733 1st Ave N,Kent,USA
5/7/2014 0:00,209950,3,1.5,1,0,0,3,1380,0,32016 8th Ave S,Federal Way,USA
5/7/2014 0:00,226500,3,1.75,1,0,0,3,1130,510,27000-27080 201st Ave SE,Covington,USA
5/7/2014 0:00,380000,5,1.75,1,0,0,5,1500,1500,8514 S 124th St,Seattle,USA
5/7/2014 0:00,409500,4,2.75,1,0,0,3,1320,820,19302 65th Pl NE,Kenmore,USA
5/7/2014 0:00,690000,3,2,1,0,0,4,980,780,2145 Condon Way W,Seattle,USA
5/7/2014 0:00,405000,3,2.25,1,0,0,4,1660,0,605 N 178th St,Shoreline,USA
5/7/2014 0:00,375000,3,2.5,2,0,0,3,1830,0,25408 Lake Wilderness Country Club Dr SE,Maple Valley,USA
5/7/2014 0:00,794154,4,2,1,0,1,4,1210,1000,3235 30th Ave W,Seattle,USA
5/7/2014 0:00,185000,4,1,1,0,0,3,1490,0,13248 Occidental Ave S,Burien,USA
5/7/2014 0:00,245000,3,1.5,2,0,0,3,1040,220,11304 Corliss Ave N,Seattle,USA
5/7/2014 0:00,1532500,5,4.5,2,0,0,3,3400,870,11017 101st Pl NE,Kirkland,USA
5/7/2014 0:00,1040000,4,3.5,2,0,0,3,3900,0,10908 101st Pl NE,Kirkland,USA
5/7/2014 0:00,425000,2,2.5,3,0,0,3,1150,0,3631 Greenwood Ave N,Seattle,USA
5/7/2014 0:00,495000,4,2.75,2,0,0,3,2656,0,31898 50th Pl S,Auburn,USA
5/7/2014 0:00,365000,5,2.75,1,0,0,3,1410,1000,7956 46th Ave S,Seattle,USA
5/7/2014 0:00,417250,3,2.25,3,0,0,3,1606,0,12303 Sand Point Way NE,Seattle,USA
5/7/2014 0:00,339950,2,1,3,0,0,3,820,0,513 N 46th St,Seattle,USA
5/8/2014 0:00,615000,2,1,1,0,0,4,820,720,2814 13th Ave W,Seattle,USA
5/8/2014 0:00,403000,3,2.75,2,0,0,3,2090,0,27930 NE 147th Pl,Duvall,USA
5/8/2014 0:00,980000,5,2.5,1,0,0,4,1780,1380,7401 92nd Pl SE,Mercer Island,USA
5/8/2014 0:00,258000,4,1.75,1,0,0,3,1230,500,30633 21st Ave SW,Federal Way,USA
5/8/2014 0:00,533000,3,1,1,0,0,3,1170,500,544 NE 84th St,Seattle,USA
5/8/2014 0:00,537500,4,2.5,2,0,0,3,2550,0,1825 251st Pl SE,Sammamish,USA
5/8/2014 0:00,830000,5,3,1,0,0,5,1970,1070,5200-5298 90th Ave SE,Mercer Island,USA
5/8/2014 0:00,712000,3,1,1.5,0,0,4,1150,100,3612 Interlake Ave N,Seattle,USA
5/8/2014 0:00,262000,4,2.5,2,0,0,3,2020,0,434 Pullman Ave,Algona,USA
5/8/2014 0:00,753888,4,2.5,2,0,2,3,2660,0,1669 28th Ave NE,Issaquah,USA
5/8/2014 0:00,134000,2,1.5,2,0,0,3,980,0,235 Thelma St,Skykomish,USA
5/8/2014 0:00,402000,3,2.5,1,0,0,4,1290,670,12207 NE 139th Pl,Kirkland,USA
5/8/2014 0:00,205000,2,1,1,0,0,3,720,0,8448 Delridge Way SW,Seattle,USA
5/8/2014 0:00,553650,2,2.5,2,0,0,3,1050,310,624 Lake Washington Blvd E,Seattle,USA
5/8/2014 0:00,559950,2,2,1,0,0,3,1870,0,23733 NE Salal Pl,Redmond,USA
5/8/2014 0:00,260000,4,1.5,1,0,0,3,1100,1030,24345 35th Pl S,Kent,USA
5/8/2014 0:00,270000,4,2.5,2,0,0,3,1810,0,14816 SE 278th St,Kent,USA
5/8/2014 0:00,295000,2,1.75,1,0,0,3,1100,1100,27469-27501 SE 154th Pl,Issaquah,USA
5/8/2014 0:00,719000,3,2.5,1.5,0,1,4,1690,0,4022 SW Walker St,Seattle,USA
5/8/2014 0:00,266000,3,2.5,1,0,0,3,1460,480,28123 123rd Pl SE,Kent,USA
5/8/2014 0:00,325900,4,2.5,2,0,0,3,2320,0,15020 SE 281st St,Kent,USA
5/8/2014 0:00,647500,4,1.75,1,0,0,4,1160,900,17622 12th Ave SW,Normandy Park,USA
5/8/2014 0:00,1039000,4,1,2,0,0,5,2190,1220,2509 33rd Ave S,Seattle,USA
5/8/2014 0:00,569000,4,2.25,2,0,0,3,2250,0,7304 217th Pl NE,Redmond,USA
5/8/2014 0:00,246000,3,1.75,1,0,0,4,1390,0,11921 SE 205th St,Kent,USA
5/8/2014 0:00,515000,2,1,1,0,0,3,1060,0,8230 Corliss Ave N,Seattle,USA
5/8/2014 0:00,207000,3,1,1,0,0,4,1490,0,12612 23rd Ave S,Seattle,USA
5/8/2014 0:00,780000,4,1.75,1,0,0,3,1390,1090,3002 109th Ave SE,Bellevue,USA
5/8/2014 0:00,489990,5,2.25,1.5,0,0,4,2440,0,13711 SE 251 Pl,Kent,USA
5/8/2014 0:00,335000,3,1.5,1.5,0,0,2,1480,760,18748 SE 330th St,Auburn,USA
5/8/2014 0:00,295000,3,2.5,2,0,0,3,1920,0,1914 S 375th St,Federal Way,USA
5/8/2014 0:00,385000,3,1.75,1,0,0,3,1230,660,14317 22nd Ave NE,Seattle,USA
5/8/2014 0:00,350000,4,1.75,1,0,0,4,2150,100,468 Scenic Way,Kent,USA
5/8/2014 0:00,235000,2,1,1,0,0,4,650,620,4305 S Webster St,Seattle,USA
5/8/2014 0:00,358000,2,1.5,2,0,0,3,960,0,1816 26th Ave,Seattle,USA
5/8/2014 0:00,716500,4,2.5,2,0,0,3,3290,0,1031 272nd Pl SE,Sammamish,USA
5/8/2014 0:00,228000,4,1.75,1,0,0,3,1100,900,5933 S Eastwood Dr,Seattle,USA
5/8/2014 0:00,405000,2,1,1,0,0,4,1020,0,13221 3rd Ave NW,Seattle,USA
5/8/2014 0:00,538000,4,1.75,1,0,0,3,1220,620,5524 161st Pl NE,Redmond,USA
5/8/2014 0:00,530000,3,1.75,1,0,0,4,1980,0,3220 170th Ave NE,Bellevue,USA
5/8/2014 0:00,1750000,6,3,2.5,0,0,4,3510,0,806 15th Ave E,Seattle,USA
5/8/2014 0:00,636000,2,1.75,1.5,0,0,5,1230,0,2561 3rd Ave W,Seattle,USA
5/8/2014 0:00,535000,4,2.5,2,0,0,3,2280,0,13812 196th Ave NE,Woodinville,USA
5/8/2014 0:00,1500000,3,1.75,1,0,2,4,1340,1090,9842 Vineyard Crest,Bellevue,USA
5/8/2014 0:00,868500,3,2.5,3,0,0,3,2920,0,1012 N 42nd Pl,Renton,USA
5/8/2014 0:00,530000,4,2.75,1.5,0,0,4,1540,740,8013 20th Ave NE,Seattle,USA
5/8/2014 0:00,450000,3,2,1,0,0,3,1510,0,13611 Bear Creek Rd NE,Woodinville,USA
5/8/2014 0:00,230000,3,1.75,1,0,0,3,790,160,1237 S Sullivan St,Seattle,USA
5/8/2014 0:00,229000,3,2.5,2,0,0,3,1190,0,12227 47th Ave S,Tukwila,USA
5/8/2014 0:00,437000,3,1.75,1,0,0,4,1310,0,17128 NE 92nd St,Redmond,USA
5/8/2014 0:00,1307000,5,3.25,1.5,0,0,5,1910,890,365 Halladay St,Seattle,USA
5/8/2014 0:00,595000,3,2.5,2,0,0,4,1750,0,10621 NE 107th Pl,Kirkland,USA
5/8/2014 0:00,660000,3,1.75,1.5,0,0,5,1320,0,2121 46th Ave SW,Seattle,USA
5/8/2014 0:00,347500,4,2.5,2,0,0,3,2460,0,32817 10th Pl SW,Federal Way,USA
5/8/2014 0:00,297950,3,2,1,0,0,3,1240,0,17109 139th Pl SE,Renton,USA
5/8/2014 0:00,245000,3,1.5,1,0,0,4,1260,0,168 S 192nd Pl,Des Moines,USA
5/8/2014 0:00,543200,6,2.25,1.5,0,2,5,1970,850,15451 22nd Ave SW,Burien,USA
5/8/2014 0:00,1250000,4,3.25,2,0,1,4,3310,510,8565 E Mercer Way,Mercer Island,USA
5/8/2014 0:00,413450,3,2.5,3,0,0,3,1470,70,9202A Interlake Ave N,Seattle,USA
5/8/2014 0:00,330000,2,2,1.5,0,0,2,1550,0,36521 SE 94th St,Snoqualmie,USA
5/8/2014 0:00,424500,3,1.75,1,0,0,3,1460,0,15917 NE 109th Way,Redmond,USA
5/8/2014 0:00,230000,3,1,1,0,0,4,1390,0,322 9th Ave N,Algona,USA
5/8/2014 0:00,930000,3,3.25,2,0,0,3,1840,800,4714 Thackeray Pl NE,Seattle,USA
5/8/2014 0:00,349000,3,1.75,1,0,0,3,1590,0,4924 SE 2nd Pl,Renton,USA
5/8/2014 0:00,835000,4,2,1.5,0,0,5,1910,0,744 N 83rd St,Seattle,USA
5/8/2014 0:00,988500,3,2.75,2,1,4,3,2015,0,2973-3563 SW 172nd St,Burien,USA
5/8/2014 0:00,500000,3,1.75,3,0,0,3,1410,0,4010 Linden Ave N,Seattle,USA
5/8/2014 0:00,499000,2,1.5,2,0,0,3,930,180,1417 4th Ave W,Seattle,USA
5/8/2014 0:00,321950,2,1.25,2,0,0,3,860,0,2113 15th Ave S,Seattle,USA
5/8/2014 0:00,494000,3,2.5,2,0,0,3,2310,0,7630 Todd Pl,Kenmore,USA
5/8/2014 0:00,441750,2,1.5,3,0,0,3,1020,0,743 N 71st St,Seattle,USA
5/8/2014 0:00,438000,2,1,2,0,0,3,980,0,2050 14th Ave W,Seattle,USA
5/9/2014 0:00,985000,4,2.25,2,0,0,3,4230,0,19505 NE 143rd St,Woodinville,USA
5/9/2014 0:00,352000,3,2.25,1,0,0,4,1640,0,14513-14521 164th Pl SE,Renton,USA
5/9/2014 0:00,839900,4,3.5,1,0,1,3,2560,1250,2411 Meadow Ave N,Renton,USA
5/9/2014 0:00,765000,4,2.75,2,0,0,3,2790,0,19490 SE 57th Pl,Issaquah,USA
5/9/2014 0:00,460000,4,1.75,1.5,0,0,5,1050,700,7021 24th Ave NW,Seattle,USA
5/9/2014 0:00,224500,4,1,1.5,0,0,4,1430,0,31714 125th Pl SE,Auburn,USA
5/9/2014 0:00,254000,3,2.5,2,0,0,3,1850,0,15407 SE 252nd Pl,Covington,USA
5/9/2014 0:00,255000,2,1,1,0,0,4,960,0,29805-29821 129th Pl SW,Vashon,USA
5/9/2014 0:00,610000,3,3,1,0,0,4,1620,860,19707 NE 181st St,Woodinville,USA
5/9/2014 0:00,920000,4,3,2,0,0,3,3750,0,3005 211th Ave NE,Sammamish,USA
5/9/2014 0:00,402500,4,2.5,2,0,0,3,2600,0,33134 3rd Ct SW,Federal Way,USA
5/9/2014 0:00,280950,3,1.75,1,0,3,4,840,550,629-899 Cedar Ave S,Renton,USA
5/9/2014 0:00,604000,4,2.5,2,0,0,3,2260,0,3809 260th Ave SE,Issaquah,USA
5/9/2014 0:00,565000,4,2.25,2,0,0,3,2470,0,4205 NE 169th Ct,Lake Forest Park,USA
5/9/2014 0:00,255000,2,1,1,0,0,1,810,0,12727 2nd Ave SW,Seattle,USA
5/9/2014 0:00,445000,4,2,1,0,0,5,1000,650,2211 20th Ave S,Seattle,USA
5/9/2014 0:00,2400000,3,2.25,1.5,1,4,3,3000,0,East Lake Sammamish Trail,Sammamish,USA
5/9/2014 0:00,195000,2,1,1,0,0,3,720,0,10614 57th Ave S,Seattle,USA
5/9/2014 0:00,275000,3,1.5,1,0,0,3,1390,0,4609-4699 Preston-Fall City Rd SE,Fall City,USA
5/9/2014 0:00,387000,3,2.25,2,0,0,3,1300,145,206-458 Lingering Pine Dr NW,Issaquah,USA
5/9/2014 0:00,490000,2,1,1.5,0,0,4,1130,710,6255 4th Ave NW,Seattle,USA
5/9/2014 0:00,505000,3,2.5,2,0,2,3,2100,0,7418 Dogwood Ln SE,Snoqualmie,USA
5/9/2014 0:00,303500,3,1.5,1,0,0,4,1060,0,14320 84th Ave NE,Kirkland,USA
5/9/2014 0:00,270000,3,1.5,1,0,0,5,1500,0,13532 15th Pl NE,Seattle,USA
5/9/2014 0:00,323000,4,2.75,1,0,0,3,1170,800,17814 161st Ave SE,Renton,USA
5/9/2014 0:00,382000,3,3.25,3,0,0,3,1410,0,9507 Ashworth Ave N,Seattle,USA
5/9/2014 0:00,1370000,4,2.75,1,0,4,5,1960,1760,13615 Somerset Ln SE,Bellevue,USA
5/9/2014 0:00,280000,4,2,1,0,0,4,1180,1010,3331 S 368th Pl,Auburn,USA
5/9/2014 0:00,260000,3,2,1,0,0,4,1510,410,32704 33rd Ave SW,Federal Way,USA
5/9/2014 0:00,201500,3,1,1,0,0,4,1160,0,24345 35th Pl S,Kent,USA
5/9/2014 0:00,1157200,4,4.25,2,0,0,4,4910,950,13905 184th Ave NE,Woodinville,USA
5/9/2014 0:00,536500,4,1.75,1.5,0,0,5,1450,550,4127 Fauntleroy Way SW,Seattle,USA
5/9/2014 0:00,248000,4,3,2,0,0,3,2163,0,429 Milwaukee Blvd S,Algona,USA
5/9/2014 0:00,532000,5,3,1,0,0,4,2340,1140,23801 SE 162nd St,Issaquah,USA
5/9/2014 0:00,580000,4,2.5,2,0,0,3,2840,0,15217 80th Ave NE,Kenmore,USA
5/9/2014 0:00,463000,2,1,1,0,0,4,1150,0,401 31st Ave E,Seattle,USA
5/9/2014 0:00,742500,4,2.75,2,0,0,3,2000,1100,1614 32nd Ave,Seattle,USA
5/9/2014 0:00,260000,3,2.5,1,0,0,4,1020,400,3319 S 262nd St,Kent,USA
5/9/2014 0:00,590000,4,2.25,1,0,0,3,2430,0,18616 215th Way NE,Woodinville,USA
5/9/2014 0:00,312000,4,2.25,1,0,0,3,1430,500,21423 114th Pl SE,Kent,USA
5/9/2014 0:00,566000,3,2.25,1,0,0,4,1370,290,9828 159th Pl NE,Redmond,USA
5/9/2014 0:00,511555,3,2,1,0,0,4,1400,0,2655 166th Ave SE,Bellevue,USA
5/9/2014 0:00,583000,4,2.5,2,0,0,3,2660,0,9921 227th Way NE,Redmond,USA
5/9/2014 0:00,290000,4,2.5,1,0,0,4,1200,800,3026 S Star Lake Rd,Auburn,USA
5/9/2014 0:00,311100,4,2.25,1,0,0,4,1380,750,3502 Morris Ave S,Renton,USA
5/9/2014 0:00,325000,3,2.25,3,0,0,3,1352,0,1211 NE 135th St,Seattle,USA
5/9/2014 0:00,491300,3,1.75,1,0,1,4,1300,450,400-498 211th Pl NE,Sammamish,USA
5/9/2014 0:00,315000,5,1.75,1,0,0,4,1160,1160,439 SW 156th St,Burien,USA
5/9/2014 0:00,360000,2,1,1,0,0,3,1180,240,18730-18798 109 Ln SE,Renton,USA
5/9/2014 0:00,330000,4,2.5,2,0,0,3,1940,0,16828 166th Pl SE,Renton,USA
5/9/2014 0:00,481450,3,2,1,0,0,3,1410,0,7701 16th Ave NW,Seattle,USA
5/9/2014 0:00,234950,3,1,1,0,0,3,1360,0,21612 SE 290th Ct,Black Diamond,USA
5/9/2014 0:00,251000,3,1.75,1,0,0,3,1220,0,445 Meadow Dr SE,North Bend,USA
5/9/2014 0:00,782000,4,2.5,2,0,0,3,1980,850,11110 NE 38th Pl,Bellevue,USA
5/9/2014 0:00,833000,4,2.75,2,0,0,3,3780,0,26621 SE 22nd Way,Sammamish,USA
5/9/2014 0:00,542500,4,2.5,2,0,0,4,2330,0,2084-2104 144th Ave SE,Bellevue,USA
5/9/2014 0:00,851000,3,2.5,2,0,0,3,3560,0,21630-21648 NE 67th St,Redmond,USA
5/9/2014 0:00,325000,4,1.5,1,0,0,3,1470,0,29606 SE 286 St,Ravensdale,USA
5/9/2014 0:00,415000,4,2.25,2,0,0,3,3060,0,31701-31799 SE 291st St,Ravensdale,USA
5/9/2014 0:00,252500,3,1,1,0,0,3,880,150,819 NE 125th St,Seattle,USA
5/9/2014 0:00,465000,4,2.5,1,0,0,4,1930,0,29612 2nd Ave SW,Federal Way,USA
5/9/2014 0:00,336900,3,1.75,1,0,0,4,1780,0,33030 NE 201st St,Duvall,USA
5/9/2014 0:00,225000,3,2.5,2,0,0,4,2000,0,21227 SE 278th Way,Maple Valley,USA
5/9/2014 0:00,270000,3,2,1,0,0,4,1690,0,108-150 Union Ave SE,Renton,USA
5/9/2014 0:00,1702500,5,4.5,2,0,2,3,3390,1800,8608 N Mercer Way,Mercer Island,USA
5/9/2014 0:00,536000,3,1.75,1.5,0,0,3,1300,0,9610 8th Ave NE,Seattle,USA
5/9/2014 0:00,585000,4,3.25,2,0,0,4,2400,0,15610 NE 159th St,Woodinville,USA
5/9/2014 0:00,445000,2,2,1,0,0,3,860,290,1721 NE 98th St,Seattle,USA
5/9/2014 0:00,320000,4,2.25,2,0,0,3,2310,0,11131 SE 183rd Pl,Renton,USA
5/9/2014 0:00,769900,4,3.5,2,0,0,3,2400,330,2653 46th Ave SW,Seattle,USA
5/9/2014 0:00,557000,4,2.5,2,0,0,3,2840,0,19226 76th Pl NE,Kenmore,USA
5/9/2014 0:00,212000,2,1.5,2,0,0,3,1020,0,10312 Linden Ave N,Seattle,USA
5/9/2014 0:00,376000,3,2,3,0,0,3,1340,0,9245-9249 Fremont Ave N,Seattle,USA
5/9/2014 0:00,800000,4,3.25,2,0,0,3,3540,0,33001 NE 24th St,Carnation,USA
5/9/2014 0:00,2238888,5,6.5,2,0,0,3,6420,850,7070 270th Pl SE,Issaquah,USA
5/9/2014 0:00,324000,3,2.25,2,0,0,3,798,200,820 NW 95th St,Seattle,USA
5/10/2014 0:00,549900,5,2.75,1,0,0,5,1600,1460,10834 31st Ave SW,Seattle,USA
5/10/2014 0:00,320000,3,2.5,2,0,0,3,2130,0,Cedar to Green River Trail,Maple Valley,USA
5/10/2014 0:00,875000,4,2,1,0,0,3,1400,1120,6521 Fremont Ave N,Seattle,USA
5/10/2014 0:00,265000,4,1,1,0,0,3,1080,860,9908 S 210th Pl,Kent,USA
5/10/2014 0:00,394950,3,2.5,3,0,0,3,1270,80,5940 California Ave SW,Seattle,USA
5/11/2014 0:00,842500,4,2.5,2.5,0,0,4,2160,0,906 17th Ave,Seattle,USA
5/11/2014 0:00,368000,3,2.5,2,0,0,3,1010,360,5411 Fauntleroy Way SW,Seattle,USA
5/12/2014 0:00,1225000,4,4.5,1,0,0,3,3890,1530,25005 NE Patterson Way,Redmond,USA
5/12/2014 0:00,885000,4,2.5,2,0,0,3,2830,0,3503 NE 43rd St,Seattle,USA
5/12/2014 0:00,453246,3,2.5,2,0,0,3,1390,620,2500 Mulberry Walk NE,Issaquah,USA
5/12/2014 0:00,927000,4,2.75,2,0,0,3,3300,0,9155 NE 21st Pl,Clyde Hill,USA
5/12/2014 0:00,490000,2,2.5,2,0,0,3,870,360,106 24th Ave E,Seattle,USA
5/12/2014 0:00,341000,3,1.5,1.5,0,0,4,1720,0,17050 14th Avenue Northeast,Shoreline,USA
5/12/2014 0:00,235000,1,1,1,0,0,5,810,0,9413 34th Ave SW,Seattle,USA
5/12/2014 0:00,1200000,3,1.75,1.5,1,4,4,1560,0,3603 W Mercer Way,Mercer Island,USA
5/12/2014 0:00,560000,3,2,1,0,0,3,2560,0,19211 SE 342nd St,Auburn,USA
5/12/2014 0:00,900000,4,3.25,2,0,0,3,3420,1280,3709 131st Ave NE,Bellevue,USA
5/12/2014 0:00,255000,2,1,1,0,0,3,770,450,3017 SW Hinds St,Seattle,USA
5/12/2014 0:00,1575000,5,2.75,1,0,0,4,2360,1290,1216 86th Ave NE,Bellevue,USA
5/12/2014 0:00,876650,3,3.25,1.5,0,0,5,1650,520,4436-4446 W Mercer Way,Mercer Island,USA
5/12/2014 0:00,540000,4,2.25,1,0,0,3,1450,1090,31907 NE 139th St,Duvall,USA
5/12/2014 0:00,350000,2,1,1.5,0,0,4,910,0,4430 Letitia Ave S,Seattle,USA
5/12/2014 0:00,750000,4,2.5,2,0,0,3,2890,90,16512 SE 64th Pl,Bellevue,USA
5/12/2014 0:00,582000,4,1.75,1,0,1,3,1190,930,9214 Cyrus Ave NW,Seattle,USA
5/12/2014 0:00,1315000,4,3.5,2,0,0,3,2560,900,2346 N 59th St,Seattle,USA
5/12/2014 0:00,372500,5,3,1,0,0,3,1300,1180,5537 S 119th St,Seattle,USA
5/12/2014 0:00,410000,3,2.25,2,0,0,3,2200,0,21709 SE 255th Pl,Maple Valley,USA
5/12/2014 0:00,360000,4,2,1,0,0,5,1010,720,7953 14th Ave SW,Seattle,USA
5/12/2014 0:00,1015000,3,2.5,1,0,4,4,1800,1120,5220 SW Pritchard St,Seattle,USA
5/12/2014 0:00,225000,3,1,1,0,0,4,990,0,16411 120th Ave SE,Renton,USA
5/12/2014 0:00,647000,4,2.5,2,0,0,3,3040,0,215 243rd Ave SE,Sammamish,USA
5/12/2014 0:00,950000,5,3,1.5,0,0,4,3200,1330,20325 NE 198th St,Woodinville,USA
5/12/2014 0:00,185000,3,1.5,1,0,0,4,1370,0,2420 Dogwood St SE,Auburn,USA
5/12/2014 0:00,335000,3,2.5,2,0,0,3,1940,0,17217 Woodside Dr SE,Renton,USA
5/12/2014 0:00,210000,3,2.5,2,0,0,3,720,320,5145 S Roxbury St,Seattle,USA
5/12/2014 0:00,522000,4,2.25,1,0,0,4,1360,440,11725 NE 102nd Pl,Kirkland,USA
5/12/2014 0:00,770000,3,1.75,1,0,0,3,1720,0,1614 33rd Ave,Seattle,USA
5/12/2014 0:00,499950,3,1,1,0,0,3,760,220,1733 NE 88th St,Seattle,USA
5/12/2014 0:00,751000,4,2.5,2,0,0,3,3110,0,11461-11577 172nd Ave NE,Redmond,USA
5/12/2014 0:00,330000,5,3,1,0,0,3,1250,850,1047-1099 S 130th St,Burien,USA
5/12/2014 0:00,465000,3,1.5,1,0,0,4,1190,830,11618 NE 65th St,Kirkland,USA
5/12/2014 0:00,850000,4,1.75,1,0,0,4,2350,0,8223 SE 71st St,Mercer Island,USA
5/12/2014 0:00,947500,4,2.25,1.5,0,0,4,3290,0,9202 SE 46th St,Mercer Island,USA
5/12/2014 0:00,302000,5,2.25,2,0,0,3,2180,0,26405 218th Ave SE,Maple Valley,USA
5/12/2014 0:00,500000,2,2.25,3,0,0,3,1290,0,5900 20th Ave NW,Seattle,USA
5/12/2014 0:00,201000,3,1,1,0,0,4,1460,0,30928 148th Ave SE,Kent,USA
5/12/2014 0:00,265000,2,1,2,0,0,3,1290,0,23549 NE 111th St,Redmond,USA
5/12/2014 0:00,870300,4,2.5,1.5,0,0,4,1690,660,4410 Burke Ave N,Seattle,USA
5/12/2014 0:00,339000,3,1,1,0,0,4,1080,0,20248 20th Ave NE,Shoreline,USA
5/12/2014 0:00,690000,4,2.5,2,0,0,4,2670,0,24127 SE 45th Pl,Issaquah,USA
5/12/2014 0:00,788000,4,3.25,2,0,0,3,2840,840,570 Wilderness Peak Dr NW,Issaquah,USA
5/12/2014 0:00,315275,3,1.75,1,0,0,3,960,480,11521 22nd Ave NE,Seattle,USA
5/12/2014 0:00,505000,4,1.75,1,0,0,5,1030,910,414 14th Ave,Seattle,USA
5/12/2014 0:00,368000,3,1,1,0,0,3,1280,0,13222 NE 193rd Pl,Woodinville,USA
5/12/2014 0:00,947500,3,2.75,1.5,1,2,5,2180,800,Indian Trail,Burien,USA
5/12/2014 0:00,156000,3,1,1,0,0,3,970,0,29621 18th Ave S,Federal Way,USA
5/12/2014 0:00,610000,4,3,1.5,0,2,4,1640,470,9319 45th Ave SW,Seattle,USA
5/12/2014 0:00,420000,2,2.5,3,0,0,3,1480,0,8107 165th Ave NE,Redmond,USA
5/12/2014 0:00,192000,2,1,1,0,0,3,700,0,124 SW 185th St,Normandy Park,USA
5/12/2014 0:00,910000,3,2,1,0,0,4,1350,1350,124 NE 61st St,Seattle,USA
5/12/2014 0:00,1300000,4,3.25,2,0,3,3,2330,0,731 McGilvra Blvd E,Seattle,USA
5/12/2014 0:00,1346400,5,1.75,1,0,0,4,1690,1690,9640 NE 32nd St,Clyde Hill,USA
5/12/2014 0:00,840000,4,2.75,1.5,0,0,3,1620,980,2455 Queen Anne Ave N,Seattle,USA
5/12/2014 0:00,300000,2,1.75,1,0,0,3,860,500,13730 2nd Ave NW,Seattle,USA
5/12/2014 0:00,505000,4,2.5,1,0,0,3,1590,1190,9311 NE 142nd St,Kirkland,USA
5/12/2014 0:00,110000,3,1,1,0,0,5,1250,0,19693-19799 SE Maple Valley Hwy,Maple Valley,USA
5/12/2014 0:00,746000,3,2.5,2,0,0,3,2620,0,16580 SE 57th Pl,Bellevue,USA
5/12/2014 0:00,211000,3,1.5,1,0,0,5,1350,0,16251 12th Ave SW,Burien,USA
5/12/2014 0:00,675000,4,3,1,0,0,4,1200,1200,618 NW 49th St,Seattle,USA
5/12/2014 0:00,734200,4,2.5,1.5,0,0,5,1680,1080,950 NW 60th St,Seattle,USA
5/12/2014 0:00,1225000,4,2.25,1,0,3,3,1870,1200,8434 W Mercer Way,Mercer Island,USA
5/12/2014 0:00,615000,2,1.75,1.5,1,3,4,2040,0,23014 Vashon Hwy SW,Vashon,USA
5/12/2014 0:00,630000,4,2,2,0,0,5,1770,0,3219 34th Ave W,Seattle,USA
5/12/2014 0:00,1264000,4,3.75,2,0,0,3,3490,0,10442 SE 13th St,Bellevue,USA
5/12/2014 0:00,301500,2,1.5,2,0,0,3,830,0,5650 Fauntleroy Way SW,Seattle,USA
5/12/2014 0:00,369000,2,2.5,2,0,0,3,670,310,1716 California Ave SW,Seattle,USA
5/12/2014 0:00,635000,3,2.5,3,0,0,3,1570,0,7815 Stroud Ave N,Seattle,USA
5/12/2014 0:00,1033888,4,3.25,2,0,0,3,3110,160,10774 155th Pl NE,Redmond,USA
5/12/2014 0:00,383000,4,2.5,2,0,0,3,2160,0,22442-22446 Southeast 281st Court,Maple Valley,USA
5/12/2014 0:00,1050000,4,3.75,2,0,0,3,2320,960,1313 4th St,Kirkland,USA
5/13/2014 0:00,455000,4,2.5,2,0,0,3,3360,0,18416 172nd Ct SE,Renton,USA
5/13/2014 0:00,819900,5,2.75,2,0,0,3,3150,0,8082-8160 142nd Ave NE,Redmond,USA
5/13/2014 0:00,625000,3,3.5,2,0,0,4,1440,370,512-598 21st Ave,Seattle,USA
5/13/2014 0:00,651000,4,2.5,2,0,0,3,2740,0,2476 239th Pl NE,Sammamish,USA
5/13/2014 0:00,480000,5,4.75,1,0,0,3,2130,1700,18125 194th Ave NE,Woodinville,USA
5/13/2014 0:00,757000,3,3.25,2,0,0,3,3190,0,2065 NE Nelson Ln,Issaquah,USA
5/13/2014 0:00,460000,3,2.25,1,0,0,3,1390,960,15801 63rd Ave NE,Kenmore,USA
5/13/2014 0:00,267345,4,2.25,1,0,0,4,1610,900,2831 SW 327th St,Federal Way,USA
5/13/2014 0:00,530000,2,2,1,0,0,3,1680,0,23726 NE 134th Pl,Redmond,USA
5/13/2014 0:00,449500,3,2,1,0,0,4,960,810,19293 Stone Ave N,Shoreline,USA
5/13/2014 0:00,289000,3,1,1,0,0,5,1090,0,4018 NE 6th Ct,Renton,USA
5/13/2014 0:00,373000,5,2.5,2,0,0,3,3001,0,25523 123rd Pl SE,Kent,USA
5/13/2014 0:00,525000,5,3,2,0,0,3,2450,0,7349 24th Ave NW,Seattle,USA
5/13/2014 0:00,777000,3,3.25,2,0,0,3,2440,1170,18913 SE 63rd Pl,Issaquah,USA
5/13/2014 0:00,550000,4,2,1,0,0,5,1200,1050,2448 137th Ave SE,Bellevue,USA
5/13/2014 0:00,523000,3,1.5,1,0,0,4,1240,0,1020 163rd Ave SE,Bellevue,USA
5/13/2014 0:00,628000,4,2,1,0,0,3,1430,830,8028 27th Ave NE,Seattle,USA
5/13/2014 0:00,581000,4,1.75,1,0,0,4,1070,1020,7408 138th Pl NE,Redmond,USA
5/13/2014 0:00,245000,5,1.75,1,0,0,3,1220,800,10412 Aqua Way S,Seattle,USA
5/13/2014 0:00,415000,3,1.75,1,0,0,5,980,980,4958 12th Ave S,Seattle,USA
5/13/2014 0:00,1895000,5,2.25,2,0,0,4,3120,0,9045 NE 40th Pl,Yarrow Point,USA
5/13/2014 0:00,225000,3,1.5,1,0,0,3,1250,0,1405 E Maple St,Kent,USA
5/13/2014 0:00,287000,3,2.25,1,0,0,4,1170,320,27020 NE Ring St,Duvall,USA
5/13/2014 0:00,799200,6,3,2.5,0,0,3,2290,600,420 Boylston Ave E,Seattle,USA
5/13/2014 0:00,239950,3,1,1.5,0,0,4,1900,0,36400-36452 51st Ave S,Auburn,USA
5/13/2014 0:00,591000,3,1.75,1,0,0,5,870,810,1600-1608 25th Ave,Seattle,USA
5/13/2014 0:00,700000,3,2.5,2,0,0,4,2030,0,18307 NE 19th Pl,Bellevue,USA
5/13/2014 0:00,475000,4,2.5,1,0,0,3,2260,1480,16700 SE 161st St,Renton,USA
5/13/2014 0:00,575000,3,1.75,1,0,0,4,1180,400,5461 S Othello St,Seattle,USA
5/13/2014 0:00,771000,3,2.25,1.5,0,0,4,1390,390,171 Lake Washington Blvd,Seattle,USA
5/13/2014 0:00,155000,2,1,1,0,0,3,910,0,4812 S Chicago St,Seattle,USA
5/13/2014 0:00,550000,7,4,2,0,0,3,3440,0,718 N 95th St,Seattle,USA
5/13/2014 0:00,645000,3,2.5,2,0,0,4,1740,0,1673 Rosemont Blvd,Bellevue,USA
5/13/2014 0:00,464000,5,2.5,1,0,0,4,1700,1700,14700 Burke Ave N,Shoreline,USA
5/13/2014 0:00,1050000,4,3.25,2,0,0,3,4400,0,27747 SE 24th Way,Sammamish,USA
5/13/2014 0:00,350000,3,2.5,2,0,0,3,2010,0,10711 SW 111th Pl,Vashon,USA
5/13/2014 0:00,591000,4,2.25,2,0,0,4,2710,0,19615 182nd Ave NE,Woodinville,USA
5/13/2014 0:00,2555000,4,2.5,2,1,2,2,4570,730,4437 55th Ave NE,Seattle,USA
5/13/2014 0:00,717000,3,1.5,1,0,0,3,1090,220,7325 Earl Ave NW,Seattle,USA
5/13/2014 0:00,225000,4,1.5,1.5,0,0,3,1950,0,4030-4198 S 186th St,SeaTac,USA
5/13/2014 0:00,225000,3,1,1,0,0,3,1040,0,12446 21st Ave S,Seattle,USA
5/13/2014 0:00,345000,3,1.75,1,0,0,3,1090,0,12033 NE 136th Pl,Kirkland,USA
5/13/2014 0:00,230000,2,0.75,1,0,0,4,650,0,13540 Burke Ave N,Seattle,USA
5/13/2014 0:00,385000,3,2,1,0,2,3,740,740,4115 SW 106th St,Seattle,USA
5/13/2014 0:00,90000,2,1,1,0,0,3,790,0,14710 122nd Pl NE,Kirkland,USA
5/13/2014 0:00,860000,4,2.5,1,0,2,3,2290,1270,3883 112th Ave NE,Bellevue,USA
5/13/2014 0:00,675000,4,2.5,2,0,0,3,3000,0,11409 SE 71st Pl,Newcastle,USA
5/13/2014 0:00,975000,4,2.5,2,0,3,3,3490,0,4902 159th Pl SE,Bellevue,USA
5/13/2014 0:00,780000,3,1.75,1,0,0,4,2340,0,8421 SE 72nd Pl,Mercer Island,USA
5/13/2014 0:00,370000,3,1.75,1,0,0,5,1060,590,18015 25th Ave NE,Shoreline,USA
5/13/2014 0:00,665000,3,2,1.5,0,0,5,1150,790,324 NW 48th St,Seattle,USA
5/13/2014 0:00,675000,5,3,1,0,0,4,1870,1540,2830 177th Ave NE,Redmond,USA
5/13/2014 0:00,620000,3,1,1.5,0,0,3,1710,0,6101-6149 Corliss Ave N,Seattle,USA
5/13/2014 0:00,1105000,4,1.5,2,0,0,5,1930,810,1707-1713 3rd Ave N,Seattle,USA
5/13/2014 0:00,450000,3,2.75,2,0,0,3,1040,210,2301 California Ave SW,Seattle,USA
5/13/2014 0:00,450000,3,2.25,1,0,0,4,2450,0,17081-17183 SE Wax Rd,Covington,USA
5/13/2014 0:00,530000,3,1.75,1,0,0,4,1690,0,2711 126th Ave SE,Bellevue,USA
5/13/2014 0:00,635000,4,1.75,1,0,0,4,1370,580,15018 NE 10th Pl,Bellevue,USA
5/13/2014 0:00,580000,5,2,1,0,0,3,1190,1100,16541 NE 27th Pl,Bellevue,USA
5/13/2014 0:00,1550000,5,3.25,1,0,2,5,2000,1370,8126-8196 Forest Ave SE,Mercer Island,USA
5/13/2014 0:00,285000,3,1,1,0,0,4,1090,0,16014 16th Ave SW,Burien,USA
5/13/2014 0:00,375000,3,1,1,0,0,4,1190,0,217 SW 191st St,Normandy Park,USA
5/13/2014 0:00,1400000,5,4.25,2,0,0,3,3530,0,2278 72nd Ave SE,Mercer Island,USA
5/13/2014 0:00,560000,3,1,2,0,0,3,1440,0,6206 Phinney Ave N,Seattle,USA
5/13/2014 0:00,405000,4,1.75,1,0,0,3,1090,1090,16722 32nd Pl NE,Lake Forest Park,USA
5/13/2014 0:00,413000,4,1,1,0,0,3,810,600,4118 32nd Ave SW,Seattle,USA
5/13/2014 0:00,287600,3,2.5,2,0,0,3,1950,0,4222 S 288th Pl,Auburn,USA
5/13/2014 0:00,1680000,5,3.25,2,0,2,4,3820,1040,9250 SE 36th Pl,Mercer Island,USA
5/13/2014 0:00,225000,3,1,1,0,0,3,1100,560,29140 42nd Ave S,Auburn,USA
5/13/2014 0:00,319000,3,1,1,0,0,4,1390,0,15846 196th Pl NE,Woodinville,USA
5/13/2014 0:00,322500,3,2,1,0,0,3,1350,0,14405 274th Ct NE,Duvall,USA
5/13/2014 0:00,570000,3,2,1,0,0,4,1530,0,7741 22nd Ave NE,Seattle,USA
5/13/2014 0:00,465000,3,1.5,1,0,0,3,1270,0,3616 NE 65th St,Seattle,USA
5/13/2014 0:00,435000,4,2.25,2,0,0,3,2140,0,7125 Silent Creek Ave SE,Snoqualmie,USA
5/13/2014 0:00,502000,4,2.5,2,0,0,3,2040,0,7617 NE 201st Pl,Kenmore,USA
5/13/2014 0:00,525000,3,3.5,2,0,0,3,2360,516,12467 NE 171st Pl,Woodinville,USA
5/13/2014 0:00,525000,3,2.5,2,0,0,3,1010,570,213 26th Ave E,Seattle,USA
5/13/2014 0:00,660000,4,3.5,2,0,0,3,3400,0,9314 Ash Ave SE,Snoqualmie,USA
5/13/2014 0:00,870000,4,2.5,2.5,0,0,3,2650,870,7921 45th Ave SW,Seattle,USA
5/13/2014 0:00,650000,4,2.5,2,0,0,3,2210,0,615 NW 92nd St,Seattle,USA
5/13/2014 0:00,505000,4,2.5,2,0,0,3,2790,0,5138 NE 8th St,Renton,USA
5/13/2014 0:00,330000,3,2.5,1,0,0,3,840,610,6544 18th Ave SW,Seattle,USA
5/14/2014 0:00,385000,4,1.75,1,0,0,4,860,760,10037 Interlake Ave N,Seattle,USA
5/14/2014 0:00,306000,3,1.5,3,0,0,3,1220,0,353 N 105th St,Seattle,USA
5/14/2014 0:00,546000,3,1.75,1,0,0,4,1110,890,7730 33rd Ave NW,Seattle,USA
5/14/2014 0:00,925000,4,2.5,2.5,0,0,5,2190,0,3446 77th Ave SE,Mercer Island,USA
5/14/2014 0:00,542000,4,1.75,1,0,0,4,950,950,3810 145th Ave SE,Bellevue,USA
5/14/2014 0:00,800000,3,1,1.5,0,0,4,1700,0,1109 32nd Ave,Seattle,USA
5/14/2014 0:00,620000,5,2.5,2,0,0,5,1760,780,7558 32nd Ave NW,Seattle,USA
5/14/2014 0:00,175000,2,1,1,0,2,3,1170,0,921 S 223rd St,Des Moines,USA
5/14/2014 0:00,740000,5,5,1,0,2,3,4490,1284,28511 10th Ave S,Federal Way,USA
5/14/2014 0:00,345000,3,2.25,2,0,0,3,2120,0,14319 165th Pl SE,Renton,USA
5/14/2014 0:00,510000,3,1.75,1,0,0,3,1450,720,721 222nd Pl NE,Sammamish,USA
5/14/2014 0:00,530000,4,2.75,1,0,0,5,2450,0,404 SW 197th St,Normandy Park,USA
5/14/2014 0:00,155000,2,1,1,0,0,5,700,0,475-547 Monroe Ave NE,Renton,USA
5/14/2014 0:00,266000,3,2.5,1,0,0,4,1400,380,26205 119th Dr SE,Kent,USA
5/14/2014 0:00,257200,3,2,1,0,0,4,1150,700,200 Pike St SE,Auburn,USA
5/14/2014 0:00,265000,3,2,1,0,0,3,1570,0,11549 SE 319th Pl,Auburn,USA
5/14/2014 0:00,372220,3,1,1,0,0,3,980,310,4607 SW Cloverdale St,Seattle,USA
5/14/2014 0:00,337500,5,2,1,0,0,3,1000,700,6000-6048 22nd Ave S,Seattle,USA
5/14/2014 0:00,582500,2,1.5,1,0,0,3,1159,0,4254 33rd Ave W,Seattle,USA
5/14/2014 0:00,489200,3,2.75,1.5,0,0,5,1850,0,8622 NE 139th St,Kirkland,USA
5/14/2014 0:00,405100,2,1,1,0,0,3,840,0,2901 W Elmore St,Seattle,USA
5/14/2014 0:00,372977,3,2.5,2,0,0,3,1150,540,2500 Mulberry Walk NE,Issaquah,USA
5/14/2014 0:00,310000,3,1,1,0,0,3,1050,0,18527 Kenlake Pl NE,Kenmore,USA
5/14/2014 0:00,538000,3,1.75,1.5,0,0,4,1100,300,6917 28th Ave NW,Seattle,USA
5/14/2014 0:00,1400000,3,2.5,2,0,2,3,2550,0,316 Lake Washington Blvd S,Seattle,USA
5/14/2014 0:00,317000,3,2.5,2,0,0,3,1840,0,21560 SE 275th Ct,Maple Valley,USA
5/14/2014 0:00,702500,3,1.5,2,0,0,5,1930,430,2145 N 88th St,Seattle,USA
5/14/2014 0:00,565000,4,2.5,2,0,0,4,2240,0,13547 SE 83rd St,Newcastle,USA
5/14/2014 0:00,723000,4,2.5,2,0,0,3,2700,0,2363 30th Ave NE,Issaquah,USA
5/14/2014 0:00,766950,3,2.5,1.5,0,0,4,3030,0,15905 Saybrook Dr NE,Woodinville,USA
5/14/2014 0:00,682000,3,1.75,1.5,0,2,5,1830,0,322 16th Ave,Seattle,USA
5/14/2014 0:00,325000,3,2.5,2,0,0,4,2220,0,11909 SE 228th Pl,Kent,USA
5/14/2014 0:00,543000,3,2.5,1,0,0,3,1360,730,14836 Densmore Ave N,Shoreline,USA
5/14/2014 0:00,525000,3,1.75,1.5,0,0,3,1600,0,7557 35th Ave NE,Seattle,USA
5/14/2014 0:00,364000,4,1.75,1,0,0,4,1340,670,16501-16515 Carlyle Hall Rd N,Shoreline,USA
5/14/2014 0:00,394475,2,1,1,0,0,3,830,0,8715 17th Ave NW,Seattle,USA
5/14/2014 0:00,316000,4,2.5,2,0,0,3,2010,0,1522 55th Ct SE,Auburn,USA
5/14/2014 0:00,339950,3,1,1.5,0,0,4,1050,0,1807 17th Ave S,Seattle,USA
5/14/2014 0:00,486000,4,2.5,1,0,0,3,1420,730,5242 336th Ave SE,Fall City,USA
5/14/2014 0:00,160000,3,1,1,0,0,4,860,0,27204 116th Pl SE,Kent,USA
5/14/2014 0:00,930000,3,2.5,1,0,0,3,3100,0,1456 NW 185th St,Shoreline,USA
5/14/2014 0:00,139000,3,1,1,0,0,3,1100,0,33610 51st Ave S,Auburn,USA
5/14/2014 0:00,562000,3,1.5,1,0,0,4,1830,0,920 163rd Ave SE,Bellevue,USA
5/14/2014 0:00,299000,2,1.75,1,0,0,4,1250,0,1400 S 359th St,Federal Way,USA
5/14/2014 0:00,511000,3,2.5,2,0,0,3,1820,0,14800-14822 88th Ave NE,Kenmore,USA
5/14/2014 0:00,499000,3,2,1.5,0,0,3,2090,0,30004 SE Lake Retreat S Dr,Ravensdale,USA
5/14/2014 0:00,356000,3,3.5,2,0,0,3,2100,0,14937 57th Ave S,Tukwila,USA
5/14/2014 0:00,470000,4,2.5,2,0,0,3,2310,0,14923 280th Pl NE,Duvall,USA
5/14/2014 0:00,715000,4,2.25,1,0,0,5,1360,700,3305 39th Ave W,Seattle,USA
5/14/2014 0:00,1120000,4,2.25,2,0,0,3,4470,0,14235 160th Ave NE,Woodinville,USA
5/14/2014 0:00,458000,3,1,1,0,0,4,1060,600,2000 NE 113th St,Seattle,USA
5/14/2014 0:00,966000,5,4.5,2,0,0,3,3810,0,2033 211th Pl SE,Sammamish,USA
5/14/2014 0:00,305495,3,1.75,2,0,0,4,2110,0,14244 140th Ave SE,Renton,USA
5/14/2014 0:00,543000,2,2,1.5,0,0,3,1600,770,11400-11598 SE 114th Pl,Issaquah,USA
5/14/2014 0:00,340000,3,2.25,2,0,0,3,1970,0,504 Shelton Ct NE,Renton,USA
5/14/2014 0:00,633100,4,2.5,2,0,0,3,2470,0,26021 NE 25th St,Redmond,USA
5/14/2014 0:00,310000,3,1,1,0,0,3,1480,0,1909 N 195th St,Shoreline,USA
5/14/2014 0:00,349950,5,3,1,0,0,3,1363,894,3755 S 168th St,SeaTac,USA
5/14/2014 0:00,267800,2,1,1,0,0,4,700,0,16824 11th Pl NE,Shoreline,USA
5/14/2014 0:00,234000,4,2,1,0,0,4,1050,580,10872 SE 318th Pl,Auburn,USA
5/14/2014 0:00,740000,4,2.5,2,0,0,3,3430,0,13622 NE 136th Pl,Kirkland,USA
5/14/2014 0:00,607500,5,1.75,1.5,0,0,3,1420,800,3047 21st Ave W,Seattle,USA
5/14/2014 0:00,223000,3,1.75,1,0,0,4,1340,0,16 R Pl NE,Auburn,USA
5/14/2014 0:00,400000,2,1,1,0,0,4,860,120,6520-6588 8th Ave NW,Seattle,USA
5/14/2014 0:00,802000,3,2.5,2,0,0,3,2580,0,6133 147th Pl NE,Redmond,USA
5/14/2014 0:00,253000,4,2.5,2,0,0,3,2230,0,24217 181st Pl SE,Covington,USA
5/14/2014 0:00,1058000,4,2,1,0,0,4,2290,0,10441 SE 24th Pl,Bellevue,USA
5/14/2014 0:00,300000,3,1,1,0,0,3,1260,0,2559 NE 98th St,Seattle,USA
5/14/2014 0:00,625000,4,2.75,1,0,0,4,1680,0,15924 NE 53rd St,Redmond,USA
5/14/2014 0:00,707000,4,3.25,2,0,0,3,3200,0,26054 SE 23rd Pl,Sammamish,USA
5/14/2014 0:00,950000,4,2.5,2,0,0,3,3320,0,5491 175th Pl SE,Bellevue,USA
5/14/2014 0:00,420000,4,2.5,2,0,0,3,3040,0,4620 Kennedy Ave SE,Auburn,USA
5/14/2014 0:00,498000,4,2.75,1,0,0,4,1290,980,12901 NE 136th St,Kirkland,USA
5/14/2014 0:00,450000,3,2.5,2,0,0,3,2910,0,36023 3rd Ave S,Federal Way,USA
5/14/2014 0:00,955000,5,2.25,2,0,0,3,2510,0,7590 86th Ave SE,Mercer Island,USA
5/14/2014 0:00,215000,2,1,1,0,0,3,1240,0,4036 S 119th St,Tukwila,USA
5/14/2014 0:00,437000,3,2.75,2,0,0,3,2580,0,808 Hoquiam Ave NE,Renton,USA
5/14/2014 0:00,773000,3,2.75,2,0,0,3,2470,0,1458-1462 29th Pl NE,Issaquah,USA
5/14/2014 0:00,1222500,4,3.5,1.5,0,0,3,3110,1800,4531 205th Pl NE,Sammamish,USA
5/15/2014 0:00,256883,3,2.5,2,0,0,3,1690,0,833 SW 361st St,Federal Way,USA
5/15/2014 0:00,592500,4,2.5,1,0,0,3,2240,0,24231 NE 5th Pl,Sammamish,USA
5/15/2014 0:00,252350,3,2,1,0,0,3,1160,490,12902 SE 158th Pl,Renton,USA
5/15/2014 0:00,370000,4,2.5,2,0,0,3,2710,0,12713 SE 302nd St,Auburn,USA
5/15/2014 0:00,465750,3,1.5,1,0,0,3,1260,0,16231 NE 29th St,Bellevue,USA
5/15/2014 0:00,185000,3,1,1,0,0,3,1150,0,12208 20th Ave S,Seattle,USA
5/15/2014 0:00,582800,4,2.75,1,0,0,3,1440,1110,21023-21029 NE 42nd St,Sammamish,USA
5/15/2014 0:00,245000,3,1.75,1,0,0,4,1490,0,12145 SE 260th Pl,Kent,USA
5/15/2014 0:00,302000,4,1.75,1,0,0,4,1010,1010,1001 Whitman Ct NE,Renton,USA
5/15/2014 0:00,451555,2,1,1,0,1,3,1320,0,4137 48th Ave SW,Seattle,USA
5/15/2014 0:00,250000,3,1,1,0,0,4,1230,0,19415 107th Ave SE,Renton,USA
5/15/2014 0:00,255000,4,2.5,2,0,0,3,2070,0,1422 S 282nd Pl,Federal Way,USA
5/15/2014 0:00,840000,4,1.75,1,0,3,3,1670,1260,3539 NW 67th St,Seattle,USA
5/15/2014 0:00,190000,3,1,1,0,0,3,1090,0,29611 21st Ave S,Federal Way,USA
5/15/2014 0:00,349950,3,1,1,0,0,3,1400,0,11515 4th Ave NE,Seattle,USA
5/15/2014 0:00,613000,4,2,1.5,0,0,3,1550,0,5212 Wallingford Ave N,Seattle,USA
5/15/2014 0:00,300000,3,1,1,0,0,4,1220,0,18218 Evanston Ave N,Shoreline,USA
5/15/2014 0:00,455000,3,2.5,1,0,0,3,1470,400,14013 101st Pl NE,Kirkland,USA
5/15/2014 0:00,335000,3,2.25,2,0,0,3,2150,0,4446 S 160th St,Tukwila,USA
5/15/2014 0:00,197500,3,1,1.5,0,0,3,980,0,4531 S Lucile St,Seattle,USA
5/15/2014 0:00,412500,3,1.5,1,0,0,4,1490,0,5419 156th Ave NE,Redmond,USA
5/15/2014 0:00,395300,3,1.5,1,0,0,3,1120,0,1323 145th Ave SE,Bellevue,USA
5/15/2014 0:00,342400,3,2.25,2,0,0,3,1180,0,8121 NE 147th Pl,Kenmore,USA
5/15/2014 0:00,749400,4,2.5,2,0,0,3,3240,0,17013 NE 133rd St,Redmond,USA
5/15/2014 0:00,316500,4,2.5,2,0,0,4,2150,0,11401 SE 219th Pl,Kent,USA
5/15/2014 0:00,390000,3,2.5,2,0,0,3,2240,0,15839 84th Ave NE,Kenmore,USA
5/15/2014 0:00,225000,3,2,1,0,0,3,1150,250,3311 SE 17th St,Renton,USA
5/15/2014 0:00,550000,3,2.25,1,0,0,4,1980,0,4216 232nd Ave NE,Redmond,USA
5/15/2014 0:00,280000,3,1,1.5,0,0,3,1330,0,13219 424th Ave SE,North Bend,USA
5/15/2014 0:00,1255000,4,2.5,2,0,0,3,3200,0,5038 48th Ave NE,Seattle,USA
5/15/2014 0:00,575000,2,1,1,0,0,3,1090,400,1106 25th Ave E,Seattle,USA
5/15/2014 0:00,1000000,5,4.25,2,0,0,3,2900,1020,2548 111th Ave SE,Bellevue,USA
5/15/2014 0:00,585000,5,1.75,2,0,0,4,2000,0,309 N 46th St,Seattle,USA
5/15/2014 0:00,620000,4,2.5,2,0,0,3,2680,0,26118 SE 39th Ct,Issaquah,USA
5/15/2014 0:00,204700,4,2,1,0,0,3,1670,0,29031 40th Ave S,Auburn,USA
5/15/2014 0:00,695000,4,3,2,0,0,3,3150,0,24038 SE 13th Pl,Sammamish,USA
5/15/2014 0:00,689900,4,3.25,2,0,0,3,2060,680,392 Wilderness Peak Dr NW,Issaquah,USA
5/15/2014 0:00,375000,4,1.75,1,0,0,4,1250,640,2145 N 178th St,Shoreline,USA
5/15/2014 0:00,475000,7,3.5,1,0,0,3,1520,1350,11738 1st Ave NE,Seattle,USA
5/15/2014 0:00,215000,3,1,1,0,0,4,1160,0,26516 235th Ave SE,Maple Valley,USA
5/15/2014 0:00,2100000,4,1.75,2,0,0,3,3550,0,7822 NE 14th St,Medina,USA
5/15/2014 0:00,790000,3,1.75,1,0,2,3,1350,440,1922 35th Ave W,Seattle,USA
5/15/2014 0:00,350000,3,1.75,1,0,0,4,1070,610,18949 Mountain View Rd NE,Duvall,USA
5/15/2014 0:00,695000,3,2.5,2,0,0,4,3800,760,1315 232nd Pl NE,Sammamish,USA
5/15/2014 0:00,263000,3,2.25,2,0,0,4,1590,0,35219 26th Ct S,Federal Way,USA
5/15/2014 0:00,400000,3,1,1,0,0,5,1630,0,17228 11th Ave NE,Shoreline,USA
5/15/2014 0:00,525000,3,2.5,2,0,0,3,2700,0,12415 NE 160th St,Woodinville,USA
5/15/2014 0:00,349950,3,2.5,2,0,0,3,1700,0,18901-18937 114th Ct SE,Renton,USA
5/15/2014 0:00,1085000,4,3.25,1,0,0,3,2000,1740,13704-13712 209th Ave NE,Woodinville,USA
5/15/2014 0:00,744000,4,3,2.5,0,0,3,1980,0,4103 SW Kenyon St,Seattle,USA
5/15/2014 0:00,312500,2,1,1,0,0,3,880,0,7558 19th Ave SW,Seattle,USA
5/15/2014 0:00,240000,3,2,1,0,0,3,700,700,1610 N 185th St,Shoreline,USA
5/15/2014 0:00,495000,4,2,1.5,0,0,5,1210,840,2609 21st Ave S,Seattle,USA
5/15/2014 0:00,580050,3,2.5,2,0,3,3,2360,0,601 NE 76th St,Seattle,USA
5/15/2014 0:00,640000,4,2,1,0,0,4,1890,670,8600-8698 30th Ave NE,Seattle,USA
5/15/2014 0:00,417000,3,1.5,1,0,0,4,1340,0,3825 138th Ave SE,Bellevue,USA
5/15/2014 0:00,174950,3,1,1,0,0,5,1060,0,26635 Timberlane Dr SE,Covington,USA
5/15/2014 0:00,295000,3,1.5,1,0,0,3,850,0,4020 21st Ave SW,Seattle,USA
5/15/2014 0:00,423000,4,1.75,1,0,0,3,1010,870,10320 NE 125th Pl,Kirkland,USA
5/15/2014 0:00,839000,3,1,1,0,0,3,1230,0,10904 SE 1st St,Bellevue,USA
5/15/2014 0:00,343000,4,1.75,1,0,0,3,1340,950,2816 SW 110th Pl,Seattle,USA
5/15/2014 0:00,467000,3,1,1,0,0,5,1000,660,12033 Dayton Ave N,Seattle,USA
5/15/2014 0:00,512500,3,2.5,2,0,0,4,1840,0,4530 48th Ave SW,Seattle,USA
5/15/2014 0:00,575000,4,2.5,1,0,0,3,1600,1420,4527-4553 NE 201st Pl,Lake Forest Park,USA
5/15/2014 0:00,465000,3,1.75,1,0,0,3,1410,0,12215 Dayton Ave N,Seattle,USA
5/15/2014 0:00,270000,3,1,1,0,0,3,1010,0,17620 SE 121st Pl,Renton,USA
5/15/2014 0:00,340000,3,1.75,1,0,0,3,980,980,2419 SW Barton St,Seattle,USA
5/15/2014 0:00,765000,5,3.75,2,0,0,3,3190,390,170 Mt Quay Dr NW,Issaquah,USA
5/15/2014 0:00,497000,4,2.5,2,0,0,3,2240,0,4417 47th Ave S,Seattle,USA
5/15/2014 0:00,803100,4,2.5,2,0,0,3,3310,0,19107 NE 64th Way,Redmond,USA
5/15/2014 0:00,344000,3,2.5,3,0,0,3,1232,0,12331 A 10th Pl NE,Seattle,USA
5/15/2014 0:00,828950,4,3.5,2,0,1,3,2820,1110,19601-19853 Newport Way NW,Issaquah,USA
5/15/2014 0:00,386380,3,2.5,2,0,0,3,1720,0,9881 244th Pl NE,Redmond,USA
5/15/2014 0:00,312000,3,2.25,2,0,0,3,1220,270,5021 Delridge Way SW,Seattle,USA
5/15/2014 0:00,720000,3,2.5,2,0,0,3,3150,0,31215 SE 40th St,Fall City,USA
5/15/2014 0:00,914500,4,2.5,3,0,0,3,3950,0,25707 SE 30th St,Sammamish,USA
5/15/2014 0:00,819995,5,2.75,2,0,0,3,3030,0,8024 117th Pl SE,Newcastle,USA
5/16/2014 0:00,252700,2,1.5,1,0,0,3,1070,0,13105 SE 277th Pl,Kent,USA
5/16/2014 0:00,437500,3,2.5,2,0,2,3,2320,0,12711 470th Ave SE,North Bend,USA
5/16/2014 0:00,350000,1,1,1,0,0,3,700,0,6849 26th Ave NE,Seattle,USA
5/16/2014 0:00,619000,3,2.5,2,0,0,3,2720,0,6516 Denny Peak Dr SE,Snoqualmie,USA
5/16/2014 0:00,408200,3,2.5,2,0,0,4,1800,0,8124 24th Ave SW,Seattle,USA
5/16/2014 0:00,451000,3,1.75,1.5,0,2,3,1000,560,4042 34th Ave SW,Seattle,USA
5/16/2014 0:00,317000,3,2,1,0,0,5,1060,700,16703 133rd Pl SE,Renton,USA
5/16/2014 0:00,799000,4,3.25,2,0,0,3,2370,750,2561 NE 85th St,Seattle,USA
5/16/2014 0:00,720000,2,1,1,0,3,4,1700,320,10835 41st Ave SW,Seattle,USA
5/16/2014 0:00,490000,3,2,1.5,0,0,3,1450,0,1746 NW 60th St,Seattle,USA
5/16/2014 0:00,239900,4,2.25,1,0,0,3,1120,740,401 SW 322nd St,Federal Way,USA
5/16/2014 0:00,446000,4,2.25,1,0,0,3,1290,980,11123 NE 141st Pl,Kirkland,USA
5/16/2014 0:00,275000,3,2.5,2,0,0,3,1480,0,44402 SE 142nd Pl,North Bend,USA
5/16/2014 0:00,239950,5,1,2,0,0,4,1460,0,13012 41st Ave S,Tukwila,USA
5/16/2014 0:00,248000,4,3.5,2,0,0,3,1130,720,1501-1515 SW 327th St,Federal Way,USA
5/16/2014 0:00,619500,3,2.5,2,0,0,3,2170,0,1778 26th Ave NE,Issaquah,USA
5/16/2014 0:00,363750,3,1.75,2,0,0,4,1726,0,28507 Vashon Hwy SW,Vashon,USA
5/16/2014 0:00,385000,3,1.75,1,0,0,4,940,240,23013 NE 28th St,Sammamish,USA
5/16/2014 0:00,370000,4,1.5,1,0,0,3,900,470,12054 NE 137th Ct,Kirkland,USA
5/16/2014 0:00,425000,3,2.5,1,0,0,4,2670,0,26010 141st Ave SE,Kent,USA
5/16/2014 0:00,342000,3,1,1,0,0,3,720,540,14040 24th Ave NE,Seattle,USA
5/16/2014 0:00,345000,4,1,1.5,0,0,3,1980,0,12652 SE 160th St,Renton,USA
5/16/2014 0:00,724800,3,2,1,0,0,3,1180,870,2610 E Montlake Pl E,Seattle,USA
5/16/2014 0:00,725000,5,2.75,2,0,0,3,2830,0,11931 179th Pl NE,Redmond,USA
5/16/2014 0:00,605000,2,1,1,0,0,4,910,0,1617-1621 3rd Ave W,Seattle,USA
5/16/2014 0:00,350000,4,2.5,2,0,0,3,2440,0,24246 229th Ave SE,Maple Valley,USA
5/16/2014 0:00,785000,3,2,1,0,0,5,1100,1080,4111 Woodland Park Ave N,Seattle,USA
5/16/2014 0:00,250000,3,2,1,0,0,5,950,950,27022 216th Ave SE,Maple Valley,USA
5/16/2014 0:00,565000,3,2.25,3,0,0,3,1520,0,1512 NW 62nd St,Seattle,USA
5/16/2014 0:00,875000,3,2,1,0,2,4,1220,1000,2559 24th Ave W,Seattle,USA
5/16/2014 0:00,862500,4,2.75,2,0,0,3,3280,0,12040 201st Pl NE,Woodinville,USA
5/16/2014 0:00,400000,3,2.5,2,0,4,3,2740,0,27200-27218 52nd Ave S,Kent,USA
5/16/2014 0:00,282613,2,1,1,0,0,4,830,0,16221 Bagley Pl N,Shoreline,USA
5/16/2014 0:00,174500,2,1,1,0,0,3,1010,0,20721 9th Ave S,Des Moines,USA
5/16/2014 0:00,306500,3,2.25,1,0,0,4,1560,500,36415 12th Pl S,Federal Way,USA
5/16/2014 0:00,445000,3,2.25,2,0,0,3,1990,0,17849 149th Ave NE,Woodinville,USA
5/16/2014 0:00,433000,4,2.5,2,0,0,4,2280,0,2207 Kennewick Pl NE,Renton,USA
5/16/2014 0:00,306000,3,2.5,2,0,0,3,1870,0,22610 133rd Pl SE,Kent,USA
5/16/2014 0:00,620000,3,2.25,1.5,0,0,4,1450,270,5255 39th Ave NE,Seattle,USA
5/16/2014 0:00,245000,2,1,1,0,0,3,870,0,8627 9th Ave SW,Seattle,USA
5/16/2014 0:00,238000,3,2,2,0,0,3,720,300,3419 SW Morgan St,Seattle,USA
5/16/2014 0:00,523000,3,1.5,1.5,0,0,3,1260,0,3200 44th Ave SW,Seattle,USA
5/16/2014 0:00,522500,3,2.5,2,0,0,3,2370,0,6504 E Crest View Loop SE,Snoqualmie,USA
5/16/2014 0:00,180000,3,1,1,0,0,3,1000,0,1001 SW 102nd St,Seattle,USA
5/16/2014 0:00,375000,3,1.5,2,0,0,3,940,160,2001 S Norman St,Seattle,USA
5/16/2014 0:00,249000,3,2.25,1,0,0,3,940,500,22119 123rd Ave SE,Kent,USA
5/16/2014 0:00,730100,4,2.5,2,0,0,3,3120,0,120 Mt Si Pl NW,Issaquah,USA
5/16/2014 0:00,551000,2,2,1,0,0,3,2260,0,9930 NE 197th St,Bothell,USA
5/16/2014 0:00,375000,4,2.5,2,0,0,3,2790,0,26004 18th Ave S,Des Moines,USA
5/16/2014 0:00,540000,1,1,1.5,0,0,3,1140,0,9055 Palatine Ave N,Seattle,USA
5/16/2014 0:00,605000,3,2.25,2,0,0,4,1290,0,411 27th Ave E,Seattle,USA
5/16/2014 0:00,205000,5,1.75,1,0,0,4,1050,680,26607 190th Ave SE,Covington,USA
5/16/2014 0:00,645000,4,2.5,2,0,0,3,3160,0,2504 225th Pl NE,Sammamish,USA
5/16/2014 0:00,314000,4,2.5,2,0,0,3,2340,0,24925 234th Pl SE,Maple Valley,USA
5/16/2014 0:00,330000,3,1.5,1,0,0,4,1170,0,15421 SE 4th Pl,Bellevue,USA
5/16/2014 0:00,490000,2,1,1,0,0,4,1160,0,7752 33rd Ave NW,Seattle,USA
5/16/2014 0:00,445000,3,3,1,0,0,3,1970,0,18819 71st Ave NE,Kenmore,USA
5/16/2014 0:00,2000000,5,4.25,2,0,3,4,3940,2550,4080 E Mercer Way,Mercer Island,USA
5/16/2014 0:00,377500,3,2.25,2,0,0,3,1290,120,2012 NW Boulder Way Dr,Issaquah,USA
5/16/2014 0:00,480000,4,2.5,2,0,0,3,2430,0,35019 SE Terrace St,Snoqualmie,USA
5/16/2014 0:00,804995,5,1.5,2,0,0,3,3360,0,21481 SE 2nd Pl,Sammamish,USA
5/16/2014 0:00,341000,3,2.5,2,0,0,3,1180,300,6510 34th Ave SW,Seattle,USA
5/16/2014 0:00,675000,5,2.5,2,0,0,3,3200,0,6227-6299 Whitaker Ln SE,Snoqualmie,USA
5/16/2014 0:00,611000,3,2.5,2.5,0,0,3,2134,0,373 NE Eagle Way,Issaquah,USA
5/16/2014 0:00,379950,3,3.25,3,0,0,3,1860,0,17510 12th Ave NE,Shoreline,USA
5/16/2014 0:00,1270000,4,3,2,0,3,3,3570,1950,4468 158th Ave SE,Bellevue,USA
5/16/2014 0:00,500000,2,2.5,2,0,0,3,1160,150,921-927 18th Ave,Seattle,USA
5/17/2014 0:00,410000,3,2,1,0,0,3,890,810,2204 W Emerson St,Seattle,USA
5/18/2014 0:00,415000,3,2.5,2,0,0,3,2480,0,18303 155th Pl SE,Renton,USA
5/18/2014 0:00,297000,5,2.5,2,0,0,4,1970,0,419 Wetherbee Ln,Enumclaw,USA
5/18/2014 0:00,575550,4,2.5,1,0,0,3,1440,620,14117 175th Ave NE,Redmond,USA
5/18/2014 0:00,534640,3,2.5,1,0,0,4,1210,920,13440 NE 148th St,Woodinville,USA
5/18/2014 0:00,352500,3,2.25,1,0,2,3,1170,240,7426 N Fork Rd SE,Snoqualmie,USA
5/18/2014 0:00,488000,2,2,1,0,0,3,780,580,8023 12th Ave NE,Seattle,USA
5/18/2014 0:00,732000,3,2,1,0,0,5,1940,0,2049 144th Ave SE,Bellevue,USA
5/19/2014 0:00,215000,2,2.25,2,0,0,4,1610,0,2906 Kennewick Pl NE,Renton,USA
5/19/2014 0:00,592500,2,2,1.5,0,2,5,1420,0,800 NE 95th St,Seattle,USA
5/19/2014 0:00,290000,4,2.5,2,0,0,4,1700,0,22020 127th Ct SE,Kent,USA
5/19/2014 0:00,475000,2,1,1,0,0,3,860,630,7008 19th Ave NW,Seattle,USA
5/19/2014 0:00,320000,3,2.5,2,0,0,3,2680,0,833 SW 346th St,Federal Way,USA
5/19/2014 0:00,1216000,4,2.5,1,0,3,5,1680,1510,4625 Somerset Dr SE,Bellevue,USA
5/19/2014 0:00,290000,5,1.5,1.5,0,0,5,2120,0,12611 SE 160th St,Renton,USA
5/19/2014 0:00,487250,4,2,1.5,0,0,3,1550,140,4800-4898 Whitman Ave N,Seattle,USA
5/19/2014 0:00,339000,4,2.5,2,0,0,3,1830,0,27305 245th Ave SE,Maple Valley,USA
5/19/2014 0:00,440000,2,1.5,1.5,0,0,5,1010,0,6411 22nd Ave NW,Seattle,USA
5/19/2014 0:00,366500,4,2.75,1,0,0,5,1120,950,15511 9th Ave NE,Shoreline,USA
5/19/2014 0:00,462000,3,1.5,1.5,0,0,3,1410,300,5151 S Othello St,Seattle,USA
5/19/2014 0:00,560000,4,1,1.5,0,0,3,1260,400,7353 16th Ave NW,Seattle,USA
5/19/2014 0:00,285000,4,1.75,1,0,0,4,1040,1040,8024 S 130th St,Seattle,USA
5/19/2014 0:00,280000,3,2.5,2,0,0,3,1270,0,44633 SE 151st St,North Bend,USA
5/19/2014 0:00,210000,3,1,1,0,0,3,1080,0,5612 18th Ave SW,Seattle,USA
5/19/2014 0:00,690000,3,2,1.5,0,0,5,1610,0,7341 20th Ave NE,Seattle,USA
5/19/2014 0:00,256500,2,1,1,0,0,4,1120,0,7615 SW 257th St,Vashon,USA
5/19/2014 0:00,411000,4,2.75,2,0,0,3,2500,0,8309 36th Ave S,Seattle,USA
5/19/2014 0:00,215000,3,1,1,0,0,4,970,0,11428 SE 225th St,Kent,USA
5/19/2014 0:00,762000,5,2,1.5,0,0,4,2140,1230,365 Crockett St,Seattle,USA
5/19/2014 0:00,359950,3,1,1,0,0,4,1290,0,29701-29727 138th Ave SE,Auburn,USA
5/19/2014 0:00,480000,4,3.5,2,0,3,3,3370,0,44250 SE Edgewick Rd,North Bend,USA
5/19/2014 0:00,1405000,4,3.5,2,0,0,3,3410,0,10635 SE 2nd St,Bellevue,USA
5/19/2014 0:00,390000,4,2.5,2,0,0,3,2490,0,30271 129th Ave SE,Auburn,USA
5/19/2014 0:00,413500,2,1,1,0,0,5,770,0,615 NW 92nd St,Seattle,USA
5/19/2014 0:00,285000,1,1.5,2,0,0,4,810,0,11807 NE 105th Ct,Kirkland,USA
5/19/2014 0:00,475000,4,2.5,1,0,0,4,1700,1360,15024 Wallingford Ave N,Shoreline,USA
5/19/2014 0:00,386591,3,2.5,2,0,0,3,1150,540,2500 Mulberry Walk NE,Issaquah,USA
5/19/2014 0:00,524950,3,1.75,1,0,0,3,1290,600,7360 19th Ave NW,Seattle,USA
5/19/2014 0:00,241000,2,2,2,0,0,3,1470,0,24023 SE 282nd St,Maple Valley,USA
5/19/2014 0:00,461000,2,1,1,0,0,3,1060,0,11053 Greenwood Ave N,Seattle,USA
5/19/2014 0:00,810000,4,2.5,2,0,0,3,3480,0,17822 NE 154th St,Woodinville,USA
5/19/2014 0:00,885000,4,2.75,1.5,0,0,3,1550,1180,6211 Ravenna Ave NE,Seattle,USA
5/19/2014 0:00,247000,3,2.25,2,0,0,4,1580,0,1714 SW 354th Pl,Federal Way,USA
5/19/2014 0:00,296500,3,2.75,1,0,0,4,1380,790,26715 Stanford Ct,Kent,USA
5/19/2014 0:00,141800,2,1,1,0,0,4,930,0,821 Dayton Ave NE,Renton,USA
5/19/2014 0:00,333000,4,2,2,0,0,2,1580,0,2023 24th Ave S,Seattle,USA
5/19/2014 0:00,602000,5,1.75,1.5,0,0,3,3290,0,6305 150th Ave NE,Redmond,USA
5/19/2014 0:00,565000,4,2.25,2,0,0,4,2110,0,4621 193rd Pl SE,Issaquah,USA
5/19/2014 0:00,373000,3,2.5,2,0,0,3,1670,0,18581 134th Pl NE,Woodinville,USA
5/19/2014 0:00,588000,3,2.25,1,0,0,4,1190,840,10510 160th Ave NE,Redmond,USA
5/19/2014 0:00,485000,3,1,1.5,0,0,3,1370,130,816 NW Market St,Seattle,USA
5/19/2014 0:00,482500,3,2.25,2,0,0,3,980,470,1820 24th Ave,Seattle,USA
5/19/2014 0:00,251200,4,1.5,1,0,0,3,1060,250,240 S 198th St,Des Moines,USA
5/19/2014 0:00,869000,5,3.25,2,0,0,4,2880,1300,18524 SE 60th St,Issaquah,USA
5/19/2014 0:00,464000,3,1.75,1,0,0,3,1630,0,14926 NE 202nd St,Woodinville,USA
5/19/2014 0:00,755000,4,2.5,2,0,0,3,2660,0,10805 177th Ct NE,Redmond,USA
5/19/2014 0:00,280000,3,2.5,2,0,0,3,1720,0,454 A St,Renton,USA
5/19/2014 0:00,485000,2,2.25,3,0,0,3,1260,0,3646 Dayton Ave N,Seattle,USA
5/19/2014 0:00,305000,3,1.75,1,0,0,3,1610,0,16215 SE 172nd Ct,Renton,USA
5/19/2014 0:00,110700,2,1,1,0,0,3,680,0,14917-14999 27th Pl S,SeaTac,USA
5/19/2014 0:00,850000,4,3.5,2,0,2,3,2640,0,6728 40th Ave SW,Seattle,USA
5/19/2014 0:00,350000,3,2.25,2,0,0,4,1640,0,1755 140th Ct SE,Bellevue,USA
5/19/2014 0:00,319950,4,1.75,1,0,0,4,1650,660,16336 131st Ave SE,Renton,USA
5/19/2014 0:00,700000,3,1.75,1,0,0,5,1230,780,901 18th Ave,Seattle,USA
5/19/2014 0:00,368000,2,1.5,1,0,0,5,830,830,10010 44th Ave SW,Seattle,USA
5/19/2014 0:00,433500,3,2.5,2,0,0,3,2200,0,6729 37th Ave S,Seattle,USA
5/19/2014 0:00,611000,4,2.5,2,0,0,3,2460,0,23911 SE 6th St,Redmond,USA
5/19/2014 0:00,1000000,2,1.75,1,0,4,3,2430,0,18200-18298 13th Ave NW,Shoreline,USA
5/19/2014 0:00,307000,3,1,1,0,0,3,1370,0,4751 Stephens Ave,Carnation,USA
5/19/2014 0:00,442500,3,1.75,1,0,0,3,1800,0,17110-17116 146th Ave SE,Renton,USA
5/19/2014 0:00,485000,3,1.75,2,0,2,3,2200,0,23902 6th Ave S,Des Moines,USA
5/19/2014 0:00,367000,2,1,1,0,0,3,700,0,2632 NW North Beach Dr,Seattle,USA
5/19/2014 0:00,429000,3,2.5,2,0,0,3,1920,0,714 NE 10th St,North Bend,USA
5/19/2014 0:00,446000,5,2.75,1,0,0,5,1370,820,20402 63rd Ave NE,Kenmore,USA
5/19/2014 0:00,572500,3,2.25,1,0,0,4,1500,530,13322 SE 77th Ct,Newcastle,USA
5/19/2014 0:00,477000,3,2.5,3,0,0,3,1350,0,2313 NW 65th St,Seattle,USA
5/19/2014 0:00,518000,3,2.5,2,0,0,3,1380,300,8354 11th Ave NW,Seattle,USA
5/19/2014 0:00,462000,5,1.75,1,0,0,4,1250,0,4 151st Pl NE,Bellevue,USA
5/19/2014 0:00,1190000,4,3,1.5,0,0,4,1270,970,2009 4th Ave N,Seattle,USA
5/19/2014 0:00,137000,3,1,1,0,0,3,950,0,9445 8th Ave SW,Seattle,USA
5/19/2014 0:00,530000,3,3.5,2,0,0,3,2060,260,12418 NE 100th St,Kirkland,USA
5/19/2014 0:00,818000,2,2.5,1,0,2,3,2380,0,12449 240th Pl NE,Redmond,USA
5/19/2014 0:00,640000,2,2.25,3,0,0,3,1540,0,1806 11th Ave,Seattle,USA
5/19/2014 0:00,298450,5,3,1,0,0,3,1200,900,29801-29829 23rd Avenue South,Federal Way,USA
5/19/2014 0:00,575000,4,2.5,2,0,0,3,2500,0,34115 SE Ash St,Snoqualmie,USA
5/20/2014 0:00,730000,4,2.5,2,0,0,3,3230,0,2913 278th Ave SE,Sammamish,USA
5/20/2014 0:00,551000,3,2.5,2,0,0,3,2830,0,7928 NE 182nd Pl,Kenmore,USA
5/20/2014 0:00,271310,2,1,1.5,0,0,2,870,0,2019 24th Ave S,Seattle,USA
5/20/2014 0:00,675000,4,3,1,0,0,3,2690,0,17428 7th Pl SW,Normandy Park,USA
5/20/2014 0:00,479000,3,2.5,3,0,0,3,1260,0,915 6th Ave N,Seattle,USA
5/20/2014 0:00,520000,4,3.5,2,0,0,3,2040,640,13342 30th Ave NE,Seattle,USA
5/20/2014 0:00,599950,3,2.5,2,0,0,3,2660,0,4810 S Raymond St,Seattle,USA
5/20/2014 0:00,483945,2,1.75,1,0,0,4,840,640,4844 47th Ave SW,Seattle,USA
5/20/2014 0:00,390000,4,2.25,1,0,0,4,1190,580,14223 SE 179th Pl,Renton,USA
5/20/2014 0:00,192500,2,1,1,0,0,3,950,0,12516 Military Rd S,Seattle,USA
5/20/2014 0:00,330000,2,1,1,0,0,4,860,0,3522 SW 107th St,Seattle,USA
5/20/2014 0:00,250000,4,2,1,0,0,5,1160,800,12206 SE 217th St,Kent,USA
5/20/2014 0:00,243000,2,1,1.5,0,0,4,960,810,8040 S 118th St,Seattle,USA
5/20/2014 0:00,575000,4,1.75,1,0,0,3,860,420,7032 7th Ave NW,Seattle,USA
5/20/2014 0:00,639000,4,2.5,2,0,0,4,2150,0,13615 179th Ave NE,Redmond,USA
5/20/2014 0:00,710000,2,1,1,0,0,4,1040,750,2422 E McGraw St,Seattle,USA
5/20/2014 0:00,675000,3,2.25,2,0,0,4,1990,0,16822 NE 87th St,Redmond,USA
5/20/2014 0:00,405000,5,2.5,2,0,0,3,2430,0,16819 SE 171st Pl,Renton,USA
5/20/2014 0:00,615000,4,2.75,1,0,0,3,1860,960,4941-4949 125th Ave SE,Bellevue,USA
5/20/2014 0:00,490000,3,1,1,0,0,4,1010,900,9237 7th Ave NW,Seattle,USA
5/20/2014 0:00,467000,3,2.25,2,0,0,3,1040,230,1427 NW 62nd St,Seattle,USA
5/20/2014 0:00,480000,4,2.75,1,0,0,4,1180,870,2612 49th Ave SW,Seattle,USA
5/20/2014 0:00,755000,6,2,1,0,0,3,1270,880,3429 9th Ave W,Seattle,USA
5/20/2014 0:00,760000,4,1.75,1,0,2,4,1630,820,5028 157th Ave SE,Bellevue,USA
5/20/2014 0:00,387000,2,2.25,2,0,0,3,960,270,801-921 Martin Luther King Jr Way S,Seattle,USA
5/20/2014 0:00,925000,4,2.25,1,0,0,4,2260,0,6046 126th Ave NE,Kirkland,USA
5/20/2014 0:00,415000,2,1,1,0,0,4,1050,0,3720 S 312th Ln,Auburn,USA
5/20/2014 0:00,263000,3,1.75,2,0,0,3,1570,0,9226 S 239th Pl,Kent,USA
5/20/2014 0:00,519900,4,2,1,0,0,4,1820,0,2019 182nd Ave NE,Redmond,USA
5/20/2014 0:00,570000,2,1.75,1,0,0,4,1190,350,1715 46th Ave SW,Seattle,USA
5/20/2014 0:00,450000,3,1.5,1,0,0,3,2060,0,21533 NE Woodinville Duvall Rd,Woodinville,USA
5/20/2014 0:00,1300000,4,3.5,1,0,0,3,4380,0,5830 246th Pl NE,Redmond,USA
5/20/2014 0:00,300000,3,1,1,0,0,4,1090,0,13424 NE 80th St,Redmond,USA
5/20/2014 0:00,320000,3,1.75,1,0,0,4,1480,0,2525 NE 24th St,Renton,USA
5/20/2014 0:00,387500,4,1,1.5,0,0,3,1320,0,1505 29th Ave,Seattle,USA
5/20/2014 0:00,458000,1,2.25,1,0,0,3,1470,670,14634 128th Ave NE,Woodinville,USA
5/20/2014 0:00,1212500,4,3.5,1,0,3,3,2230,2330,16864 SE 57th Pl,Bellevue,USA
5/20/2014 0:00,380000,4,3,2,0,0,3,2800,0,24729 SE 276th Pl,Maple Valley,USA
5/20/2014 0:00,200000,3,1,1,0,0,4,1050,0,602 Tacoma Ave NE,Renton,USA
5/20/2014 0:00,385000,3,1.5,1,0,0,4,1490,0,6428 NE 184th St,Kenmore,USA
5/20/2014 0:00,396675,2,1,2,0,0,4,1730,0,7358 28th Ave SW,Seattle,USA
5/20/2014 0:00,452000,4,1,1.5,0,0,3,1210,0,1106 N 80th St,Seattle,USA
5/20/2014 0:00,426000,4,2.5,2,0,0,3,2800,0,24957 SE 279th St,Maple Valley,USA
5/20/2014 0:00,792000,3,1.5,2,0,0,3,1570,0,1833 1st Ave N,Seattle,USA
5/20/2014 0:00,315000,3,2.25,1,0,0,2,1140,260,20515 SE 333rd Pl,Auburn,USA
5/20/2014 0:00,1275000,4,2,1,0,4,4,1450,1400,3014 NW Esplanade,Seattle,USA
5/20/2014 0:00,326000,6,3,1,0,0,4,1880,0,1178 Camas Ave NE,Renton,USA
5/20/2014 0:00,268500,2,1,1,0,0,4,790,0,556 N 167th St,Shoreline,USA
5/20/2014 0:00,440000,2,1.75,2,0,0,3,1300,0,5501 37th Ave NE,Seattle,USA
5/20/2014 0:00,300000,3,1,1,0,0,4,1060,1060,12840 163rd Ave SE,Renton,USA
5/20/2014 0:00,525000,3,1.5,2,0,0,3,1540,0,4017 36th Ave SW,Seattle,USA
5/20/2014 0:00,978000,4,2.75,1.5,0,2,4,1720,900,2602 Shoreland Dr S,Seattle,USA
5/20/2014 0:00,1125000,6,3,2,0,0,4,2180,700,2212 N 36th St,Seattle,USA
5/20/2014 0:00,700000,4,1,1.5,0,0,3,1680,0,2139 N 52nd St,Seattle,USA
5/20/2014 0:00,315000,2,1,1,0,0,3,790,0,10830 132nd Ave NE,Redmond,USA
5/20/2014 0:00,309000,3,1,1.5,0,0,3,1092,0,7757 15th Ave SW,Seattle,USA
5/20/2014 0:00,219950,3,1.5,1,0,0,3,1090,560,425 S 305th St,Federal Way,USA
5/20/2014 0:00,289000,3,2.5,2,0,0,3,2090,0,17814 SE 257th St,Covington,USA
5/20/2014 0:00,210000,4,1.75,1,0,0,3,1180,1000,21922 34th Ave S,SeaTac,USA
5/20/2014 0:00,260000,4,2.5,2,0,0,3,1990,0,32819 17th Ave SW,Federal Way,USA
5/20/2014 0:00,699000,4,2.5,2,0,0,3,2650,0,11332 30th Ave NE,Seattle,USA
5/20/2014 0:00,1800000,4,3.5,1,0,0,3,2550,1910,2625 82nd Ave NE,Medina,USA
5/20/2014 0:00,299950,3,1,1,0,0,4,740,170,20013 15th Ave NW,Shoreline,USA
5/20/2014 0:00,749950,3,2.5,2,0,2,3,2770,0,16420 SE 39th Pl,Bellevue,USA
5/20/2014 0:00,1100000,3,2,2,0,1,5,2390,0,7529 Lakemont Dr NE,Seattle,USA
5/20/2014 0:00,555000,3,2.5,1,0,0,4,3050,0,701 S 52nd St,Renton,USA
5/20/2014 0:00,384000,3,2.5,2,0,0,3,1700,0,35131 SE Ridge St,Snoqualmie,USA
5/20/2014 0:00,499950,5,3.5,2,0,0,3,3200,0,18460 SE 143rd St,Renton,USA
5/20/2014 0:00,430000,3,1.75,1,0,0,5,1200,0,5206 13th Ave S,Seattle,USA
5/20/2014 0:00,350000,4,2.25,2,0,0,4,2220,0,22507 SE 279th St,Maple Valley,USA
5/20/2014 0:00,620000,3,2.5,2,0,0,3,2480,0,8719 228th Way NE,Redmond,USA
5/20/2014 0:00,765000,4,2.25,1,0,0,4,1760,800,17323 NE 24th St,Redmond,USA
5/20/2014 0:00,250000,4,1.5,1,0,0,4,1500,1000,24911-24917 38th Ave S,Kent,USA
5/20/2014 0:00,376000,2,1,1,0,0,3,1150,0,2825 W Elmore St,Seattle,USA
5/20/2014 0:00,475000,4,1.75,1,0,0,4,1150,500,11726 Phinney Ave N,Seattle,USA
5/20/2014 0:00,120750,3,1.75,1,0,0,4,1140,0,34403 30th Ave SW,Federal Way,USA
5/20/2014 0:00,1690000,3,1.75,1,0,2,5,1820,1580,3872 50th Ave NE,Seattle,USA
5/20/2014 0:00,330000,3,1,1,0,0,4,1180,0,8442-8514 WA-900,Issaquah,USA
5/20/2014 0:00,619500,3,2.5,2,0,0,3,1700,0,3113 E Cherry St,Seattle,USA
5/20/2014 0:00,345000,3,1.5,1,0,0,4,1240,0,15154 SE Newport Way,Bellevue,USA
5/20/2014 0:00,598000,5,2.25,2,0,0,3,2890,0,2116 Sahalee Dr E,Sammamish,USA
5/20/2014 0:00,335000,3,1,1,0,0,4,1060,0,8136 NE 147th Pl,Kenmore,USA
5/20/2014 0:00,372500,4,1.75,2,0,0,4,1590,0,14556 Stone Ave N,Shoreline,USA
5/20/2014 0:00,300000,6,5.25,2,0,0,3,2860,0,606 5th St SE,Auburn,USA
5/20/2014 0:00,194000,1,1,1,0,0,3,760,60,6017-6199 31st Ave SW,Seattle,USA
5/20/2014 0:00,507500,3,2,1,0,0,3,1020,1000,16630 SE 26th St,Bellevue,USA
5/20/2014 0:00,325000,4,2.25,1,0,0,4,1170,700,12813 81st Ave NE,Kirkland,USA
5/20/2014 0:00,329900,3,2.5,2,0,0,3,2170,0,22639 SE 280th Pl,Maple Valley,USA
5/20/2014 0:00,329000,4,2.5,1,0,0,3,830,770,6048 26th Ave SW,Seattle,USA
5/20/2014 0:00,494000,4,1.75,1.5,0,0,4,1250,840,5011 SW Dawson St,Seattle,USA
5/20/2014 0:00,206000,4,2,1,0,0,3,1700,0,606 5th St SE,Auburn,USA
5/20/2014 0:00,423000,4,1.75,1,0,0,4,970,970,11207 Evanston Ave N,Seattle,USA
5/20/2014 0:00,259000,3,1,1,0,0,4,1320,0,2931 NE 5th Pl,Renton,USA
5/20/2014 0:00,879950,4,2.25,1,0,4,4,1830,1670,10599 Marine View Dr SW,Seattle,USA
5/20/2014 0:00,345600,5,3.5,2.5,0,0,3,2800,0,352 17th Ave,Seattle,USA
5/20/2014 0:00,395000,3,1.5,1.5,0,0,4,1080,0,7505 Ravenna Ave NE,Seattle,USA
5/20/2014 0:00,625000,4,2.5,2,0,0,3,3550,0,6519 Sword Fern Ave SE,Snoqualmie,USA
5/20/2014 0:00,439000,3,2,2,0,0,3,1510,500,16103 Kelly Rd NE,Duvall,USA
5/20/2014 0:00,380000,3,1.75,2,0,0,3,1380,310,4355 Jill Pl S,Seattle,USA
5/20/2014 0:00,440000,3,1.5,3,0,0,3,1270,0,9608 Roosevelt Way NE,Seattle,USA
5/20/2014 0:00,415000,3,2.25,2,0,0,3,1680,290,4351 Jill Pl S,Seattle,USA
5/20/2014 0:00,860000,4,2.75,2,0,0,3,3160,0,13009 NE 74th St,Kirkland,USA
5/20/2014 0:00,500000,3,2.5,3,0,0,3,1210,0,3903 Woodland Park Ave N,Seattle,USA
5/20/2014 0:00,953007,4,3.5,2,0,0,3,2480,640,6511 37th Ave NE,Seattle,USA
5/20/2014 0:00,515000,4,2.5,2,0,0,3,2670,0,5407 NE 3rd Pl,Renton,USA
5/20/2014 0:00,772000,3,2.25,3,0,0,3,1640,0,122 27th Ave E,Seattle,USA
5/20/2014 0:00,329995,4,2.5,2,0,0,3,2303,0,38068 41st Pl S,Auburn,USA
5/20/2014 0:00,409316,3,2.5,2,0,0,3,1800,0,7416 Better Way Loop SE,Snoqualmie,USA
5/20/2014 0:00,490000,5,3.5,3,0,2,3,3280,1180,1400 10th Ave W,Seattle,USA
5/20/2014 0:00,305000,2,2.5,2,0,0,3,1220,370,5937 Delridge Way SW,Seattle,USA
5/20/2014 0:00,785000,4,3.5,2,0,0,3,2190,880,2500-2556 NW Alpine Crest Way,Issaquah,USA
5/21/2014 0:00,240000,2,1.75,1,0,0,3,1330,0,17451 42nd Ln S,SeaTac,USA
5/21/2014 0:00,325000,3,1,1,0,0,4,990,0,11502 Corliss Ave N,Seattle,USA
5/21/2014 0:00,535800,4,2.5,2,0,0,3,1900,0,4136 258th Ave SE,Issaquah,USA
5/21/2014 0:00,720000,3,2.5,3,0,3,3,2020,0,208 N 45th St,Seattle,USA
5/21/2014 0:00,374000,3,1.75,1,0,0,4,2000,0,12401 NE 108th Ln,Kirkland,USA
5/21/2014 0:00,189650,2,1.75,1,0,0,3,1100,0,1215 S 211th St,Des Moines,USA
5/21/2014 0:00,420850,1,1,1,0,0,5,960,0,10815 E Lake Joy Dr NE,Carnation,USA
5/21/2014 0:00,815000,4,2.75,2,0,0,3,3488,0,321 246th Way SE,Redmond,USA
5/21/2014 0:00,1065000,2,1.75,2,0,0,3,1890,0,130 97th Ave NE,Bellevue,USA
5/21/2014 0:00,199000,4,2,2,0,0,3,2030,0,11226 57th Ave S,Seattle,USA
5/21/2014 0:00,195000,3,1.75,1,0,0,3,990,390,18600-18698 SE 259th Pl,Covington,USA
5/21/2014 0:00,1506000,4,3.25,2.5,0,0,3,3360,300,1020 15th Ave E,Seattle,USA
5/21/2014 0:00,288400,3,2.25,2,0,0,3,1870,0,3901 NE 5th Pl,Renton,USA
5/21/2014 0:00,442000,4,2.25,1,0,0,4,1220,860,1740 216th Pl NE,Sammamish,USA
5/21/2014 0:00,619420,4,2.75,2,0,0,4,2450,0,8537 135th Ave SE,Newcastle,USA
5/21/2014 0:00,635000,4,2.25,1,0,0,4,1500,1250,3821 39th Ave S,Seattle,USA
5/21/2014 0:00,210000,3,1,1,0,0,4,1240,0,9612-9618 Renton Ave S,Seattle,USA
5/21/2014 0:00,512500,3,2.5,2,0,0,3,1900,0,11125 115th Ave NE,Kirkland,USA
5/21/2014 0:00,567000,3,2.5,2,0,0,3,2540,0,7913-7935 79th Way NE,Kirkland,USA
5/21/2014 0:00,525000,3,2.75,2,0,0,3,1510,590,3 Ober Strasse,Snoqualmie Pass,USA
5/21/2014 0:00,475000,4,2,1,0,2,4,840,950,1017 N 38th St,Seattle,USA
5/21/2014 0:00,250000,3,2,1,0,0,3,1170,0,29812 55th Pl S,Auburn,USA
5/21/2014 0:00,220000,3,1,1,0,2,5,1060,0,1122 Harding St,Enumclaw,USA
5/21/2014 0:00,230000,5,2,1.5,0,0,3,1930,0,10645 2nd Ave SW,Seattle,USA
5/21/2014 0:00,385500,3,2,1,0,0,3,1120,420,9215 NE 183rd St,Bothell,USA
5/21/2014 0:00,895000,5,3,1,0,2,4,1970,906,5558 W Mercer Way,Mercer Island,USA
5/21/2014 0:00,368250,3,2.5,2,0,0,3,2150,0,932 223rd Pl NE,Sammamish,USA
5/21/2014 0:00,249900,2,1,1,0,0,3,1140,0,9412 24th Ave SW,Seattle,USA
5/21/2014 0:00,350000,3,1.5,1,0,0,5,980,0,9753 NE 127th Pl,Kirkland,USA
5/21/2014 0:00,175000,3,1.75,1,0,0,4,1230,0,31649-31799 44th Ave S,Auburn,USA
5/21/2014 0:00,270000,3,1.75,1,0,0,3,860,530,5601-5605 21st Ave SW,Seattle,USA
5/21/2014 0:00,495000,3,3.5,2,0,3,3,1670,710,6521-6599 S Norfolk St,Seattle,USA
5/21/2014 0:00,1580000,3,3.25,2,0,0,3,3690,0,440 8th Ave,Kirkland,USA
5/21/2014 0:00,542500,5,3.25,1.5,0,0,5,2010,1000,16200-16398 252nd Ave SE,Issaquah,USA
5/21/2014 0:00,330000,3,1,1,0,0,3,1250,0,17510 194th Ave NE,Woodinville,USA
5/21/2014 0:00,1003000,4,2.75,2,0,0,4,2170,120,124 NE 63rd St,Seattle,USA
5/21/2014 0:00,299800,2,1,1,0,0,4,790,0,8041-8299 Beacon Ave S,Seattle,USA
5/21/2014 0:00,299900,3,2.5,2,0,0,3,2720,0,29820 125th Pl SE,Auburn,USA
5/21/2014 0:00,691000,4,2.75,1,0,0,3,1700,850,4118 107th Pl NE,Kirkland,USA
5/21/2014 0:00,195000,2,1,1,0,0,4,1080,0,24807 10th Ave S,Des Moines,USA
5/21/2014 0:00,405000,3,1.75,1,0,1,4,1570,900,1018 S 226th St,Des Moines,USA
5/21/2014 0:00,360000,2,0.75,1,0,2,5,550,300,2458 S Ferdinand St,Seattle,USA
5/21/2014 0:00,256750,3,2.5,1,0,0,3,1570,420,23255 133rd Ave SE,Kent,USA
5/21/2014 0:00,332500,3,2.25,2,0,0,3,1800,0,23902 231st Pl SE,Maple Valley,USA
5/21/2014 0:00,975000,5,4,2,0,0,3,4850,0,13600 NE 36th Pl,Bellevue,USA
5/21/2014 0:00,218000,3,1,1,0,0,3,1020,0,9455 8th Ave SW,Seattle,USA
5/21/2014 0:00,429000,3,2.5,2,0,0,3,1860,560,24998 SE 155th Pl,Issaquah,USA
5/21/2014 0:00,589000,4,2.5,2,0,2,3,2910,0,6907 Fairway Ave SE,Snoqualmie,USA
5/21/2014 0:00,255000,3,1.5,1,0,0,3,1060,0,19300 142nd Pl SE,Renton,USA
5/21/2014 0:00,668750,4,2.5,1,0,2,3,1590,750,2148 NW 197th St,Shoreline,USA
5/21/2014 0:00,344500,4,2.75,1,0,0,3,1050,750,1816 Talbot Rd S,Renton,USA
5/21/2014 0:00,452000,4,2,1,0,0,3,850,810,7308 28th Ave SW,Seattle,USA
5/21/2014 0:00,540000,3,1.75,1,0,0,3,1300,0,26933 NE Union Hill Rd,Redmond,USA
5/21/2014 0:00,246000,3,1.5,1,0,0,3,1780,0,12432 16th Ave S,Seattle,USA
5/21/2014 0:00,535000,2,1,1,0,0,3,920,110,1317 N 79th St,Seattle,USA
5/21/2014 0:00,970000,4,3.25,1,0,3,3,1130,1660,19400-19498 23rd Ave NW,Shoreline,USA
5/21/2014 0:00,430000,3,1,1,0,0,5,1150,0,945 N 80th St,Seattle,USA
5/21/2014 0:00,520000,4,2.5,2,0,0,3,3290,0,8020 NE 153rd Pl,Kenmore,USA
5/21/2014 0:00,712000,4,2.5,2,0,0,3,3400,0,27728 SE 268th St,Ravensdale,USA
5/21/2014 0:00,450000,2,1,1,0,0,3,1070,130,3026 37th Ave SW,Seattle,USA
5/21/2014 0:00,220000,4,2.5,2,0,0,3,2160,0,767 Oakhurst Dr,Pacific,USA
5/21/2014 0:00,525000,3,1,1,0,1,4,950,500,5155 54th Ave S,Seattle,USA
5/21/2014 0:00,1220000,4,2.5,2,0,0,3,2060,1180,2433 1st Ave N,Seattle,USA
5/21/2014 0:00,540000,3,2,2,0,0,3,1000,470,1032 NE 63rd St,Seattle,USA
5/21/2014 0:00,600000,4,2.5,2,0,0,3,2360,0,8410 NE 124th St,Kirkland,USA
5/21/2014 0:00,600000,3,2.25,2,0,0,4,2230,0,5718 147th Ave NE,Bellevue,USA
5/21/2014 0:00,625000,4,2.5,2,0,0,3,2630,0,16021 NE 203rd Pl,Woodinville,USA
5/21/2014 0:00,150000,3,1,1,0,0,3,1010,0,10626 Kelly Rd NE,Carnation,USA
5/21/2014 0:00,389999,3,2.25,2,0,0,3,1300,145,206 Lingering Pine Dr NW,Issaquah,USA
5/21/2014 0:00,285000,3,1.75,1.5,0,0,3,1320,1060,8723 S 117th St,Seattle,USA
5/21/2014 0:00,744000,4,2.75,2,0,0,3,2830,0,26592 SE 15th St,Sammamish,USA
5/21/2014 0:00,700000,4,2.5,2,0,0,3,3010,0,4375 279th Ave NE,Redmond,USA
5/21/2014 0:00,318989,4,2.25,1,0,0,4,2000,0,4231 SW 323rd St,Federal Way,USA
5/21/2014 0:00,556000,3,2.25,2,0,0,3,2020,0,13031 NE 70th Dr,Kirkland,USA
5/21/2014 0:00,275000,3,2.5,2,0,0,3,2030,0,23418 SE 282nd Pl,Maple Valley,USA
5/21/2014 0:00,430000,3,2.75,2,0,0,3,2550,0,14540 5th Ave NE,Shoreline,USA
5/21/2014 0:00,300000,2,1,1,0,0,3,970,0,9807 22nd Ave SW,Seattle,USA
5/21/2014 0:00,396450,3,1.75,1,0,0,5,1540,0,1106-1128 Lewis Ln SE,Issaquah,USA
5/21/2014 0:00,225000,2,1,1,0,0,3,1396,0,24841 Redmond-Fall City Rd NE,Redmond,USA
5/21/2014 0:00,700000,4,3.25,2,0,0,3,2780,0,543 N 138th St,Seattle,USA
5/21/2014 0:00,260000,6,2,1,0,0,3,2220,0,142 11th St SE,Auburn,USA
5/21/2014 0:00,655000,4,3.5,2,0,3,3,1670,680,11221 NE 106th Pl,Kirkland,USA
5/21/2014 0:00,1185000,3,2.25,2,0,0,5,2760,0,13204 NE 45th St,Bellevue,USA
5/21/2014 0:00,1550000,3,2.5,2,0,0,3,4460,0,126th Ln NE,Kirkland,USA
5/21/2014 0:00,413800,3,2,1,0,0,3,1440,0,23571-23613 NE Twinberry Way,Redmond,USA
5/21/2014 0:00,950000,5,3.75,2,0,2,3,3570,1760,832 Summerhill Ridge Dr NW,Issaquah,USA
5/21/2014 0:00,334990,4,2.5,2,0,0,3,2220,0,11283-11399 5th Ave SW,Seattle,USA
5/21/2014 0:00,2700000,5,4.75,2,0,2,3,3745,1560,1010 6th St W,Kirkland,USA
5/21/2014 0:00,1030000,3,4,2,0,3,3,3700,180,8090 Juanita Dr NE,Kirkland,USA
5/21/2014 0:00,1130000,4,3.25,1,0,1,3,2680,1130,10022 NE 110th St,Kirkland,USA
5/21/2014 0:00,556000,3,3,2,0,0,3,1600,360,1150 NE Park Dr,Issaquah,USA
5/21/2014 0:00,360000,3,2.5,3,0,0,3,1530,0,933 N 97th St,Seattle,USA
5/22/2014 0:00,480000,4,2.25,2,0,0,4,3250,0,28030 185th Pl SE,Kent,USA
5/22/2014 0:00,324000,3,2.5,2,0,0,3,1750,0,11201 SE 190th Pl,Renton,USA
5/22/2014 0:00,1050000,4,3.25,2,0,0,3,3440,0,11704 NE 41st St,Kirkland,USA
5/22/2014 0:00,275000,1,0.75,1,0,0,5,880,290,37316 W Lake Walker Dr SE,Enumclaw,USA
5/22/2014 0:00,180000,3,1,1,0,0,3,870,0,19654 SE 260th St,Covington,USA
5/22/2014 0:00,749000,4,2.5,2,0,0,3,2930,0,1645 219th Pl SE,Sammamish,USA
5/22/2014 0:00,1600000,3,2.5,1,0,2,4,1820,1340,9410 Lake Washington Blvd NE,Bellevue,USA
5/22/2014 0:00,373500,2,1,1,0,0,3,800,0,108 NW 41st St,Seattle,USA
5/22/2014 0:00,770000,4,2.5,2,0,0,4,2350,0,14019 SE 61st Pl,Bellevue,USA
5/22/2014 0:00,356000,2,1.75,1,0,0,3,1060,0,15523 187th Ave NE,Woodinville,USA
5/22/2014 0:00,625000,3,1.75,1,0,0,4,1350,710,6619 147th Ct NE,Redmond,USA
5/22/2014 0:00,494400,2,1.75,1,0,0,4,780,780,115 Blaine St,Seattle,USA
5/22/2014 0:00,585000,4,1.75,1,0,3,3,1500,1500,3901 Park Ave N,Renton,USA
5/22/2014 0:00,926300,3,1.5,2,0,0,3,1660,0,1814 1st Ave W,Seattle,USA
5/22/2014 0:00,600000,3,1.75,1,0,0,5,1040,610,547 NE 81st St,Seattle,USA
5/22/2014 0:00,430000,4,3,2,0,0,3,2450,770,20301 96th Ave S,Kent,USA
5/22/2014 0:00,307000,3,1.5,1,0,0,3,2320,0,26905 NE Cherry St,Duvall,USA
5/22/2014 0:00,604700,4,2.75,1,0,3,3,1720,1030,27318 10th Pl S,Des Moines,USA
5/22/2014 0:00,219900,3,1,1,0,0,2,910,0,303 SW 108th St,Seattle,USA
5/22/2014 0:00,270000,2,1.5,2,0,0,3,840,0,9122 23rd Ave NE,Seattle,USA
5/22/2014 0:00,432000,3,2.25,2,0,0,3,1090,380,7202 California Ave SW,Seattle,USA
5/22/2014 0:00,300000,6,2,1,0,0,4,2040,0,555 Index Ave NE,Renton,USA
5/22/2014 0:00,361000,3,1,1.5,0,4,4,1100,0,28764 Redondo Beach Dr S,Des Moines,USA
5/22/2014 0:00,249950,2,1,1,0,0,4,940,0,628 SW 136th St,Burien,USA
5/22/2014 0:00,320000,3,2,1,0,0,5,1110,0,17040 426th Ave SE,North Bend,USA
5/22/2014 0:00,305000,4,1.75,1.5,0,0,5,1400,800,12036 23rd Ave S,Seattle,USA
5/22/2014 0:00,503000,2,1.75,1,1,4,3,1510,1350,4338 SW 307th St,Federal Way,USA
5/22/2014 0:00,235750,2,1,1,0,0,2,740,0,11050 24th Pl SW,Seattle,USA
5/22/2014 0:00,657000,4,1.75,1,0,2,3,1370,1370,5524 S Morgan St,Seattle,USA
5/22/2014 0:00,385000,3,1,1,0,0,4,1250,0,16204 SE 8th St,Bellevue,USA
5/22/2014 0:00,389950,4,2.5,2,0,0,3,3140,0,32800 7th Ave SW,Federal Way,USA
5/22/2014 0:00,150000,2,1,1,0,0,3,820,0,10218 Aqua Way S,Seattle,USA
5/22/2014 0:00,254500,4,2.75,2,0,0,3,1720,850,1621 56th Ct SE,Auburn,USA
5/22/2014 0:00,555000,4,2.25,1,0,0,4,1430,920,15800 SE 50th St,Bellevue,USA
5/22/2014 0:00,1075000,4,3,1,0,4,4,2100,1500,2646 168th Ave SE,Bellevue,USA
5/22/2014 0:00,245000,4,2,1,0,0,3,1040,540,2306 S 284th Pl,Federal Way,USA
5/22/2014 0:00,319950,2,1,1,0,2,5,1070,0,7057 S Lakeridge Dr,Seattle,USA
5/22/2014 0:00,337000,3,1,1,0,0,5,1070,0,12551 Roosevelt Way NE,Seattle,USA
5/22/2014 0:00,492000,4,2,2,0,0,3,1640,0,639 NW 52nd St,Seattle,USA
5/22/2014 0:00,1170000,3,2.75,2,0,3,4,2830,60,4506 Lake Washington Blvd NE,Kirkland,USA
5/22/2014 0:00,348580,3,1,1,0,0,3,1220,0,14405 105th Ave NE,Kirkland,USA
5/22/2014 0:00,180000,2,1,1,0,0,3,900,500,309 Hardie Ave NW,Renton,USA
5/22/2014 0:00,400000,3,1,1,0,0,3,1040,0,5440 42nd Ave SW,Seattle,USA
5/22/2014 0:00,295000,4,2,1,0,0,5,980,0,17026 426th Ave SE,North Bend,USA
5/22/2014 0:00,910000,4,3.25,1.5,0,0,3,2240,1100,15243 NE 71st Ct,Redmond,USA
5/22/2014 0:00,1150000,6,4.5,2,0,0,3,4100,1940,4616 252nd Ave SE,Issaquah,USA
5/22/2014 0:00,431500,3,3.5,2,0,0,3,1430,470,6527 41st Ave SW,Seattle,USA
5/22/2014 0:00,180000,4,1.5,1,0,0,3,1020,720,13904 24th Ave S,SeaTac,USA
5/22/2014 0:00,677000,3,2,1,0,0,4,1100,900,1330 N Lucas Pl,Seattle,USA
5/22/2014 0:00,1180500,3,1.75,1,0,0,3,1090,520,1015 36th Ave E,Seattle,USA
5/22/2014 0:00,635700,4,2.5,1,0,0,3,1860,1380,2069 211th Ave NE,Sammamish,USA
5/22/2014 0:00,482000,5,2.25,1,0,0,3,1320,910,16218 195th Pl NE,Woodinville,USA
5/22/2014 0:00,168000,2,2.5,2,0,0,3,1160,0,8601-8633 26th Ave SW,Seattle,USA
5/22/2014 0:00,805000,4,2.75,1,0,0,5,1410,1000,3210 NW 58th St,Seattle,USA
5/22/2014 0:00,398000,2,1,1.5,0,0,3,590,0,29613-29615 232nd Ave SE,Black Diamond,USA
5/22/2014 0:00,665000,4,2.5,2,0,0,3,2600,0,14623 SE 82nd Ct,Newcastle,USA
5/22/2014 0:00,592500,4,3,1,0,0,4,1370,800,18504 NE 21st St,Redmond,USA
5/22/2014 0:00,940000,4,2.75,1.5,0,0,3,2080,0,6042 Sycamore Ave NW,Seattle,USA
5/22/2014 0:00,655000,4,2.5,2,0,0,3,2860,0,2853 234th Ave SE,Sammamish,USA
5/22/2014 0:00,622500,4,2.5,2,0,0,3,2980,0,34823 Rhododendron Dr SE,Snoqualmie,USA
5/22/2014 0:00,380000,2,2.5,2,0,0,3,1060,170,2031 S Washington St,Seattle,USA
5/22/2014 0:00,648360,4,1.75,1,0,1,4,1130,1130,137 18th Ave,Kirkland,USA
5/22/2014 0:00,432000,3,2.75,1,0,0,3,1100,1100,21013 NE 60th Pl,Redmond,USA
5/22/2014 0:00,1050000,4,2.5,1.5,0,0,4,3030,0,3255 111th Ave SE,Bellevue,USA
5/22/2014 0:00,353250,2,1,2,0,0,3,1060,0,1523 30th Ave S,Seattle,USA
5/22/2014 0:00,1000000,4,3,2,0,0,3,4260,0,2432 267th Ct SE,Sammamish,USA
5/22/2014 0:00,320000,3,2.25,2,0,0,3,798,200,820 NW 95th St,Seattle,USA
5/22/2014 0:00,349900,4,2.5,2,0,0,3,2052,0,35650 30th Ave S,Federal Way,USA
5/22/2014 0:00,330000,4,3.5,2,0,0,3,3150,0,22547 134th Pl SE,Kent,USA
5/22/2014 0:00,408000,3,2.25,1,0,0,4,1950,0,3742 S 192nd St,SeaTac,USA
5/22/2014 0:00,321000,3,2.25,3,0,0,3,1347,0,14007-14017 35th Ave NE,Seattle,USA
5/22/2014 0:00,1051000,4,3.75,2.5,0,0,3,3860,0,2603 NE Davis Loop,Issaquah,USA
5/22/2014 0:00,2150000,4,5.5,2,0,0,3,5060,0,1500-1598 98th Ave NE,Bellevue,USA
5/22/2014 0:00,359000,3,1.5,3,0,0,3,1360,0,709 N 94th St,Seattle,USA
5/22/2014 0:00,300000,5,2.5,2,0,0,3,2760,0,843 S Rose St,Seattle,USA
5/22/2014 0:00,380000,5,3.5,2,0,0,3,2420,0,8803 38th Ave S,Seattle,USA
5/22/2014 0:00,660000,3,2.5,2,0,0,3,2450,0,10741 242nd Pl NE,Redmond,USA
5/22/2014 0:00,355000,3,2.25,3,0,0,3,1280,0,8526 Nesbit Ave N,Seattle,USA
5/22/2014 0:00,259000,3,2.5,2,0,0,3,1550,0,1506 51st St NE,Auburn,USA
5/22/2014 0:00,353000,1,1,2,0,0,3,550,0,1620 14th Ave,Seattle,USA
5/22/2014 0:00,430000,2,2.5,2,0,0,3,1240,280,2310 15th Ave S,Seattle,USA
5/23/2014 0:00,460000,3,1,1.5,0,0,4,1170,500,8030 18th Ave NW,Seattle,USA
5/23/2014 0:00,80000,1,0.75,1,0,0,2,430,0,32215 E Rutherford St,Carnation,USA
5/23/2014 0:00,782000,4,2.5,2,0,0,4,2380,0,16810 SE 47th Way,Bellevue,USA
5/23/2014 0:00,218000,3,1,1,0,0,5,960,0,506 Harmony Ln,Enumclaw,USA
5/23/2014 0:00,325000,3,1,1,0,2,3,1120,800,4602 S Fletcher St,Seattle,USA
5/23/2014 0:00,980000,4,3,1,0,3,3,2060,1620,1414 Magnolia Blvd W,Seattle,USA
5/23/2014 0:00,902000,4,2.25,1,0,0,5,1570,960,4632 141st Ct SE,Bellevue,USA
5/23/2014 0:00,556000,5,2.5,2,0,0,3,3840,0,739 SW 337th St,Federal Way,USA
5/23/2014 0:00,662990,3,1.75,1.5,0,0,5,1240,0,2552 57th Ave SW,Seattle,USA
5/23/2014 0:00,225000,2,1,1.5,0,0,4,1300,0,33023 SE 310th St,Ravensdale,USA
5/23/2014 0:00,439950,4,2.5,2,0,0,3,2380,0,313 Mt Baker Pl NE,Renton,USA
5/23/2014 0:00,175000,2,1,1,0,0,5,1300,0,30557 55th Ave S,Auburn,USA
5/23/2014 0:00,306000,2,1,1,0,0,4,780,0,15210 Mink Rd NE,Woodinville,USA
5/23/2014 0:00,235000,4,2.5,1,0,0,3,1230,580,17421 SE Covington Sawyer Rd,Kent,USA
5/23/2014 0:00,399500,3,1.75,2,0,0,3,2420,0,227 W Park St,North Bend,USA
5/23/2014 0:00,478000,3,1,1.5,0,0,3,1280,0,6008 8th Ave NE,Seattle,USA
5/23/2014 0:00,515000,2,1,1,0,0,4,1140,540,5906 44th Ave SW,Seattle,USA
5/23/2014 0:00,550000,3,2.5,2,0,0,3,2510,0,919 N 33rd St,Renton,USA
5/23/2014 0:00,149000,3,1,1,0,0,3,1700,0,12701 2nd Ave SW,Seattle,USA
5/23/2014 0:00,526000,3,1.75,1,0,0,3,960,720,7717 35th Ave NE,Seattle,USA
5/23/2014 0:00,527550,1,0.75,1,0,0,3,820,0,7608 N Fork Rd SE,Snoqualmie,USA
5/23/2014 0:00,1050000,3,4,2,0,0,5,4380,0,17301 NE 131st St,Redmond,USA
5/23/2014 0:00,625000,3,2.5,1,0,0,3,2600,0,22922 NE 14th St,Sammamish,USA
5/23/2014 0:00,950000,5,3.25,2,0,0,3,3400,0,15251 NE 6th St,Bellevue,USA
5/23/2014 0:00,377691,5,1.75,1,0,0,4,1320,800,18318 Meridian Ave N,Shoreline,USA
5/23/2014 0:00,648475,4,2.75,1,0,0,3,1200,1050,2436 Dexter Ave N,Seattle,USA
5/23/2014 0:00,383000,3,1,1,0,0,4,1200,600,8639 36th Ave SW,Seattle,USA
5/23/2014 0:00,535000,3,2.5,2,0,0,3,2210,0,10526 157th Ave NE,Redmond,USA
5/23/2014 0:00,449950,3,2,2,0,0,3,1560,0,828 NE 83rd St,Seattle,USA
5/23/2014 0:00,465425,4,2.75,1,0,0,3,2430,0,14951 NE 204th St,Woodinville,USA
5/23/2014 0:00,675000,4,2.5,2,0,0,4,2560,0,26007 SE 27th St,Sammamish,USA
5/23/2014 0:00,599000,3,2.75,1.5,0,0,5,1410,550,427 N 63rd St,Seattle,USA
5/23/2014 0:00,416000,3,1.5,1,0,0,4,1110,0,14222 NE 80th Pl,Redmond,USA
5/23/2014 0:00,595000,2,1.5,1,0,0,3,830,200,2726 Mayfair Ave N,Seattle,USA
5/23/2014 0:00,200000,4,1,1,0,0,3,1350,0,19516-19598 108th Ave SE,Renton,USA
5/23/2014 0:00,402000,3,2,2,0,0,3,1540,0,2460 NE Park Dr,Issaquah,USA
5/23/2014 0:00,433000,4,1.75,1,0,0,4,1010,820,16130 SE Newport Way,Bellevue,USA
5/23/2014 0:00,275000,4,1.5,2,0,0,3,1930,0,28616 28th Pl S,Federal Way,USA
5/23/2014 0:00,410000,3,2,1.5,0,0,3,1650,0,12721 83rd Ct NE,Kirkland,USA
5/23/2014 0:00,554820,4,2,1,0,2,3,2210,1300,1962 SW 172nd St,Burien,USA
5/23/2014 0:00,1325000,4,3,1,0,3,3,1860,1510,3524 NW 67th St,Seattle,USA
5/23/2014 0:00,735000,3,2.5,2,0,0,3,2390,0,14500-14526 NE 61st St,Redmond,USA
5/23/2014 0:00,607000,3,1,1,0,0,4,1230,0,3126 108th Ave SE,Bellevue,USA
5/23/2014 0:00,549900,4,3,2,0,0,4,2830,0,34422 176th Ave SE,Auburn,USA
5/23/2014 0:00,258000,3,1.75,1,0,0,3,1310,310,21659 SE 266th St,Maple Valley,USA
5/23/2014 0:00,661254,4,4,1.5,0,0,5,1690,600,2319 41st Ave SW,Seattle,USA
5/23/2014 0:00,945000,4,2,1,0,0,3,1420,1420,9723 NE 15th St,Clyde Hill,USA
5/23/2014 0:00,799950,4,3.5,2,0,0,3,4220,0,5002 Jasmine Ave SE,Auburn,USA
5/23/2014 0:00,132500,3,1,1,0,0,3,1080,0,4411 S 314th St,Auburn,USA
5/23/2014 0:00,467100,3,1.75,1,0,0,3,1190,430,6605-6609 141st Pl NE,Redmond,USA
5/23/2014 0:00,1610000,4,3.5,2,0,3,3,3060,1330,2758 68th Ave SE,Mercer Island,USA
5/23/2014 0:00,641000,3,1.75,1,0,0,5,940,680,6729 Dibble Ave NW,Seattle,USA
5/23/2014 0:00,350000,3,1,1,0,0,4,1010,0,16220 8th Ave NE,Shoreline,USA
5/23/2014 0:00,335000,4,2.5,1,0,0,4,1240,510,15216 SE 176th Pl,Renton,USA
5/23/2014 0:00,900000,3,3.5,1.5,0,3,3,4080,0,37739 Auburn Enumclaw Rd SE,Auburn,USA
5/23/2014 0:00,440000,4,2.5,1,0,0,4,1280,1280,749 Mountain View Pl SW,Issaquah,USA
5/23/2014 0:00,464600,3,1.75,1.5,0,0,4,1120,0,6617 Beveridge Pl SW,Seattle,USA
5/23/2014 0:00,1200000,4,3.5,2,0,0,3,4740,0,19933 NE 85th St,Redmond,USA
5/23/2014 0:00,300000,2,1,1,0,2,3,1340,0,7111 S Ryan St,Seattle,USA
5/23/2014 0:00,670500,4,2,1,0,0,3,1590,0,2333 12th Ave E,Seattle,USA
5/23/2014 0:00,552000,3,1,1,0,0,4,1080,350,6008 29th Ave NE,Seattle,USA
5/23/2014 0:00,244000,4,1,1,0,0,3,1450,0,1011 SW 118th St,Seattle,USA
5/23/2014 0:00,788600,4,2.75,2,0,0,3,3500,0,8930-9034 236th Ave NE,Redmond,USA
5/23/2014 0:00,445000,3,2,1,0,0,3,1630,0,1905 NE 29th Ct,Renton,USA
5/23/2014 0:00,530000,4,1.75,1,0,0,4,944,870,7532 44th Ave NE,Seattle,USA
5/23/2014 0:00,90000,2,1,1,0,0,3,580,0,6621 S 131st Pl,Seattle,USA
5/23/2014 0:00,585000,3,2,1.5,0,0,3,1670,0,7705 13th Ave NW,Seattle,USA
5/23/2014 0:00,498000,2,2,1,0,0,3,1140,0,2086 Market St,Kirkland,USA
5/23/2014 0:00,379000,2,1,1,0,2,3,800,0,1709 NE 86th St,Seattle,USA
5/23/2014 0:00,462000,3,1.75,1,0,0,5,820,480,825 NE 63rd St,Seattle,USA
5/23/2014 0:00,388000,4,2.5,2,0,0,3,2440,0,16032 SE 170th Pl,Renton,USA
5/23/2014 0:00,255000,3,2,1.5,0,0,3,1490,0,11405 SE 229th St,Kent,USA
5/23/2014 0:00,665000,3,2.75,1,0,0,4,1320,480,12115 SE 44th Pl,Bellevue,USA
5/23/2014 0:00,550000,3,2,1,0,0,5,1830,0,11815 SE 56th St,Bellevue,USA
5/23/2014 0:00,606000,3,1,1,0,0,3,1000,500,128 NW 59th St,Seattle,USA
5/23/2014 0:00,334000,4,2.5,1,0,2,4,1410,800,12413 84th Ave S,Seattle,USA
5/23/2014 0:00,360000,3,2,3,0,0,3,1270,0,8830 Midvale Ave N,Seattle,USA
5/23/2014 0:00,235000,2,1,1.5,0,0,3,1010,130,3002 SW Cycle Ct,Seattle,USA
5/23/2014 0:00,580000,3,2.5,3,0,4,3,1470,150,5410 Greenwood Ave N,Seattle,USA
5/23/2014 0:00,355000,3,2,3,0,0,3,1220,0,9245a Interlake Ave N,Seattle,USA
5/23/2014 0:00,375000,2,2.5,2,0,0,3,750,0,1700 E Columbia St,Seattle,USA
5/24/2014 0:00,372000,4,1.75,1,0,0,5,1340,620,16803 426th Pl SE,North Bend,USA
5/24/2014 0:00,479000,3,1,1.5,0,0,3,1370,0,611 N 46th St,Seattle,USA
5/24/2014 0:00,2000000,5,4,3,1,4,3,4580,0,4277 E Lake Sammamish Shore Ln SE,Sammamish,USA
5/24/2014 0:00,1680000,4,4.25,2,0,0,3,5584,0,29002 NE 3rd Way,Carnation,USA
5/24/2014 0:00,501000,2,1,1,0,0,5,1010,0,7550 Roosevelt Way NE,Seattle,USA
5/24/2014 0:00,245000,3,1.75,1,0,0,3,1260,0,23221 SE 242nd St,Maple Valley,USA
5/24/2014 0:00,496700,3,2.5,2,0,0,4,1740,0,3512 253rd Ct SE,Issaquah,USA
5/24/2014 0:00,347000,4,1.5,2,0,0,3,2670,0,1121 48th Ct SE,Auburn,USA
5/24/2014 0:00,199000,2,1,1,0,0,5,720,0,3113 SE 6th St,Renton,USA
5/24/2014 0:00,440500,3,2.5,2,0,0,3,2460,0,34214 SE Carmichael St,Snoqualmie,USA
5/24/2014 0:00,820000,4,2.5,2,0,0,3,3670,0,19454 SE 27th Pl,Sammamish,USA
5/25/2014 0:00,325000,4,3.5,1.5,0,3,3,1640,990,18641 48th Pl S,SeaTac,USA
5/25/2014 0:00,195000,3,1.75,1,0,0,3,1570,0,1168 Semanski St,Enumclaw,USA
5/25/2014 0:00,675000,3,3,1,0,0,3,1820,1160,15017-15023 NE 144th St,Redmond,USA
5/25/2014 0:00,295000,3,2.5,2,0,0,3,1560,0,23620 SE 243rd Pl,Maple Valley,USA
5/25/2014 0:00,355300,3,2.5,1,0,0,5,1620,0,19584-19766 Meridian Ave N,Shoreline,USA
5/26/2014 0:00,276000,3,1,1,0,0,3,1140,0,5403 23rd Ave SW,Seattle,USA
5/26/2014 0:00,460000,2,1.5,1,0,0,4,1570,1160,19807 330th Ave NE,Duvall,USA
5/26/2014 0:00,880000,3,2,1,0,0,4,2130,0,16704 162nd Ave NE,Woodinville,USA
5/26/2014 0:00,370000,3,2.5,2,0,0,3,1780,0,1743 NE 146th St,Shoreline,USA
5/26/2014 0:00,346000,4,2.5,2,0,0,3,2100,0,11674 SE 189th Pl,Renton,USA
5/26/2014 0:00,172500,3,1,1,0,0,3,1140,0,4804 S 378th St,Auburn,USA
5/26/2014 0:00,379950,3,1.5,1,0,0,4,1140,550,6601 NE 153rd Pl,Kenmore,USA
5/27/2014 0:00,468000,2,1,1,0,0,4,860,300,3169 NE 85th St,Seattle,USA
5/27/2014 0:00,477000,4,2.75,2,0,0,3,1720,0,5149 S Graham St,Seattle,USA
5/27/2014 0:00,529000,3,1,1.5,0,0,4,1210,0,6015 5th Ave NW,Seattle,USA
5/27/2014 0:00,312000,3,1.5,3,0,0,3,1255,0,11716 16th Ave NE,Seattle,USA
5/27/2014 0:00,326100,2,1,1,0,0,3,880,0,11709 3rd Ave NW,Seattle,USA
5/27/2014 0:00,360000,3,1,1.5,0,0,3,1050,0,10710 Lake City Way NE,Seattle,USA
5/27/2014 0:00,438000,3,1.75,1,0,0,4,1650,0,18504 57th Ave NE,Kenmore,USA
5/27/2014 0:00,360000,3,1,1,0,0,3,1570,0,19141 1st Ave NW,Shoreline,USA
5/27/2014 0:00,1050000,4,2.5,1,0,3,3,1470,1450,3438-3474 S Charles St,Seattle,USA
5/27/2014 0:00,688000,4,3,1.5,0,3,3,1970,1030,3220 19th Ave S,Seattle,USA
5/27/2014 0:00,585000,3,1.75,1,0,0,4,1850,0,4640 193rd Ave SE,Issaquah,USA
5/27/2014 0:00,265000,3,2.5,1,0,0,4,1000,440,11009 SE 220th Pl,Kent,USA
5/27/2014 0:00,375000,3,1.75,1,0,0,3,1440,0,13607 128th Ave NE,Kirkland,USA
5/27/2014 0:00,326500,3,1,2,0,0,3,1810,0,15717 126th Pl NE,Woodinville,USA
5/27/2014 0:00,160000,2,1,1,0,0,3,1180,0,12662 60th Ave S,Seattle,USA
5/27/2014 0:00,1570000,4,3.75,2,0,0,5,2400,670,1527 39th Ave E,Seattle,USA
5/27/2014 0:00,735000,5,2.75,2,0,0,3,3390,0,Trossachs Blvd SE,Sammamish,USA
5/27/2014 0:00,400000,2,1,1,0,0,2,1470,0,3825 NE 87th St,Seattle,USA
5/27/2014 0:00,800000,4,2.5,1,0,0,3,1380,1300,11540 NE 91st St,Kirkland,USA
5/27/2014 0:00,949880,4,2.25,2,0,0,3,2290,0,10413 SE 25th St,Bellevue,USA
5/27/2014 0:00,405000,3,1.75,1,0,0,4,1310,670,2317 N 147th St,Shoreline,USA
5/27/2014 0:00,399000,4,2.5,2,0,0,3,2540,330,16727 163rd Pl SE,Renton,USA
5/27/2014 0:00,730001,3,2,1,0,0,5,1010,830,7741 29th Ave NW,Seattle,USA
5/27/2014 0:00,1795000,4,3.25,2,0,3,3,4060,0,6875 SE 33rd St,Mercer Island,USA
5/27/2014 0:00,260000,3,2,1,0,0,3,1630,0,311 Dereks Pl,Pacific,USA
5/27/2014 0:00,751750,2,2,1.5,0,0,3,1880,0,516 16th Ave E,Seattle,USA
5/27/2014 0:00,325000,3,1.75,1,0,0,4,1780,0,26222 142nd Ave SE,Kent,USA
5/27/2014 0:00,344950,4,2,1,0,0,4,1400,930,440 Scenic Way,Kent,USA
5/27/2014 0:00,457500,3,1.75,1,0,0,5,1050,790,1626 S Bennett St,Seattle,USA
5/27/2014 0:00,389000,5,2,1,0,0,4,1190,1140,14323 73rd Ave NE,Kenmore,USA
5/27/2014 0:00,515000,4,2.5,2,0,0,3,3200,0,5201 NE 11th Ct,Renton,USA
5/27/2014 0:00,732000,3,2.5,2,0,4,3,1410,920,6123 37th Ave NW,Seattle,USA
5/27/2014 0:00,415000,3,2.25,1,0,0,3,1350,600,1531 NE 172nd St,Shoreline,USA
5/27/2014 0:00,1655000,4,3.5,2,0,3,3,2300,780,2441-2499 Crane Dr W,Seattle,USA
5/27/2014 0:00,535000,2,1,1,0,0,3,1040,0,6559 42nd Ave NE,Seattle,USA
5/27/2014 0:00,540000,4,4.25,2,0,0,3,1960,0,2113 41st Ave SW,Seattle,USA
5/27/2014 0:00,525000,5,3,1.5,0,0,5,1750,1000,7550 14th Avenue Northeast,Seattle,USA
5/27/2014 0:00,570000,3,1.75,1,0,0,3,1930,0,15816 NE 195th St,Woodinville,USA
5/27/2014 0:00,569950,5,4.5,2,0,0,3,4850,0,31617 6th Ave SW,Federal Way,USA
5/27/2014 0:00,283200,4,2.5,2,0,0,3,1982,0,26526 111th Pl SE,Kent,USA
5/27/2014 0:00,1100000,3,2.75,1.5,0,0,5,1750,890,1532 McGilvra Blvd E,Seattle,USA
5/27/2014 0:00,830000,4,2.5,1,0,0,3,1430,420,5022 Private Rd,Redmond,USA
5/27/2014 0:00,495000,4,2.25,1,0,0,4,1430,510,1805 154th Ave SE,Bellevue,USA
5/27/2014 0:00,292050,5,3,1,0,0,3,1710,1130,10719 47th Ave S,Tukwila,USA
5/27/2014 0:00,415000,5,1.5,1,0,0,3,1130,770,8605 NE 137th St,Kirkland,USA
5/27/2014 0:00,295832,5,1,1,0,0,5,960,450,20208 1st Pl S,Des Moines,USA
5/27/2014 0:00,450000,4,2.5,2,0,0,3,2520,0,28312 NE 138th Pl,Duvall,USA
5/27/2014 0:00,1381000,4,3.75,2.5,0,0,3,3160,0,4646 88th Ave SE,Mercer Island,USA
5/27/2014 0:00,857000,4,3,2,0,0,3,3720,0,10161 134th Pl NE,Kirkland,USA
5/27/2014 0:00,499950,3,3.5,2,0,0,3,1430,390,729 Martin Luther King Jr Way S,Seattle,USA
5/27/2014 0:00,465000,3,2,1,0,0,5,1560,0,14216-14228 117th Ave NE,Kirkland,USA
5/27/2014 0:00,329000,3,1,1,0,0,4,1150,450,8127 22nd Ave SW,Seattle,USA
5/27/2014 0:00,475000,3,2,1,0,0,4,1230,0,15918 NE 113th Ct,Redmond,USA
5/27/2014 0:00,255000,3,1,1,0,0,3,960,0,20234 20th Ave NE,Shoreline,USA
5/27/2014 0:00,435000,3,1,1.5,0,2,3,1270,0,3824 35th Ave SW,Seattle,USA
5/27/2014 0:00,685000,3,2.5,2,0,0,3,2810,0,6231 Lake Washington Blvd SE,Bellevue,USA
5/27/2014 0:00,715000,2,2.5,1,0,0,3,2160,0,23744 NE 116th Pl,Redmond,USA
5/27/2014 0:00,780000,3,3,1.5,0,0,3,1560,960,1906 11th Ave W,Seattle,USA
5/27/2014 0:00,345000,2,1.5,2,0,0,3,990,190,323 25th Ave S,Seattle,USA
5/27/2014 0:00,355000,4,2.25,2,0,0,3,1810,0,1035 Duvall Pl NE,Renton,USA
5/27/2014 0:00,282000,3,2.5,1,0,0,3,1240,440,20020 127th Pl SE,Kent,USA
5/27/2014 0:00,244000,3,1,1,0,0,4,910,0,1256 SW 146th St,Burien,USA
5/27/2014 0:00,967500,3,3.75,2,0,2,4,2370,880,3041 37th Ave W,Seattle,USA
5/27/2014 0:00,375000,3,1.5,1,0,0,3,1520,480,5230 S Rose St,Seattle,USA
5/27/2014 0:00,1600000,3,3.25,2,0,4,3,3790,0,17780 13th Ave NW,Seattle,USA
5/27/2014 0:00,527500,3,1.75,1,0,0,3,1760,550,1950 NW Goode Pl,Issaquah,USA
5/27/2014 0:00,994000,3,2.25,1.5,0,2,5,1810,700,3227 Whalley Pl W,Seattle,USA
5/27/2014 0:00,313000,3,1.75,1,0,0,5,1320,0,15345 Stone Ave N,Shoreline,USA
5/27/2014 0:00,587000,3,2.25,2,0,0,3,2370,0,3118 264th Ave NE,Redmond,USA
5/27/2014 0:00,304000,3,1,1,0,0,4,900,0,7725 NE 143rd St,Kirkland,USA
5/27/2014 0:00,675000,3,2.5,2,0,1,4,2540,0,12037 6th Ave NW,Seattle,USA
5/27/2014 0:00,305000,4,1,1,0,0,4,1050,1050,16423 126th Pl SE,Renton,USA
5/27/2014 0:00,280000,3,1,1,0,0,3,920,280,10424 2nd Ave S,Seattle,USA
5/27/2014 0:00,960000,5,4,2,0,0,3,3720,0,1414 235th Pl SE,Sammamish,USA
5/27/2014 0:00,500000,3,2.25,2,0,0,3,1760,0,3728 246th Ave SE,Issaquah,USA
5/27/2014 0:00,274950,3,1.75,1,0,0,3,1320,350,16828 SE 251 St,Covington,USA
5/27/2014 0:00,455600,3,2.5,2,0,0,3,2420,0,7000 Autumn Ave SE,Snoqualmie,USA
5/27/2014 0:00,970000,5,3,2,0,0,4,3480,0,3601-3733 Greenbrier Ln,Mercer Island,USA
5/27/2014 0:00,312900,4,2.5,2,0,0,3,1630,0,24506 SE 276th Ct,Maple Valley,USA
5/27/2014 0:00,535000,4,2.5,2,0,0,3,2340,0,10207 37th Ave SW,Seattle,USA
5/27/2014 0:00,427000,2,1,1,0,0,3,920,0,807 N 42nd St,Seattle,USA
5/27/2014 0:00,405000,2,1,1,0,0,3,910,0,8221 21st Ave NE,Seattle,USA
5/27/2014 0:00,480000,3,1,1,0,2,3,1150,0,4103 37th Ave SW,Seattle,USA
5/27/2014 0:00,725000,3,1.5,1.5,0,2,3,1450,1050,4111 1st Ave NW,Seattle,USA
5/27/2014 0:00,293000,4,2.5,1,0,2,3,3250,0,17101-17103 SE 383rd St,Auburn,USA
5/27/2014 0:00,268000,4,2,1,0,0,4,1030,900,13436 Occidental Ave S,Burien,USA
5/27/2014 0:00,475000,4,3.5,2,0,0,3,2500,900,19132 Beall Rd SW,Vashon,USA
5/27/2014 0:00,488000,3,2.5,3,0,0,3,1590,0,6601-6699 28th Ave NW,Seattle,USA
5/27/2014 0:00,760000,4,2.5,2,0,0,3,3330,0,14009 NE 85th Ct,Redmond,USA
5/27/2014 0:00,1710000,5,4.5,2,0,0,3,4590,0,6402-6412 105th Ave NE,Kirkland,USA
5/27/2014 0:00,754950,3,2.5,2,0,0,3,2610,0,12108 NE 106th Pl,Kirkland,USA
5/27/2014 0:00,263900,3,2.5,2,0,0,3,1658,0,2150 S 262nd Ct,Des Moines,USA
5/27/2014 0:00,460000,3,3.5,2,0,0,3,1240,360,7906 6th Ave NW,Seattle,USA
5/27/2014 0:00,399950,3,3,3,0,0,3,1296,0,12303 Sand Point Way NE,Seattle,USA
5/27/2014 0:00,370000,2,2.25,2,0,0,3,1080,200,3825 S Angeline St,Seattle,USA
5/27/2014 0:00,1149000,4,3,2,0,4,3,4950,990,6310 Fairway Pl SE,Snoqualmie,USA
5/27/2014 0:00,450800,4,3.25,2,0,0,3,2510,0,3617 NE 12th St,Renton,USA
5/27/2014 0:00,627000,3,3.5,2,0,0,3,1650,1060,Shangri-La Way NW,Issaquah,USA
5/27/2014 0:00,495000,3,2.5,3,0,0,3,1750,0,3933 S Brandon St,Seattle,USA
5/28/2014 0:00,310000,3,1,1.5,0,0,4,1430,0,8308 NE 176th Pl,Kenmore,USA
5/28/2014 0:00,550000,4,1,1,0,0,1,930,730,6056 156th Ave NE,Redmond,USA
5/28/2014 0:00,215000,2,1,1,0,0,4,1320,0,2496-2598 S 121st St,Burien,USA
5/28/2014 0:00,799000,4,3,2,0,0,3,2580,0,24927 NE 108th St,Redmond,USA
5/28/2014 0:00,630000,4,2.5,2,0,0,3,2740,0,18808 215th Way NE,Woodinville,USA
5/28/2014 0:00,267000,3,2.5,2,0,0,3,2495,0,35039 41st Pl S,Federal Way,USA
5/28/2014 0:00,900000,6,2.75,1.5,0,0,4,2300,0,2940 72nd Ave SE,Mercer Island,USA
5/28/2014 0:00,365000,3,1.5,1,0,0,3,1300,0,7343 NE 150th St,Kenmore,USA
5/28/2014 0:00,544500,4,2.5,1,0,0,5,1450,780,3022 254th Ave SE,Issaquah,USA
5/28/2014 0:00,599000,4,2.75,1,0,0,3,1010,1010,3212 E Terrace St,Seattle,USA
5/28/2014 0:00,815000,4,2.25,2,0,0,3,2000,0,7708 16th Ave NE,Seattle,USA
5/28/2014 0:00,254000,2,1,1,0,0,4,1060,0,16708 N Park Ave N,Shoreline,USA
5/28/2014 0:00,740000,2,1.75,1,0,0,5,1080,1000,333 NW 84th St,Seattle,USA
5/28/2014 0:00,225000,3,2,1,0,0,4,1220,810,36721 34th Ave S,Auburn,USA
5/28/2014 0:00,925000,3,2.5,2,0,0,5,1840,850,6825 48th Ave NE,Seattle,USA
5/28/2014 0:00,1285000,4,2.5,1,0,0,3,2260,980,5726 61st Ave NE,Seattle,USA
5/28/2014 0:00,537000,3,2.5,2,0,0,5,1550,0,11004 NE 108th St,Kirkland,USA
5/28/2014 0:00,335000,4,2,1,0,0,5,740,740,5840 16th Ave S,Seattle,USA
5/28/2014 0:00,840000,4,2.75,2,0,0,3,2100,940,318 E Mercer St,Seattle,USA
5/28/2014 0:00,224000,3,1.5,1,0,0,4,1040,520,4205 S 288th Pl,Auburn,USA
5/28/2014 0:00,395000,3,2.5,2,0,0,3,2250,0,6730 SE 5th St,Renton,USA
5/28/2014 0:00,450000,3,1,1,0,0,3,1100,0,3920 42nd Ave SW,Seattle,USA
5/28/2014 0:00,681000,3,1,1.5,0,0,3,1700,0,4001 42nd Ave S,Seattle,USA
5/28/2014 0:00,898000,5,1.5,1,0,0,4,1450,1230,2615 109th Pl NE,Bellevue,USA
5/28/2014 0:00,370000,3,1,1,0,0,4,800,0,125 N Bowdoin Pl,Seattle,USA
5/28/2014 0:00,429000,2,1.75,1,0,0,3,1350,0,23039 NE 130th St,Redmond,USA
5/28/2014 0:00,150000,3,1,1.5,0,0,3,820,0,8408 20th Ave SW,Seattle,USA
5/28/2014 0:00,555000,3,2.5,2,0,0,3,2650,510,11131 NE 162nd St,Bothell,USA
5/28/2014 0:00,326000,3,2.75,1,0,0,4,1720,0,18401 124th Ave SE,Renton,USA
5/28/2014 0:00,225000,3,2.5,2,0,0,3,1680,0,30410 128th Pl SE,Auburn,USA
5/28/2014 0:00,245100,3,1.75,1,0,0,3,1300,0,11022 SE 319th Ct,Auburn,USA
5/28/2014 0:00,665000,3,2.5,2,0,0,3,2190,0,1345 232nd Pl NE,Sammamish,USA
5/28/2014 0:00,535000,3,2.5,2,0,0,3,1720,0,4228 249th Ct SE,Issaquah,USA
5/28/2014 0:00,305000,3,1,1,0,0,3,1160,0,15803 197th Pl NE,Woodinville,USA
5/28/2014 0:00,999000,7,4,1,0,0,3,3150,0,714 145th Ave SE,Bellevue,USA
5/28/2014 0:00,215000,3,1.75,1,0,0,4,1210,0,127 Chicago Blvd S,Pacific,USA
5/28/2014 0:00,432500,3,1.75,1,0,0,3,1270,710,8516 Linden Ave N,Seattle,USA
5/28/2014 0:00,655000,4,2.5,2,0,0,3,2990,0,225 246th Ct NE,Sammamish,USA
5/28/2014 0:00,266200,3,1.5,1,0,0,4,1430,0,14217 SE 144th St,Renton,USA
5/28/2014 0:00,244615,3,2.5,2,0,0,3,2060,0,921 4th Ave N,Kent,USA
5/28/2014 0:00,460000,4,3,2,0,0,3,2230,0,27209 110th Ave SE,Kent,USA
5/28/2014 0:00,370000,4,2.5,2,0,0,3,3090,0,34711 5th Ave SW,Federal Way,USA
5/28/2014 0:00,465000,6,3.25,1,0,3,3,2150,2100,29211 7th Pl S,Federal Way,USA
5/28/2014 0:00,1175000,3,2.5,1,1,4,3,1100,870,5923 Beach Dr SW,Seattle,USA
5/28/2014 0:00,189000,2,2,1,0,0,5,850,850,508 D St SE,Auburn,USA
5/28/2014 0:00,820000,3,2.5,2,0,2,3,2510,0,6736 40th Ave SW,Seattle,USA
5/28/2014 0:00,968000,6,2.75,1,0,4,5,2070,1540,20303 SE 40th St,Sammamish,USA
5/28/2014 0:00,1400000,4,3.25,2,0,3,3,2140,840,3115 S Norman St,Seattle,USA
5/28/2014 0:00,438750,3,1.75,1,0,0,4,1610,0,2003 NE 117th St,Seattle,USA
5/28/2014 0:00,1210000,4,2.75,2,0,2,4,2530,1120,4911 NE 65th St,Seattle,USA
5/28/2014 0:00,600000,4,2,1,0,0,3,2510,0,13507 62nd Ave NE,Kirkland,USA
5/28/2014 0:00,589000,3,1,1.5,0,0,5,1110,0,3228 36th Ave W,Seattle,USA
5/28/2014 0:00,590000,3,2,2,0,0,4,1650,0,3627 48th Ave SW,Seattle,USA
5/28/2014 0:00,479900,3,2,1,0,0,3,1980,0,26272 142nd Ave SE,Kent,USA
5/28/2014 0:00,210000,2,1.5,2,0,0,3,880,0,9413 34th Ave SW,Seattle,USA
5/28/2014 0:00,745000,3,1.75,1,0,0,4,1140,350,10637 SE 29th St,Beaux Arts Village,USA
5/28/2014 0:00,840500,3,2,1.5,0,0,4,1410,1110,1917 3rd Ave W,Seattle,USA
5/28/2014 0:00,420000,3,1.75,1,0,0,3,1250,570,4031 W Ames Lake Dr NE,Redmond,USA
5/28/2014 0:00,565000,7,4.5,1,0,0,3,2070,2070,14007 35th Ave NE,Seattle,USA
5/28/2014 0:00,840000,4,2.5,2,0,0,3,3420,0,20525 NE 26th St,Sammamish,USA
5/28/2014 0:00,681716,4,2.5,2,0,0,3,3150,0,1224 N 27th Pl,Renton,USA
5/28/2014 0:00,600000,3,1.75,1,0,0,3,1150,430,12501 SE 4th Pl,Bellevue,USA
5/28/2014 0:00,380000,3,2,1,0,0,3,1660,0,5021 Fauntleroy Way SW,Seattle,USA
5/28/2014 0:00,168500,3,1,1,0,0,3,1100,0,17458 SE 262nd St,Covington,USA
5/28/2014 0:00,355000,2,1,1,0,0,4,960,310,4038 Linden Ave N,Seattle,USA
5/28/2014 0:00,277000,4,1,1,0,0,3,990,460,10020 18th Ave SW,Seattle,USA
5/28/2014 0:00,236000,4,2.25,1,0,0,4,1200,630,4235 SW 337th Pl,Federal Way,USA
5/28/2014 0:00,270000,3,1.75,1,0,0,4,650,650,1309 SW Webster St,Seattle,USA
5/28/2014 0:00,700000,2,1.75,1.5,0,2,3,1720,600,1903 32nd Ave S,Seattle,USA
5/28/2014 0:00,425000,4,2.75,1,0,0,4,1080,600,7220 NE 152nd Pl,Kenmore,USA
5/28/2014 0:00,635000,3,2.5,1.5,0,0,4,2000,300,2739 31st Ave S,Seattle,USA
5/28/2014 0:00,510250,3,1.75,1,0,0,3,870,530,8520 19th Ave NW,Seattle,USA
5/28/2014 0:00,960000,4,2.25,2,0,2,5,1800,610,7006 35th Ave NW,Seattle,USA
5/28/2014 0:00,254000,3,2,1,0,0,4,1480,0,21438 SE 277th St,Maple Valley,USA
5/28/2014 0:00,299000,3,1,1.5,0,0,4,1390,0,2544 NE 203rd St,Shoreline,USA
5/28/2014 0:00,175000,2,1,1,0,0,3,830,0,22775 SE 242nd Pl,Maple Valley,USA
5/28/2014 0:00,157500,2,1,1,0,0,3,740,0,20206-20212 108th Ave SE,Kent,USA
5/28/2014 0:00,580000,5,2,1,0,0,5,970,970,8026 38th Ave NE,Seattle,USA
5/28/2014 0:00,124740,3,1,1,0,0,4,1340,0,31118 149th Ave SE,Kent,USA
5/28/2014 0:00,1970000,8,3.5,2,0,3,5,3140,1300,1210 22nd Ave E,Seattle,USA
5/28/2014 0:00,285000,2,1,1,0,0,3,800,0,13332 30th Ave NE,Seattle,USA
5/28/2014 0:00,242000,3,1.75,1,0,0,3,1310,0,21860 Military Rd S,SeaTac,USA
5/28/2014 0:00,840000,4,1.75,2,0,0,5,1300,1030,5036 36th Ave NE,Seattle,USA
5/28/2014 0:00,474800,2,3.25,3,0,0,3,1400,0,3648 Francis Ave N,Seattle,USA
5/28/2014 0:00,490000,4,2.5,2,0,0,3,2360,0,12977 NE 201st St,Woodinville,USA
5/28/2014 0:00,465000,3,2.25,2,0,0,3,1840,0,11526 NE 116th St,Kirkland,USA
5/28/2014 0:00,515000,4,2.5,2,0,0,3,2680,0,36231 SE Isley St,Snoqualmie,USA
5/28/2014 0:00,430000,3,3.75,1,0,2,3,2390,1500,10631 Forest Ave S,Seattle,USA
5/28/2014 0:00,253400,3,2,1,0,0,5,1400,0,1033 S 316th St,Federal Way,USA
5/28/2014 0:00,355000,3,2.5,1,0,0,3,2400,0,4621 SW 327th Pl,Federal Way,USA
5/28/2014 0:00,740000,4,2.25,2,0,0,4,2920,0,28412 SE 43rd St,Fall City,USA
5/28/2014 0:00,186950,2,2,2,0,0,3,1390,0,312 S 328th Ln,Federal Way,USA
5/28/2014 0:00,306000,3,2.5,2,0,0,3,1680,0,16084 SE 172nd Pl,Renton,USA
5/28/2014 0:00,510000,4,1.5,1,0,0,4,1020,1020,1518 150th Ave SE,Bellevue,USA
5/28/2014 0:00,345000,2,1,1,0,0,3,1080,0,8351 Jones Ave NW,Seattle,USA
5/28/2014 0:00,875000,3,2.75,1,0,0,5,1280,1000,1829 N 55th St,Seattle,USA
5/28/2014 0:00,700000,4,3.5,2,0,0,3,3390,1100,6818 Pinehurst Ave SE,Snoqualmie,USA
5/28/2014 0:00,1400000,4,3.25,1,0,4,3,2520,2180,5700-5798 SW Hinds St,Seattle,USA
5/28/2014 0:00,499950,4,2.5,2,0,0,3,2798,0,19296-19336 102nd Ave SE,Renton,USA
5/28/2014 0:00,739000,3,2.5,2,0,0,3,2810,0,11814 167th Pl NE,Redmond,USA
5/28/2014 0:00,363000,4,2.5,2,0,0,3,3336,417,33415 41st Ave SW,Federal Way,USA
5/28/2014 0:00,782000,4,3.5,2,0,0,3,3130,780,4801-4999 229th Ave SE,Issaquah,USA
5/28/2014 0:00,325000,2,2.5,2,0,0,3,1050,0,1505 S Plum St,Seattle,USA
5/29/2014 0:00,485000,4,1,1.5,0,0,4,1600,0,1215 N 50th St,Seattle,USA
5/29/2014 0:00,452000,4,2.25,1,0,0,4,1340,1250,19311 59th Pl NE,Kenmore,USA
5/29/2014 0:00,264950,4,2.25,1,0,0,4,1120,600,34434 30th Ave SW,Federal Way,USA
5/29/2014 0:00,472000,6,2.5,1,0,2,4,2350,2060,806 S 295th Pl,Federal Way,USA
5/29/2014 0:00,267500,3,1.75,1,0,2,3,1090,500,17904 Military Rd S,SeaTac,USA
5/29/2014 0:00,565000,4,2.5,2,0,0,3,2440,0,2525 276th Ct NE,Redmond,USA
5/29/2014 0:00,535000,3,2.5,3,0,0,3,1310,50,501 NE Ravenna Blvd,Seattle,USA
5/29/2014 0:00,389000,2,1,1,0,0,3,910,0,2043 NE 98th St,Seattle,USA
5/29/2014 0:00,400000,4,1.5,1,0,0,3,1140,250,2150 N 128th St,Seattle,USA
5/29/2014 0:00,264000,3,1.5,1,0,0,4,1470,0,14435 SE 263rd St,Kent,USA
5/29/2014 0:00,690000,4,2.5,2,0,0,4,2920,0,25919 SE 37th Way,Issaquah,USA
5/29/2014 0:00,412000,3,1.75,1,0,0,4,1950,0,32119 199th Ave SE,Kent,USA
5/29/2014 0:00,695000,3,2.5,2,0,0,3,2390,0,1118 235th Pl NE,Sammamish,USA
5/29/2014 0:00,246500,3,1.5,1,0,0,4,1270,0,10804 SE 218th St,Kent,USA
5/29/2014 0:00,230000,2,1,1,0,0,3,950,0,17018 124th Ave SE,Renton,USA
5/29/2014 0:00,302000,2,1,1,0,2,5,900,0,18923 SE 416th St,Enumclaw,USA
5/29/2014 0:00,820000,4,2.25,1.5,0,2,3,1960,320,811 W Bertona St,Seattle,USA
5/29/2014 0:00,145000,3,1,1,0,0,3,1010,0,14056 31st Ave S,SeaTac,USA
5/29/2014 0:00,436500,2,1,1,0,0,3,1040,220,3028 NW 68th St,Seattle,USA
5/29/2014 0:00,2453500,4,3.5,1.5,0,0,5,4270,460,1404 Broadmoor Dr E,Seattle,USA
5/29/2014 0:00,672000,3,2.5,2,0,0,3,2620,0,3249 E Ames Lake Dr NE,Redmond,USA
5/29/2014 0:00,680000,3,2.25,1.5,0,2,5,1520,810,6032 35th Ave NE,Seattle,USA
5/29/2014 0:00,750500,5,3,1.5,0,0,4,1450,720,1006 NE Ravenna Blvd,Seattle,USA
5/29/2014 0:00,550000,5,2,1,0,0,4,1240,1210,10515 Ashworth Ave N,Seattle,USA
5/29/2014 0:00,266500,4,1.75,1,0,0,4,1180,700,32740-32998 30th Ave SW,Federal Way,USA
5/29/2014 0:00,619000,4,2,1.5,0,0,5,1550,750,308 NW 67th St,Seattle,USA
5/29/2014 0:00,405000,3,2,1,0,0,3,1240,0,6019 210th Ave NE,Redmond,USA
5/29/2014 0:00,300000,2,1,1,0,0,4,820,0,723 N 105th St,Seattle,USA
5/29/2014 0:00,231000,4,2,2,0,0,3,1530,0,14904 133rd Ave SE,Renton,USA
5/29/2014 0:00,790000,5,3.25,1,0,0,4,1890,1010,465 129th Pl NE,Bellevue,USA
5/29/2014 0:00,400000,4,2.75,1,0,0,3,800,440,12001 Bartlett Ave NE,Seattle,USA
5/29/2014 0:00,950000,4,3.5,2,0,0,3,4140,0,8507 146th Pl SE,Newcastle,USA
5/29/2014 0:00,450000,4,2,1,0,0,5,1120,1120,2503 SW Portland Ct,Seattle,USA
5/29/2014 0:00,595000,3,2,1,0,0,4,750,730,7728 11th Ave NW,Seattle,USA
5/29/2014 0:00,332000,3,2.25,1,0,0,3,1380,890,3109 SE 17th Ct,Renton,USA
5/29/2014 0:00,155000,3,1,1,0,0,2,1030,220,8215 8th Ave S,Seattle,USA
5/29/2014 0:00,400000,5,2,1,0,0,4,1020,910,20210 78th Pl NE,Kenmore,USA
5/29/2014 0:00,349000,4,1.75,1,0,0,5,1120,580,4518 SE 4th St,Renton,USA
5/29/2014 0:00,529000,3,1,1,0,0,3,1590,0,4531 SW Webster St,Seattle,USA
5/29/2014 0:00,405000,5,1.75,1,0,0,3,960,920,10414 NE 131st St,Kirkland,USA
5/29/2014 0:00,635200,4,1.75,1,0,0,5,920,720,6517 Dibble Ave NW,Seattle,USA
5/29/2014 0:00,540000,3,1.5,1,0,0,4,1400,1200,4118 35th Ave SW,Seattle,USA
5/29/2014 0:00,402000,2,1,2,0,0,4,710,0,2348 Fairview Ave E,Seattle,USA
5/29/2014 0:00,3100000,6,4.25,3,0,4,4,5330,1650,5243 Forest Ave SE,Mercer Island,USA
5/29/2014 0:00,329932,3,1.5,1,0,0,3,1100,360,11221 Palatine Ave N,Seattle,USA
5/29/2014 0:00,300000,3,2.5,2,0,0,3,2080,0,4815 SW 330th Ct,Federal Way,USA
5/29/2014 0:00,525000,5,2.5,2,0,0,3,2630,0,27831 NE 153rd Pl,Duvall,USA
5/29/2014 0:00,2750000,4,3.25,2,0,0,3,4430,0,3239 78th Pl NE,Medina,USA
5/29/2014 0:00,602500,4,2.5,2,0,0,3,2760,0,7606 116th Ave SE,Newcastle,USA
5/29/2014 0:00,400000,4,2,1,0,0,3,1670,0,7221 NE 156th St,Kenmore,USA
5/29/2014 0:00,445000,4,1.75,1.5,0,0,4,1190,800,3713 SW Sullivan St,Seattle,USA
5/29/2014 0:00,525000,3,3,1.5,0,3,3,1890,710,28624 6th Pl S,Des Moines,USA
5/29/2014 0:00,395000,2,1,1.5,0,0,4,1320,0,2000 30th Ave S,Seattle,USA
5/29/2014 0:00,510000,3,1.5,2,0,0,3,1370,870,8205 20th Ave NE,Seattle,USA
5/29/2014 0:00,723000,4,2.25,1,0,0,4,1290,670,233 111th Ave SE,Bellevue,USA
5/29/2014 0:00,503000,3,2,2,0,0,3,1980,610,21409 SE 215th St,Maple Valley,USA
5/29/2014 0:00,672500,4,2.75,2,0,0,3,2620,0,22615 SE 14th Pl,Sammamish,USA
5/29/2014 0:00,860000,3,2.5,2,0,0,3,2770,0,17012 SE 47th Way,Bellevue,USA
5/29/2014 0:00,475300,3,1,1,0,0,5,1110,1000,9719 130th Ave NE,Kirkland,USA
5/29/2014 0:00,295000,4,2.5,2,0,0,3,2290,0,530 Olympia Ave SE,Renton,USA
5/29/2014 0:00,1425000,4,4.25,2.5,0,0,3,3680,1280,2611 1st Ave N,Seattle,USA
5/29/2014 0:00,250000,2,1,1,0,0,3,1110,0,3218 S 148th St,SeaTac,USA
5/29/2014 0:00,658000,4,2.75,2,0,0,3,3310,0,8830 McIntosh Ct SE,Snoqualmie,USA
5/29/2014 0:00,83000,2,1,1,0,0,3,900,0,14440 51st Ave S,Tukwila,USA
5/29/2014 0:00,685000,3,1.75,1,0,1,4,1440,500,8750 Fauntlee Crest SW,Seattle,USA
5/29/2014 0:00,210000,3,1.75,2,0,0,3,1590,0,1626 S 245th Pl,Des Moines,USA
5/29/2014 0:00,650880,3,2.5,2,0,0,3,2930,0,34303 Elm Ave SE,Snoqualmie,USA
5/29/2014 0:00,350000,4,2.5,2,0,0,3,2040,0,2471 S 116th Way,Seattle,USA
5/29/2014 0:00,305000,2,2.25,3,0,0,3,1000,0,7534 24th Ave NW,Seattle,USA
5/29/2014 0:00,645000,3,3.25,2,0,2,3,1320,410,1949-1953 9th Ave W,Seattle,USA
5/30/2014 0:00,385000,3,1,1,0,0,3,1220,0,1915 E Marion St,Seattle,USA
5/30/2014 0:00,860000,3,2.25,2,0,0,3,3060,0,4651 175th Ave SE,Bellevue,USA
5/30/2014 0:00,395000,4,2.5,2,0,0,3,2910,0,24923 161st Pl SE,Covington,USA
5/30/2014 0:00,260000,3,1.75,1,0,0,3,1050,0,16241 19th Ave SW,Burien,USA
5/30/2014 0:00,196440,3,2,1,0,0,3,1560,0,130 Main St,Algona,USA
5/30/2014 0:00,425000,3,1.75,1,0,2,4,840,840,927 N 79th St,Seattle,USA
5/30/2014 0:00,2400000,4,3.25,1,0,1,3,3300,840,9415 NE 27th St,Clyde Hill,USA
5/30/2014 0:00,369000,3,2,1,0,0,3,1150,400,8102 7th Ave SW,Seattle,USA
5/30/2014 0:00,1385000,6,2.75,1,0,4,4,2850,2850,4600-4748 136th Ave SE,Bellevue,USA
5/30/2014 0:00,349900,3,2.5,2,0,0,3,2200,0,15637 156th Pl SE,Renton,USA
5/30/2014 0:00,650000,2,2.5,2,0,2,3,1210,530,319 25th Ave E,Seattle,USA
5/30/2014 0:00,299950,3,1,1,0,0,3,1210,0,8430 8th Ave SW,Seattle,USA
5/30/2014 0:00,625000,4,3.25,2,0,3,3,3550,690,30924 36th Ave SW,Federal Way,USA
5/30/2014 0:00,190000,3,2.25,1,0,0,3,1090,500,27523-27527 43rd Ave S,Auburn,USA
5/30/2014 0:00,715000,4,1.75,1,0,3,5,1770,1650,10718 Exeter Ave NE,Seattle,USA
5/30/2014 0:00,659000,4,2.5,1,0,0,5,2210,980,10326 Fischer Pl NE,Seattle,USA
5/30/2014 0:00,490000,3,1.75,1,0,2,4,960,960,4832 38th Ave SW,Seattle,USA
5/30/2014 0:00,415000,2,1.75,1,0,0,3,1340,0,13283 228th Pl NE,Redmond,USA
5/30/2014 0:00,750000,3,1.75,1,0,0,3,1460,240,3621 45th Ave W,Seattle,USA
5/30/2014 0:00,700000,4,2.5,1.5,0,0,3,1490,820,8216 Linden Ave N,Seattle,USA
5/30/2014 0:00,425000,3,1.75,1,0,0,3,1240,270,12629 468th Ave SE,North Bend,USA
5/30/2014 0:00,642000,3,2.5,1,0,0,3,2670,0,2834 220th Pl NE,Sammamish,USA
5/30/2014 0:00,655000,4,2.25,1,0,0,3,1440,620,4730 162nd Ct SE,Bellevue,USA
5/30/2014 0:00,1365000,3,2.5,1.5,0,0,4,2090,0,3832 43rd Ave NE,Seattle,USA
5/30/2014 0:00,458000,5,2.5,1,0,0,3,2990,100,9631 NE 198th St,Bothell,USA
5/30/2014 0:00,330000,2,2.5,2,0,0,3,1240,0,4346 28th Ave S,Seattle,USA
5/30/2014 0:00,384950,3,2.5,2,0,0,3,1860,0,7556 NE 203rd St,Kenmore,USA
5/30/2014 0:00,560000,3,1.5,1,0,0,3,2000,0,10605 9th Ave NW,Seattle,USA
5/30/2014 0:00,950000,4,1.75,1,0,0,4,1500,1000,7615 E Mercer Way,Mercer Island,USA
5/30/2014 0:00,465000,4,2.25,1,0,0,5,1340,480,15812 182nd Ave NE,Woodinville,USA
5/30/2014 0:00,425000,3,2.25,1,0,0,3,1260,560,13807 129th Pl NE,Kirkland,USA
5/30/2014 0:00,315000,3,2,1,0,0,3,1060,0,5452 31st Ave SW,Seattle,USA
5/30/2014 0:00,530000,3,2.5,2,0,0,3,1950,0,23438 NE 29th Pl,Sammamish,USA
5/30/2014 0:00,399000,2,1,1,0,0,4,940,0,3209 63rd Ave SW,Seattle,USA
5/30/2014 0:00,168000,2,1.5,1.5,0,0,4,1220,0,24709 13th Ave S,Des Moines,USA
5/30/2014 0:00,1886700,5,3.5,2,0,0,3,4180,0,2526 104th Ave SE,Bellevue,USA
5/30/2014 0:00,374000,3,1,1,0,0,4,1200,0,15616 173rd Ave NE,Woodinville,USA
5/30/2014 0:00,740000,5,3.75,2,0,0,3,3090,900,1714 NE Brockman Pl,Seattle,USA
5/30/2014 0:00,280000,2,1,1,0,0,3,940,940,8611 32nd Ave SW,Seattle,USA
5/30/2014 0:00,322000,4,2.5,2,0,0,3,2280,0,10012 SE 244th Ct,Kent,USA
5/30/2014 0:00,459900,3,1.75,1,0,0,4,1290,1290,4525 119th Ave SE,Bellevue,USA
5/30/2014 0:00,750000,4,2.75,1,0,0,3,1560,1040,6820 39th Ave NE,Seattle,USA
5/30/2014 0:00,1256500,4,2.5,2,0,0,4,3150,0,8551 SE 80th St,Mercer Island,USA
5/30/2014 0:00,3710000,4,3.5,2,0,2,4,3350,2200,3222 78th Pl NE,Medina,USA
5/30/2014 0:00,427000,5,2.75,1,0,0,3,1230,990,3112 21st Ave S,Seattle,USA
5/30/2014 0:00,800000,2,2.25,2,1,2,4,1730,0,10060 SW Dock St,Vashon,USA
5/30/2014 0:00,735000,4,3,1.5,0,0,4,2060,780,3849 Cascadia Ave S,Seattle,USA
5/30/2014 0:00,642000,4,2.5,2,0,0,3,2560,0,3964 262nd Ave SE,Issaquah,USA
5/30/2014 0:00,240000,3,2,1,0,0,4,630,700,527 S Donovan St,Seattle,USA
5/30/2014 0:00,645500,2,1,1.5,0,0,4,1890,0,6723 17th Ave NW,Seattle,USA
5/30/2014 0:00,840000,7,4.5,1.5,0,0,5,4290,0,13527 231st Pl SE,Issaquah,USA
5/30/2014 0:00,475000,2,2,2,0,0,3,1540,0,3304 288th Ave NE,Redmond,USA
5/30/2014 0:00,568000,4,2,1,0,0,4,1170,1170,2202 238th Ave SE,Sammamish,USA
5/30/2014 0:00,325000,3,1.75,1,0,0,4,1090,1090,9670 41st Ave S,Seattle,USA
5/30/2014 0:00,825500,3,2.5,2,0,0,3,2780,0,12449 94th Ave NE,Kirkland,USA
5/30/2014 0:00,499431,4,2.75,2,0,0,3,2620,0,1107 SE 10th St,North Bend,USA
5/30/2014 0:00,919204,4,3.5,2,0,0,3,2860,900,2822 NW 74th St,Seattle,USA
5/30/2014 0:00,545000,4,2.5,2,0,0,3,2720,0,35229 SE Terrace St,Snoqualmie,USA
5/31/2014 0:00,660000,3,2.25,2,0,0,3,2675,0,21311 SE 20th St,Sammamish,USA
5/31/2014 0:00,538888,5,2.75,2,0,0,3,2080,0,23022 NE 21st St,Sammamish,USA
5/31/2014 0:00,693000,3,2.5,2,0,0,3,2460,0,Valley View Trail,Redmond,USA
5/31/2014 0:00,289950,3,2.5,2,0,0,3,1960,0,2826 Access Rd,Renton,USA
5/31/2014 0:00,587000,4,2.5,2,0,0,3,2550,0,13013 NE 202nd Pl,Woodinville,USA
5/31/2014 0:00,615000,3,2.25,3,0,0,3,1760,0,601 22nd Ave,Seattle,USA
6/1/2014 0:00,459000,3,1.75,1,0,0,4,1090,530,9607 NE 128th St,Kirkland,USA
6/1/2014 0:00,243000,3,1.75,1,0,0,3,1040,750,23042 16th Ave S,Des Moines,USA
6/1/2014 0:00,1505000,4,3.5,2,0,0,3,2580,900,1905 33rd Ave S,Seattle,USA
6/1/2014 0:00,660000,4,1.75,2,0,0,4,2780,0,20850 NE 26th Pl,Sammamish,USA
6/1/2014 0:00,1595000,5,3,2,0,3,3,2540,1100,17200 SE 29th Ct,Bellevue,USA
6/1/2014 0:00,250000,1,1,1,0,0,3,750,0,4356 SW Concord St,Seattle,USA
6/2/2014 0:00,315000,3,1,1,0,0,3,960,0,1715 NE 135th St,Seattle,USA
6/2/2014 0:00,404000,3,1.5,1,0,0,3,1330,700,4915 17th Ave S,Seattle,USA
6/2/2014 0:00,559900,3,2.75,1,0,0,3,1860,1070,18960 131st Pl NE,Woodinville,USA
6/2/2014 0:00,285000,2,2.5,2,0,0,3,1140,240,2802 SW Bataan St,Seattle,USA
6/2/2014 0:00,500000,3,2,1,0,2,5,960,760,4825 27th Ave S,Seattle,USA
6/2/2014 0:00,380000,2,1,1,0,0,3,1060,150,4532 13th Ave S,Seattle,USA
6/2/2014 0:00,469000,3,1,1.5,0,0,5,950,0,1911 E Columbia St,Seattle,USA
6/2/2014 0:00,405000,2,1.75,2,0,0,3,1330,380,4131 SW Kenyon St,Seattle,USA
6/2/2014 0:00,439900,2,2,1.5,0,0,5,1410,0,31103 SE 85th Pl,Preston,USA
6/2/2014 0:00,525000,4,2.5,2,0,2,3,2910,0,25480 SE 275th Pl,Maple Valley,USA
6/2/2014 0:00,580000,4,2.5,2,0,0,3,2220,0,4055 238th Pl SE,Issaquah,USA
6/2/2014 0:00,1250000,5,3.25,2,0,0,5,3160,0,7325 86th Ave SE,Mercer Island,USA
6/2/2014 0:00,275000,3,2,1,0,0,3,1380,0,24031 SE 262nd Pl,Maple Valley,USA
6/2/2014 0:00,629000,3,2,1,0,0,5,960,800,2439 Piedmont Pl W,Seattle,USA
6/2/2014 0:00,395000,1,1,1,0,0,3,730,0,6215 30th Ave NW,Seattle,USA
6/2/2014 0:00,965000,4,2.5,2,0,0,5,1620,840,1024 Washington Pl E,Seattle,USA
6/2/2014 0:00,820000,3,1.75,1,0,0,4,1390,770,2000-2098 NE 68th St,Seattle,USA
6/2/2014 0:00,661000,4,2.25,1.5,0,2,4,1420,570,4426 38th Ave SW,Seattle,USA
6/2/2014 0:00,789000,3,3,2,0,2,3,3740,0,9900 SW Quartermaster Dr,Vashon,USA
6/2/2014 0:00,668500,4,2.5,2,0,0,3,2710,0,667 237th Pl SE,Sammamish,USA
6/2/2014 0:00,350000,3,2.5,2,0,0,3,2680,0,31456 117th Pl SE,Auburn,USA
6/2/2014 0:00,250000,4,2,1,0,0,4,1540,310,4511 S 262nd St,Kent,USA
6/2/2014 0:00,725995,4,2.5,2,0,2,3,3190,0,7704 Heather Ave SE,Snoqualmie,USA
6/2/2014 0:00,1000000,3,2.5,2,0,0,3,2730,0,13428 NE 12th Pl,Bellevue,USA
6/2/2014 0:00,686000,3,1.5,2,0,0,5,1840,0,11727 9th Ave NW,Seattle,USA
6/2/2014 0:00,665000,4,2.5,2,0,0,3,2720,0,2110 216th Pl NE,Sammamish,USA
6/2/2014 0:00,1965221,4,3.5,2,0,1,3,3610,760,2523-2533 103rd Ave SE,Bellevue,USA
6/2/2014 0:00,653000,3,2.5,2,0,0,3,2290,0,2172 NE Noble St,Issaquah,USA
6/2/2014 0:00,430000,2,1,1,0,0,3,990,0,8059 Loyal Way NW,Seattle,USA
6/2/2014 0:00,305000,2,1.5,2,0,0,3,1140,0,4150 244th Pl SE,Issaquah,USA
6/2/2014 0:00,809000,4,1.5,2,0,0,4,1840,0,1218 19th Ave E,Seattle,USA
6/2/2014 0:00,440150,2,1,1,0,0,5,1000,110,12216 Greenwood Ave N,Seattle,USA
6/2/2014 0:00,615000,4,2.5,2,0,0,4,2150,0,14151 174th Pl NE,Redmond,USA
6/2/2014 0:00,1035000,3,2.5,2,0,0,3,2230,0,1840-1846 9th St W,Kirkland,USA
6/2/2014 0:00,455000,2,1,1,0,0,4,970,200,9552 Phinney Ave N,Seattle,USA
6/2/2014 0:00,635000,3,2.5,1,0,0,4,980,980,4131 51st Ave S,Seattle,USA
6/2/2014 0:00,675000,3,2.25,2,0,0,3,2610,0,10090 177th Ave NE,Redmond,USA
6/2/2014 0:00,316000,3,2.25,1,0,0,3,1570,560,20312 102nd Pl SE,Kent,USA
6/2/2014 0:00,955000,3,2.25,2,0,0,3,2720,300,12599 NE 39th St,Bellevue,USA
6/2/2014 0:00,985000,3,1.75,2,0,0,5,1670,0,1808 38th Ave E,Seattle,USA
6/2/2014 0:00,465500,3,1.75,1,0,0,3,1290,600,5047 43rd Ave S,Seattle,USA
6/2/2014 0:00,305000,3,1,1,0,0,3,950,0,2023 NE 175th St,Shoreline,USA
6/2/2014 0:00,645000,4,2.5,1,0,0,5,1670,760,15048 NE 11th Pl,Bellevue,USA
6/2/2014 0:00,730000,4,2,1,0,0,5,1260,1100,3635 41st Ave W,Seattle,USA
6/2/2014 0:00,366000,3,1.75,1,0,0,3,1510,0,8835 NE 138th St,Kirkland,USA
6/2/2014 0:00,290000,3,2.5,2,0,0,3,2080,0,25420 157th Ave SE,Covington,USA
6/2/2014 0:00,472500,3,2,1,0,0,3,1490,260,20604 SE 24th St,Sammamish,USA
6/2/2014 0:00,550000,3,2,1.5,0,0,3,1810,0,7820 Ashworth Ave N,Seattle,USA
6/2/2014 0:00,410000,4,1.75,1,0,0,4,1490,300,560 SW Fernwood St,Issaquah,USA
6/2/2014 0:00,440000,4,2.75,1,0,0,3,1720,620,19311 47th Ave NE,Lake Forest Park,USA
6/2/2014 0:00,535000,3,2.5,2,0,0,3,1690,0,4501-4507 186th Ave SE,Issaquah,USA
6/2/2014 0:00,300000,4,2.5,2,0,0,3,2070,0,11366 SE 298th Pl,Auburn,USA
6/2/2014 0:00,432500,3,2.5,2,0,0,3,2240,0,7311 Silent Creek Ave SE,Snoqualmie,USA
6/2/2014 0:00,870000,4,3,2,0,2,3,3040,1460,5003 E Mercer Way,Mercer Island,USA
6/2/2014 0:00,492000,3,1.75,1,0,0,4,1580,1190,15017 253rd Ave SE,Issaquah,USA
6/2/2014 0:00,199950,3,1,1,0,0,3,1010,0,29910-29918 21st Ave S,Federal Way,USA
6/2/2014 0:00,439800,3,1.5,1,0,0,5,1120,0,15524 SE 9th St,Bellevue,USA
6/2/2014 0:00,320000,5,2.5,1,0,0,4,1510,1510,29234 158th Ave SE,Kent,USA
6/2/2014 0:00,687000,4,3.25,2,0,0,4,4400,0,28808 SE Mud Mountain Rd,Enumclaw,USA
6/2/2014 0:00,345000,3,1.75,1,0,1,3,1320,670,10238 65th Ave S,Seattle,USA
6/2/2014 0:00,274950,3,1,1,0,0,3,1050,400,5619 S 149th St,Tukwila,USA
6/2/2014 0:00,270000,4,2.5,2,0,0,3,1920,0,5307-5311 Quincy Ave SE,Auburn,USA
6/2/2014 0:00,342000,2,2.5,2,0,0,3,740,435,9219 Stone Ave N,Seattle,USA
6/2/2014 0:00,327000,3,1.5,1,0,0,3,1320,0,11406 Nile Ave NE,Renton,USA
6/2/2014 0:00,610000,5,2.5,1,0,0,4,1990,2000,431 26th Ave E,Seattle,USA
6/2/2014 0:00,455000,2,1,1,0,0,3,850,290,2711 NE 75th St,Seattle,USA
6/2/2014 0:00,540000,4,1.75,1.5,0,0,4,1460,260,2722 30th Ave S,Seattle,USA
6/2/2014 0:00,411000,4,2.75,1,0,0,5,1240,910,7302 127th Pl SE,Newcastle,USA
6/2/2014 0:00,544000,3,1.5,1.5,0,1,3,1790,0,Schmitz Park to Alki Trail,Seattle,USA
6/2/2014 0:00,802000,2,2.5,1,0,0,3,2210,0,23216 NE 126th St,Redmond,USA
6/2/2014 0:00,568500,3,2.75,1,0,0,4,1310,870,10629 161st Avenue Northeast,Redmond,USA
6/2/2014 0:00,391000,3,2.25,2,0,0,3,1290,120,2134 NW Boulder Way Dr,Issaquah,USA
6/2/2014 0:00,298000,3,2.5,2,0,0,3,1950,0,24032 SE 263rd Pl,Maple Valley,USA
6/2/2014 0:00,400000,3,2.5,3,0,0,3,1405,90,1108 29th Ave S,Seattle,USA
6/3/2014 0:00,425000,3,2.25,1,0,0,3,1110,550,942 27th Ave,Seattle,USA
6/3/2014 0:00,328500,3,2.5,2,0,0,4,1950,0,23915 135th Pl SE,Kent,USA
6/3/2014 0:00,650000,5,2.75,1.5,0,0,5,2550,0,1417 26th Ave,Seattle,USA
6/3/2014 0:00,850000,3,1.75,1,0,0,5,770,600,2015 42nd Ave E,Seattle,USA
6/3/2014 0:00,930000,4,2.5,2,0,0,5,1430,770,2418 10th Ave W,Seattle,USA
6/3/2014 0:00,530000,3,1.75,1.5,0,0,5,1250,0,2202 NE 83rd St,Seattle,USA
6/3/2014 0:00,495000,4,2.25,1,0,0,4,1110,1110,5918 128th Ave SE,Bellevue,USA
6/3/2014 0:00,500000,3,1.75,1,0,0,5,830,790,6209 40th Ave NE,Seattle,USA
6/3/2014 0:00,325000,3,1.75,1,0,0,3,2250,0,33316 E Lake Holm Dr SE,Auburn,USA
6/3/2014 0:00,365000,3,2.5,2,0,0,4,1720,0,29245 188 Ave SE,Kent,USA
6/3/2014 0:00,471000,4,2.5,2,0,0,3,2020,1010,1165 SW 12th St,North Bend,USA
6/3/2014 0:00,223000,3,1,1,0,0,3,1030,0,26825 33rd Ave S,Kent,USA
6/3/2014 0:00,503000,3,2.5,2,0,0,3,2190,0,18649 22nd Pl NE,Lake Forest Park,USA
6/3/2014 0:00,230000,3,2,1,0,0,4,720,720,2508 NE 7th St,Renton,USA
6/3/2014 0:00,550000,4,2.5,1,0,0,3,1460,710,8520 169th Ct NE,Redmond,USA
6/3/2014 0:00,1100000,4,3.75,1.5,0,0,5,2130,800,115 W Raye St,Seattle,USA
6/3/2014 0:00,193000,3,1.5,1,0,0,3,1180,0,454 S 190th St,Burien,USA
6/3/2014 0:00,590000,4,4.25,2,0,0,4,2360,0,2862 S 354th Ln,Federal Way,USA
6/3/2014 0:00,712500,3,1.5,1,0,0,4,1660,0,10414 SE 24th Pl,Bellevue,USA
6/3/2014 0:00,689800,3,2.75,1,0,0,5,1390,1000,12575 Corliss Ave N,Seattle,USA
6/3/2014 0:00,430000,3,2,1.5,0,0,4,910,450,4822 48th Ave SW,Seattle,USA
6/3/2014 0:00,785200,3,2.25,1.5,0,0,5,1540,300,3110 E Jefferson St,Seattle,USA
6/3/2014 0:00,474900,3,2.25,1,0,0,4,1800,0,20337 156th Ave NE,Woodinville,USA
6/3/2014 0:00,1070000,4,3.75,2,0,0,3,4130,0,14212 SE 92nd St,Newcastle,USA
6/3/2014 0:00,435000,3,1.75,1,0,0,3,1110,1110,13009 230th Ave SE,Issaquah,USA
6/3/2014 0:00,941500,5,3.5,2,0,4,3,2460,1030,20122 Richmond Beach Dr NW,Shoreline,USA
6/3/2014 0:00,312000,4,2.5,2,0,0,3,1830,0,27369 245th Ave SE,Maple Valley,USA
6/3/2014 0:00,835000,4,2.75,1.5,0,0,3,1550,0,4325 NE 43rd St,Seattle,USA
6/3/2014 0:00,713250,3,2,1,0,0,4,2050,0,2416 70th Ave SE,Mercer Island,USA
6/3/2014 0:00,440000,2,1,1,0,0,3,1130,100,3934 S Hudson St,Seattle,USA
6/3/2014 0:00,580135,4,2.5,2,0,0,3,3150,0,13516 164th Ave SE,Renton,USA
6/3/2014 0:00,575000,3,2.25,1,0,0,4,3330,470,24716 142nd Ave SE,Kent,USA
6/3/2014 0:00,613000,3,2.5,2,0,0,3,1350,0,819 31st Ave,Seattle,USA
6/3/2014 0:00,235000,3,2,1,0,0,4,1530,0,2925 Morris Ave S,Renton,USA
6/3/2014 0:00,660000,3,2.5,3,0,0,4,2290,0,2402 Delmar Dr E,Seattle,USA
6/3/2014 0:00,280000,2,1.5,1,0,0,4,1480,0,11405 26th Ave SW,Seattle,USA
6/3/2014 0:00,268000,3,1.75,1,0,0,4,1970,0,3644 Manchester Way,Kent,USA
6/3/2014 0:00,235000,2,1,1,0,0,4,720,0,5403 34th Ave SW,Seattle,USA
6/3/2014 0:00,390000,3,2,1,0,0,5,1080,0,808 NE 117th St,Seattle,USA
6/3/2014 0:00,654950,4,2.5,2,0,0,3,2790,0,19218 189th Pl NE,Woodinville,USA
6/3/2014 0:00,449500,5,2.75,1,0,0,4,1200,840,12610 NE 142nd St,Kirkland,USA
6/3/2014 0:00,150000,3,1,1,0,0,3,1320,0,1904 S 259th St,Des Moines,USA
6/3/2014 0:00,440000,3,2.25,2,0,0,4,1680,0,43105 SE 149th St,North Bend,USA
6/3/2014 0:00,710000,3,2,1,0,0,4,1070,1070,8250 Ashworth Ave N,Seattle,USA
6/3/2014 0:00,420000,3,1.75,1,0,0,3,1380,280,18223 129th Pl NE,Bothell,USA
6/3/2014 0:00,312000,3,2.25,1,0,0,5,770,770,9014 Ravenna Ave NE,Seattle,USA
6/3/2014 0:00,320000,3,2,1,0,0,5,940,940,14712 SE 105th Pl,Renton,USA
6/3/2014 0:00,235000,3,1,1,0,0,4,1250,0,12522 SE 105th St,Renton,USA
6/3/2014 0:00,437000,5,2,1.5,0,0,3,2120,0,16633 Westside Hwy SW,Vashon,USA
6/3/2014 0:00,545000,3,1.75,1.5,0,0,4,1810,0,4331 5th Ave NW,Seattle,USA
6/3/2014 0:00,640000,3,2.5,2,0,0,3,2370,0,12020 SE 76th St,Newcastle,USA
6/3/2014 0:00,432000,3,2.5,2,0,0,4,1970,0,35317 SE Ridge St,Snoqualmie,USA
6/3/2014 0:00,548000,3,2.5,2,0,0,3,2110,0,17041 128th Pl NE,Woodinville,USA
6/3/2014 0:00,830000,3,3,1.5,0,0,3,2080,0,8359 NE Juanita Dr,Kirkland,USA
6/3/2014 0:00,875000,4,2.25,1,0,2,5,1860,1860,2929 200th Ave SE,Sammamish,USA
6/3/2014 0:00,409950,2,1.75,1,0,0,5,1370,0,929 N 88th St,Seattle,USA
6/3/2014 0:00,695000,4,2.5,2,0,0,3,2961,0,21548 SE 28th Ln,Sammamish,USA
6/3/2014 0:00,562100,3,2.25,2,0,0,3,2090,0,15703 NE 113th Ct,Redmond,USA
6/3/2014 0:00,475000,3,2.5,2,0,0,3,2600,0,5054 NE 23rd St,Renton,USA
6/3/2014 0:00,425000,3,2.25,1,0,0,3,1440,430,10559 NE 150th Ct,Bothell,USA
6/3/2014 0:00,600000,4,2.5,2,0,0,3,2620,0,2830 216th Ave SE,Issaquah,USA
6/3/2014 0:00,770000,3,2.5,2,0,0,3,2430,0,15105 262nd Ave SE,Issaquah,USA
6/3/2014 0:00,239000,3,1.75,1,0,0,4,1340,0,26510 134th Ave SE,Kent,USA
6/3/2014 0:00,295000,2,1,1,0,0,3,1170,0,507 Janet Ave NE,North Bend,USA
6/3/2014 0:00,560000,3,1.75,1,0,0,5,1400,600,6110 123rd Ave NE,Kirkland,USA
6/3/2014 0:00,613000,5,2.5,1,0,0,4,1340,730,1813 177th Ave NE,Bellevue,USA
6/3/2014 0:00,960000,4,3,2,0,0,3,3490,1100,13003 13th Ave NW,Seattle,USA
6/3/2014 0:00,847000,5,1,2.5,0,0,4,2550,0,805 30th Ave,Seattle,USA
6/3/2014 0:00,206000,3,1,1,0,0,4,1060,0,35014 19th Ave SW,Federal Way,USA
6/3/2014 0:00,253000,2,1.75,1,0,0,5,860,360,506 Wells Ave N,Renton,USA
6/3/2014 0:00,430000,4,2.25,1,0,0,4,1110,680,19534 34th Ave NE,Lake Forest Park,USA
6/3/2014 0:00,605000,3,2,1,0,0,4,1120,940,510 N 70th St,Seattle,USA
6/3/2014 0:00,425000,2,2.5,3,0,0,3,1140,0,2017 NW 59th St,Seattle,USA
6/3/2014 0:00,720000,4,2.5,2,0,0,4,2870,0,24146 SE 45th Pl,Issaquah,USA
6/3/2014 0:00,375900,6,1.5,1,0,0,4,1750,800,31207 22nd Ave SW,Federal Way,USA
6/3/2014 0:00,1298000,4,3.5,1.5,0,0,5,2790,0,4510 89th Ave SE,Mercer Island,USA
6/3/2014 0:00,210000,3,1,1,0,0,3,1110,0,11048 21st Ave SW,Seattle,USA
6/3/2014 0:00,234000,2,1,1,0,0,4,940,0,20214 8th Ave S,Des Moines,USA
6/3/2014 0:00,285000,3,1.75,1,0,0,3,1580,1300,4071 S 128th St,Tukwila,USA
6/3/2014 0:00,400000,3,1.5,1,0,0,4,1200,0,15226 SE 1st Pl,Bellevue,USA
6/3/2014 0:00,718000,3,1,1,0,0,5,1030,0,4760 47th Ave NE,Seattle,USA
6/3/2014 0:00,174500,2,2.5,2,0,0,3,1240,0,829 S 310th Pl,Federal Way,USA
6/3/2014 0:00,222400,3,2,1,0,0,3,1200,0,124 Mt Vista Pl SW,Pacific,USA
6/3/2014 0:00,402500,3,3.25,2,0,0,3,2780,0,14806 279th Ln NE,Duvall,USA
6/3/2014 0:00,250000,3,2.25,2,0,0,3,1765,0,33015 4th Pl S,Federal Way,USA
6/3/2014 0:00,600000,4,2.5,1,0,1,4,1290,670,12048 Standring Ct SW,Burien,USA
6/3/2014 0:00,930000,2,2.5,1,0,0,3,2680,0,24035 NE Adair Rd,Redmond,USA
6/3/2014 0:00,272500,3,2,1,0,0,4,1410,0,14608 SE 195th Pl,Renton,USA
6/3/2014 0:00,363990,4,2.5,2,0,0,3,2240,0,27433-27475 211th Ct SE,Maple Valley,USA
6/3/2014 0:00,575000,4,2.75,2,0,0,3,3120,0,9423 Ash Ave SE,Snoqualmie,USA
6/3/2014 0:00,400000,3,2.25,2,0,0,3,1450,0,8018 NE 183rd St,Kenmore,USA
6/3/2014 0:00,427874,3,3,2,0,0,3,2340,0,897 SE 11th St,North Bend,USA
6/3/2014 0:00,309000,5,2.75,2,0,0,3,2481,0,38071 39th Ave S,Auburn,USA
6/3/2014 0:00,320000,3,3.25,2,0,0,3,1140,390,5201 23rd Ave SW,Seattle,USA
6/4/2014 0:00,390000,3,2.25,1,0,0,5,1250,0,10111 32nd Pl SW,Seattle,USA
6/4/2014 0:00,299000,1,0.75,1,0,0,3,560,0,8314 361st Ave NE,Carnation,USA
6/4/2014 0:00,375000,4,1.75,1,0,0,5,1100,1100,6609 43rd Ave S,Seattle,USA
6/4/2014 0:00,240500,3,1.75,1,0,0,3,990,470,1219 S 124th St,Seattle,USA
6/4/2014 0:00,320000,3,1.5,1,0,0,5,1130,520,16710 133rd Pl SE,Renton,USA
6/4/2014 0:00,1270000,5,2.5,1,0,0,3,2160,1040,8726 NE 11th St,Bellevue,USA
6/4/2014 0:00,658588,3,2.25,2,0,0,3,2560,0,12923 206th Ct SE,Issaquah,USA
6/4/2014 0:00,270000,3,2.25,1.5,0,0,3,1550,530,20442 137th Ave SE,Kent,USA
6/4/2014 0:00,327500,3,1,1,0,0,3,1070,0,3510 S Holly St,Seattle,USA
6/4/2014 0:00,340000,3,1.75,2,0,0,4,2190,0,14000 SE 241st St,Kent,USA
6/4/2014 0:00,200000,3,1.5,1.5,0,0,3,2060,0,13315 88th Ave S,Renton,USA
6/4/2014 0:00,1025000,3,1.75,1,0,3,4,1320,1320,3057 70th Ave SE,Mercer Island,USA
6/4/2014 0:00,275000,3,2.5,1,0,0,3,1000,720,31607 45th Pl SW,Federal Way,USA
6/4/2014 0:00,1126000,5,3.5,2,0,3,4,2540,1340,13800 SE 43rd St,Bellevue,USA
6/4/2014 0:00,280000,2,1,1,0,0,3,960,0,9007 4th Ave NW,Seattle,USA
6/4/2014 0:00,485000,3,2.5,1,0,0,3,2340,0,21924 234th Ave SE,Maple Valley,USA
6/4/2014 0:00,1901000,3,2.5,2,0,2,3,2660,0,4612 92nd Ave NE,Yarrow Point,USA
6/4/2014 0:00,865000,3,1.75,2,0,0,3,1610,480,2825 W Elmore Pl,Seattle,USA
6/4/2014 0:00,532000,3,2.5,2,0,0,3,1820,0,25756 SE 41st St,Issaquah,USA
6/4/2014 0:00,364950,4,2.5,2,0,0,3,2310,0,15929 Broadway Ave NE,Duvall,USA
6/4/2014 0:00,212500,3,1,1,0,0,4,920,0,35632 52nd Ave S,Auburn,USA
6/4/2014 0:00,135000,1,1,1,0,0,3,790,0,1641 S 124th St,Seattle,USA
6/4/2014 0:00,437000,2,1.75,1,0,0,4,910,590,9702 12th Ave NW,Seattle,USA
6/4/2014 0:00,390000,3,1,1,0,0,4,1240,0,1348 SW 175th St,Normandy Park,USA
6/4/2014 0:00,760000,4,2.5,2,0,0,3,2730,0,11511 159th Ave NE,Redmond,USA
6/4/2014 0:00,119500,3,1,1,0,0,2,1170,0,14800 Kennedy Pl NE,Duvall,USA
6/4/2014 0:00,2400000,5,3.25,2,0,3,3,2760,650,309 W Prospect St,Seattle,USA
6/4/2014 0:00,837500,4,2.5,2,0,0,4,2700,0,1317 5th Ln,Kirkland,USA
6/4/2014 0:00,327500,4,1.75,1,0,0,3,1650,0,15035-15041 SE Fairwood Blvd,Renton,USA
6/4/2014 0:00,175000,2,1,1,0,0,3,670,0,3021-1/2 SW Harbor Ln,Seattle,USA
6/4/2014 0:00,289950,3,2,1,0,0,3,1670,0,10009 SE 247th Pl,Kent,USA
6/4/2014 0:00,400000,3,1.75,1,0,0,3,1530,0,18917 72nd Ct NE,Kenmore,USA
6/4/2014 0:00,219950,3,2.25,1,0,0,3,1150,350,32110 12th Pl SW,Federal Way,USA
6/4/2014 0:00,161700,4,1.75,1,0,0,3,1220,500,32955-32977 33rd Ave SW,Federal Way,USA
6/4/2014 0:00,500000,5,3,2,0,0,3,2920,0,18202 Dayton Ave N,Shoreline,USA
6/4/2014 0:00,465000,3,1,1,0,0,3,910,0,2915 NW 75th St,Seattle,USA
6/4/2014 0:00,540000,3,1,1,0,0,4,1050,0,2511 NE 65th St,Seattle,USA
6/4/2014 0:00,525000,3,2,1,0,0,3,1540,0,10340 38th Ave NE,Seattle,USA
6/4/2014 0:00,324950,3,1,1,0,0,3,1210,0,15243 6th Ave NE,Shoreline,USA
6/4/2014 0:00,565000,5,2.5,1,0,0,3,1400,1250,527 171st Pl NE,Bellevue,USA
6/4/2014 0:00,760500,3,2,1,0,0,5,1130,860,4117 Bagley Ave N,Seattle,USA
6/4/2014 0:00,1100000,5,2.75,1,0,4,5,1470,1190,4435 140th Ave SE,Bellevue,USA
6/4/2014 0:00,603500,4,2.5,1,0,4,3,2150,1910,19304 65th Ave NE,Kenmore,USA
6/4/2014 0:00,453500,5,2.5,1,0,0,5,1170,1130,16930 SE 144th St,Renton,USA
6/4/2014 0:00,583000,6,2.75,1,0,0,4,1650,980,2317-2399 185th Pl NE,Redmond,USA
6/4/2014 0:00,275000,2,1,1,0,0,5,770,0,15346-15348 25th Ave NE,Shoreline,USA
6/4/2014 0:00,875000,4,2.75,2,0,0,3,3790,0,1223 269th Ave SE,Sammamish,USA
6/4/2014 0:00,335000,4,2.75,1,0,0,4,1600,940,15901-15999 131st Pl SE,Renton,USA
6/4/2014 0:00,646000,4,2.25,1,0,0,4,1600,900,4615 158th Ave SE,Bellevue,USA
6/4/2014 0:00,392500,4,2.5,2,0,0,3,2150,0,2709 NE 22nd St,Renton,USA
6/4/2014 0:00,785000,3,1.75,1,0,0,5,1670,0,3764 79th Ave SE,Mercer Island,USA
6/4/2014 0:00,470000,3,2,1,0,0,3,1800,0,10406 126th Ave NE,Kirkland,USA
6/4/2014 0:00,560000,3,2.5,2,0,0,3,2070,0,8203 120th Pl SE,Newcastle,USA
6/4/2014 0:00,519000,2,1,1,0,0,4,830,0,8216 Linden Ave N,Seattle,USA
6/4/2014 0:00,746000,3,2.25,1,0,0,4,1650,720,18119 NE 30th St,Redmond,USA
6/4/2014 0:00,317000,3,1,1,0,0,3,1010,0,3100-3198 S Byron St,Seattle,USA
6/4/2014 0:00,371000,3,1.5,1,0,0,3,1420,0,2142 N 90th St,Seattle,USA
6/4/2014 0:00,250000,4,2,1.5,0,0,4,2120,0,2006 S 257th St,Des Moines,USA
6/4/2014 0:00,532000,4,1.75,1,0,0,4,1430,590,10916 159th Ave NE,Redmond,USA
6/4/2014 0:00,499950,3,2.5,2,0,0,3,1040,480,2537 13th Ave W,Seattle,USA
6/4/2014 0:00,375000,2,1,1,0,0,4,820,0,6018 41st Ave SW,Seattle,USA
6/4/2014 0:00,640000,3,2.5,2.5,0,0,3,1690,0,2647 22nd Ave W,Seattle,USA
6/4/2014 0:00,400000,3,2,1,0,0,3,1130,1130,2811 Mill Ave S,Renton,USA
6/4/2014 0:00,572000,3,2.25,1,0,0,4,1290,540,17801 NE 102nd Ct,Redmond,USA
6/4/2014 0:00,310000,3,2,1,0,0,3,1110,240,42321 SE 171st St,North Bend,USA
6/4/2014 0:00,989000,5,3.5,2,0,0,3,2440,840,8309 30th Ave NW,Seattle,USA
6/4/2014 0:00,685000,4,2.5,2,0,0,4,2770,0,18630 NE 202nd St,Woodinville,USA
6/4/2014 0:00,907500,4,2.5,2,0,0,4,2770,0,14583 NE 58th St,Bellevue,USA
6/4/2014 0:00,427500,4,2.5,2,0,0,3,2460,0,SE 170th Pl,Renton,USA
6/4/2014 0:00,860000,3,3.25,2,0,2,3,3190,1530,10510 172nd Ct SE,Renton,USA
6/4/2014 0:00,365000,2,1,1,0,0,4,1250,0,13727 1st Ave NE,Seattle,USA
6/4/2014 0:00,250500,3,2,2,0,0,4,1710,0,3030 SW 346th Pl,Federal Way,USA
6/4/2014 0:00,411715,3,1.75,1,0,0,5,1040,800,4902 12th Ave S,Seattle,USA
6/4/2014 0:00,415000,4,2.5,2,0,0,3,2000,0,720 N 193rd Pl,Shoreline,USA
6/4/2014 0:00,129000,1,1,1,0,0,4,650,0,13712 SE 256th Pl,Kent,USA
6/4/2014 0:00,489000,3,1.5,1,0,0,3,920,100,9110 25th Ave NE,Seattle,USA
6/4/2014 0:00,170000,2,1,1,0,0,3,1500,0,14426-14598 42nd Ave S,Tukwila,USA
6/4/2014 0:00,418500,3,2.5,2,0,0,3,2060,0,34214 SE Carmichael St,Snoqualmie,USA
6/4/2014 0:00,261000,3,1.5,1,0,0,3,950,860,20609 SE 271st St,Covington,USA
6/4/2014 0:00,2005000,6,4.5,1,0,4,5,3810,0,18309 17th Pl NW,Shoreline,USA
6/4/2014 0:00,355000,2,1.75,1,0,0,4,950,700,4541 11th Ave S,Seattle,USA
6/4/2014 0:00,742000,3,3.25,3,0,0,3,1540,0,1820 E Howell St,Seattle,USA
6/4/2014 0:00,399950,3,1.5,1,0,0,3,1190,890,11812 33rd Ave NE,Seattle,USA
6/4/2014 0:00,791000,3,2.25,2,0,0,3,1810,620,625 8th Ave,Kirkland,USA
6/4/2014 0:00,190000,5,2,1,0,0,4,1750,0,1916 Harrington Cir NE,Renton,USA
6/4/2014 0:00,229500,3,1.75,1,0,0,4,1770,0,11055 SE 295th St,Auburn,USA
6/4/2014 0:00,539000,3,2.5,2,0,0,3,1570,140,7874 148th Ct NE,Redmond,USA
6/4/2014 0:00,549000,4,2.25,2,0,0,3,2740,0,14324 250th Pl SE,Issaquah,USA
6/4/2014 0:00,545000,5,2.5,1,0,0,5,1660,1070,18718 56th Ave NE,Kenmore,USA
6/4/2014 0:00,285000,3,2.5,2,0,0,3,2437,0,157 Pike St NE,Auburn,USA
6/4/2014 0:00,648000,4,2.5,2,0,0,3,3290,0,36011 SE Kendall Peak St,Snoqualmie,USA
6/4/2014 0:00,610000,4,3.5,2,0,0,3,2910,0,9311 Nye Ave SE,Snoqualmie,USA
6/4/2014 0:00,767450,3,2,1,0,0,3,1630,0,1464 NW 95th St,Seattle,USA
6/4/2014 0:00,765000,4,3,2,0,0,3,3400,1010,6820 Pinehurst Ave SE,Snoqualmie,USA
6/4/2014 0:00,586500,3,2.5,3,0,0,3,1600,180,3840 Evanston Ave N,Seattle,USA
6/4/2014 0:00,520000,3,3.25,2,0,0,3,1540,0,886 3rd Ave NE,Issaquah,USA
6/4/2014 0:00,455000,3,1.75,3,0,0,3,1420,0,514 N 46th St,Seattle,USA
6/5/2014 0:00,653000,3,2.5,1,0,0,4,1610,1070,8236 NE 115th Way,Kirkland,USA
6/5/2014 0:00,279950,3,2,1,0,0,3,1350,400,2640 S 227th Pl,Des Moines,USA
6/5/2014 0:00,449950,3,2.5,2,0,0,3,2170,0,7546 NE 204th Pl,Kenmore,USA
6/5/2014 0:00,565000,3,2.75,1,0,0,5,1360,1030,6609 117th Ave SE,Bellevue,USA
6/5/2014 0:00,620000,4,2.25,1.5,0,0,4,1460,940,6509 10th Ave NW,Seattle,USA
6/5/2014 0:00,269000,3,1,1,0,0,3,1020,670,12035-12225 61st Ave S,Seattle,USA
6/5/2014 0:00,875000,3,3.5,2,0,0,3,2500,750,5422 46th Ave SW,Seattle,USA
6/5/2014 0:00,630000,4,3.75,1,0,0,4,2500,2110,25510 SE 159th St,Issaquah,USA
6/5/2014 0:00,425000,4,2.75,2,0,1,4,2440,0,21212 Occidental Ave S,Des Moines,USA
6/5/2014 0:00,647500,3,1.75,1,0,0,5,1290,0,1727 Lake Washington Blvd S,Seattle,USA
6/5/2014 0:00,450000,4,1,1.5,0,0,3,1250,750,5421-5499 52nd Terrace S,Seattle,USA
6/5/2014 0:00,440000,3,1,1,0,0,3,1050,0,6057-6061 50th Ave SW,Seattle,USA
6/5/2014 0:00,445000,4,2.5,2,0,0,3,2340,0,908 SW Austin St,Seattle,USA
6/5/2014 0:00,530000,4,2.25,2,0,0,4,2210,0,12807 SE 67th St,Bellevue,USA
6/5/2014 0:00,875000,5,2.5,2,0,0,3,2320,600,747 16th Ave E,Seattle,USA
6/5/2014 0:00,685000,3,2.75,2,0,0,4,3000,150,5424 298th Ave SE,Preston,USA
6/5/2014 0:00,798000,3,3.5,2,0,0,3,3590,0,20555 NE 27th Pl,Sammamish,USA
6/5/2014 0:00,297500,4,2.5,2,0,0,3,1910,0,22840 SE 269th St,Maple Valley,USA
6/5/2014 0:00,749950,4,2.75,2,0,0,4,3110,0,18230 NE 146th Way,Woodinville,USA
6/5/2014 0:00,495000,5,3,1,0,0,3,1450,990,5954 24th Ave S,Seattle,USA
6/5/2014 0:00,540000,4,2.25,1.5,0,0,3,1330,0,136 128th Ave SE,Bellevue,USA
6/5/2014 0:00,395000,3,1.75,1,0,0,4,1460,0,12921 231st Ave SE,Issaquah,USA
6/5/2014 0:00,1300000,6,4.5,3,0,4,4,2782,1120,2306 Halleck Ave SW,Seattle,USA
6/5/2014 0:00,1075000,5,4.75,2,0,2,3,4070,1110,6766 Cascade Ave SE,Snoqualmie,USA
6/5/2014 0:00,214100,2,2.5,2,0,0,3,1150,0,27852 31st Pl S,Auburn,USA
6/5/2014 0:00,210000,4,1.5,1,0,0,3,1370,550,2352 SW 338th St,Federal Way,USA
6/5/2014 0:00,499500,3,2.5,1.5,0,0,3,2520,0,30929 NE Cherry Valley Rd,Duvall,USA
6/5/2014 0:00,546000,2,1,1,0,0,3,970,0,2707 Queen Anne Ave N,Seattle,USA
6/5/2014 0:00,292000,5,2.5,1,0,0,4,1490,1000,12621 SE 222nd Pl,Kent,USA
6/5/2014 0:00,289000,3,2,1,0,0,3,1680,0,710 Victor St,Enumclaw,USA
6/5/2014 0:00,240000,3,1,1,0,0,4,1150,0,450 NE Birch St,Issaquah,USA
6/5/2014 0:00,395000,4,3,1,0,0,4,1160,820,16723 Corliss Pl N,Shoreline,USA
6/5/2014 0:00,795000,4,2.25,1,0,0,4,1700,370,4707 88th Ave SE,Mercer Island,USA
6/5/2014 0:00,955000,4,4.25,2,0,0,3,4100,1560,12124 268th Dr NE,Duvall,USA
6/5/2014 0:00,725000,4,2.75,1,0,0,3,1530,890,1301 141st Pl NE,Bellevue,USA
6/5/2014 0:00,335000,4,2.5,2,0,0,3,2610,0,37540 32nd Pl S,Auburn,USA
6/5/2014 0:00,492000,4,3.75,2,0,2,4,2070,740,1410 SW 10th St,North Bend,USA
6/5/2014 0:00,250000,3,2.5,1,0,0,2,1030,480,17732 199th Pl NE,Woodinville,USA
6/5/2014 0:00,700000,3,1.75,1,0,0,3,1080,830,7529 Bagley Ave N,Seattle,USA
6/5/2014 0:00,545000,3,1.75,1.5,0,0,5,1700,0,14633 200th Ave SE,Renton,USA
6/5/2014 0:00,555000,4,2.75,1,0,0,4,1420,600,3005 177th Ave NE,Redmond,USA
6/5/2014 0:00,640000,3,1.75,1,0,0,5,1170,1170,2955 36th Ave S,Seattle,USA
6/5/2014 0:00,390000,3,2,3,0,0,3,1463,0,7538 Roosevelt Way NE,Seattle,USA
6/5/2014 0:00,466500,3,1,1,0,0,3,950,480,7550 19th Ave NW,Seattle,USA
6/5/2014 0:00,372500,3,1.5,1,0,0,3,800,380,2522 230th Ave NE,Sammamish,USA
6/5/2014 0:00,1800000,5,4.5,2,0,0,3,3390,1010,1404-1418 100th Ave NE,Bellevue,USA
6/5/2014 0:00,255000,3,2.5,2,0,0,3,1610,0,26300 127th Ave SE,Kent,USA
6/5/2014 0:00,466800,3,2.5,2,0,0,3,1480,0,5811 116th Ave NE,Kirkland,USA
6/5/2014 0:00,749000,3,2.5,2,0,0,3,2670,0,14583 NE 58th St,Bellevue,USA
6/5/2014 0:00,610000,4,1.75,2,0,0,3,1230,600,6194-6470 E Mercer Way,Mercer Island,USA
6/5/2014 0:00,356000,2,1,1,0,0,4,920,0,5968 44th Ave S,Seattle,USA
6/5/2014 0:00,165000,3,1,1,0,0,4,1150,0,36255 52nd Ave S,Auburn,USA
6/5/2014 0:00,229000,2,1,1,0,0,3,830,360,10427 18th Ave S,Seattle,USA
6/5/2014 0:00,530000,4,3.25,2,0,0,3,2760,1400,24844 SE Mirrormont Pl,Issaquah,USA
6/5/2014 0:00,499950,3,2.5,2,0,0,3,2370,0,26508 NE Kennedy Dr,Duvall,USA
6/5/2014 0:00,619000,4,1.75,1.5,0,0,3,1660,0,8054 Brooklyn Ave NE,Seattle,USA
6/5/2014 0:00,547000,3,2.5,1,0,0,4,1480,0,10746 38th Ave NE,Seattle,USA
6/5/2014 0:00,359800,4,2.5,2,0,0,3,2390,0,5608 Elizabeth Loop SE,Auburn,USA
6/5/2014 0:00,499000,3,3.5,2,0,0,3,1360,330,3427 33rd Ave W,Seattle,USA
6/5/2014 0:00,189000,3,1,1,0,0,3,1010,0,17026 124th Ave SE,Renton,USA
6/5/2014 0:00,799000,4,3.5,2,0,0,3,2500,1000,16034 SE 47th Ln,Bellevue,USA
6/5/2014 0:00,257000,4,2.75,1,0,0,3,1800,530,2829 SW 342nd Pl,Federal Way,USA
6/5/2014 0:00,270000,3,1.5,1,0,0,3,1090,800,13405 5th Ave SW,Burien,USA
6/5/2014 0:00,453500,4,1.75,1,0,2,3,1300,700,4404 SW 101st St,Seattle,USA
6/5/2014 0:00,237000,3,1,1,0,0,3,1130,0,18504 38th Ave S,SeaTac,USA
6/5/2014 0:00,456000,4,1.75,1,0,0,5,1670,0,13205 39th Ave NE,Seattle,USA
6/5/2014 0:00,355500,3,2.5,2,0,0,3,2600,0,28635 226th Ave SE,Maple Valley,USA
6/5/2014 0:00,299950,4,1.75,1,0,0,4,1560,0,13228 SE 294th Pl,Auburn,USA
6/5/2014 0:00,335000,3,2,1,0,0,3,1170,0,9432 25th Ave SW,Seattle,USA
6/5/2014 0:00,268500,4,2.5,2,0,0,3,2100,0,12519 SE 236th Pl,Kent,USA
6/5/2014 0:00,385000,3,2.25,1,0,0,3,1210,500,19215 58th Ave NE,Kenmore,USA
6/5/2014 0:00,376000,4,2.75,2,0,0,3,2420,0,25025 234th Pl SE,Maple Valley,USA
6/5/2014 0:00,605004,4,2,2,0,0,3,1370,0,2825 W Jameson St,Seattle,USA
6/5/2014 0:00,886000,4,2,1.5,0,0,4,1480,1180,1926 E Lynn St,Seattle,USA
6/5/2014 0:00,560000,4,2.5,2,0,0,3,2260,0,13135 NE 139th St,Kirkland,USA
6/5/2014 0:00,343000,4,2.5,2,0,0,3,2070,0,28129 237th Ave SE,Maple Valley,USA
6/5/2014 0:00,1415000,4,5.25,2,0,0,3,4670,0,6324 160th Pl SE,Bellevue,USA
6/5/2014 0:00,270000,3,1,1,0,0,4,1500,0,20147 SE 152nd St,Renton,USA
6/5/2014 0:00,411605,4,2.5,2,0,0,3,2658,0,2723 55th St SE,Auburn,USA
6/5/2014 0:00,550000,4,2.5,2,0,0,3,2700,0,5314 NE 17th Pl,Renton,USA
6/5/2014 0:00,465000,3,2.25,2,0,0,3,1050,480,2716 E Yesler Way,Seattle,USA
6/5/2014 0:00,584000,3,2.5,2,0,0,3,1280,200,2027 Eastlake Ave E,Seattle,USA
6/5/2014 0:00,275000,3,3,2,0,0,3,1140,250,4022 S Bozeman St,Seattle,USA
6/5/2014 0:00,324500,3,2.5,2,0,0,3,1660,0,8132 Wolcott Ave S,Seattle,USA
6/5/2014 0:00,700000,3,2.5,2,0,0,3,2050,0,8708 12th Ave NW,Seattle,USA
6/6/2014 0:00,385200,4,1,1.5,0,0,3,1550,0,9014 34th Ave SW,Seattle,USA
6/6/2014 0:00,270000,4,2.25,1,0,0,4,1900,0,32624 39th Pl SW,Federal Way,USA
6/6/2014 0:00,735000,4,2.5,2,0,0,3,2050,770,3958 S Lucile St,Seattle,USA
6/6/2014 0:00,389250,2,1.5,1,0,0,3,930,560,3738 SW Ida St,Seattle,USA
6/6/2014 0:00,315000,3,1.5,1,0,0,3,1150,600,32901 SE 43rd St,Fall City,USA
6/6/2014 0:00,545000,4,2.5,2,0,0,3,2040,0,9106 5th Ave NE,Seattle,USA
6/6/2014 0:00,550000,3,1.5,1.5,0,0,3,1640,260,6810 31st Ave NE,Seattle,USA
6/6/2014 0:00,415000,3,1.75,1,0,0,3,1340,570,15505 180 Ave NE,Woodinville,USA
6/6/2014 0:00,387500,3,1,1,0,0,4,1560,0,18975 Marine View Dr SW,Normandy Park,USA
6/6/2014 0:00,432000,3,1.75,1,0,3,4,1070,400,3715 NE 153rd St,Lake Forest Park,USA
6/6/2014 0:00,402000,3,2.5,1,0,3,4,1350,1350,22728 10th Ave S,Des Moines,USA
6/6/2014 0:00,1035000,4,3.25,2,0,3,4,2430,1020,Indian Trail,Burien,USA
6/6/2014 0:00,294700,3,2,1,0,0,4,1300,670,2604 S 357th St,Federal Way,USA
6/6/2014 0:00,744000,3,2.5,2,0,0,3,2670,0,6935 142nd Ct NE,Redmond,USA
6/6/2014 0:00,715000,3,2.5,2,0,0,3,2550,0,4967 165th Pl SE,Bellevue,USA
6/6/2014 0:00,500000,4,1,1.5,0,0,4,1720,0,3004 NW 59th St,Seattle,USA
6/6/2014 0:00,1300000,4,4,2,0,3,3,3180,1090,1645 30th Ave NE,Issaquah,USA
6/6/2014 0:00,1150000,3,1.5,1,1,2,3,1130,1040,2244 West Lake Sammamish Pkwy NE,Redmond,USA
6/6/2014 0:00,650000,4,2.5,2,0,0,3,2840,0,1920 224th Pl NE,Sammamish,USA
6/6/2014 0:00,435000,4,2.75,2,0,0,4,2720,550,19011 SE 283rd St,Kent,USA
6/6/2014 0:00,510000,3,1.75,1,0,0,3,1480,0,7517 128th Pl NE,Kirkland,USA
6/6/2014 0:00,525000,5,2.75,1,0,0,4,1240,1200,12806 NE 141st Ct,Kirkland,USA
6/6/2014 0:00,920000,4,2.75,1.5,0,0,5,1710,1170,1718 44th Ave SW,Seattle,USA
6/6/2014 0:00,200000,2,1,1,0,0,3,1380,350,34033 39th Ave S,Auburn,USA
6/6/2014 0:00,435000,2,1,1.5,0,0,5,1260,0,802 NE 80th St,Seattle,USA
6/6/2014 0:00,809950,4,2,1.5,0,0,5,2230,0,12519 SE 15th St,Bellevue,USA
6/6/2014 0:00,1370000,2,2.25,1.5,0,4,4,1930,530,6827 36th Ave NW,Seattle,USA
6/6/2014 0:00,455000,4,1.75,1,0,0,4,1250,800,17019 193rd Ave SE,Renton,USA
6/6/2014 0:00,471000,3,2.5,2,0,0,3,1720,310,23 Sunset Ct NW,Issaquah,USA
6/6/2014 0:00,253500,2,1,1,0,0,3,810,0,8850 34th Ave SW,Seattle,USA
6/6/2014 0:00,185000,3,1,1,0,0,4,920,920,16433 12th Ave SW,Burien,USA
6/6/2014 0:00,535500,3,1.5,2,0,0,4,1730,0,16718-16726 171st Pl NE,Woodinville,USA
6/6/2014 0:00,835000,2,2,1,0,0,3,2280,0,12439 235th Pl NE,Redmond,USA
6/6/2014 0:00,589500,4,2.5,2,0,0,3,2630,0,34917 SE Moffat St,Snoqualmie,USA
6/6/2014 0:00,680000,3,2.25,1,0,0,3,1820,450,1023 NW 166th St,Shoreline,USA
6/6/2014 0:00,360000,3,1.75,1.5,0,0,4,1020,0,1231 NE 148th St,Shoreline,USA
6/6/2014 0:00,595000,4,2.5,2,0,0,3,1680,310,1102 NW 56th St,Seattle,USA
6/6/2014 0:00,300000,4,2.5,2,0,0,3,2680,0,4620 SW 333rd Ct,Federal Way,USA
6/6/2014 0:00,660000,3,1.75,1.5,0,0,4,1140,840,6040 27th Ave NE,Seattle,USA
6/6/2014 0:00,570000,3,2.5,2,0,0,3,2400,0,12032-12038 SE 76th St,Newcastle,USA
6/6/2014 0:00,285000,2,1,1,0,0,4,780,0,10222 18th Ave SW,Seattle,USA
6/6/2014 0:00,435000,3,2,1,0,0,3,980,0,830 Davis Pl S,Seattle,USA
6/6/2014 0:00,160000,3,1,1,0,0,2,1210,0,20505 Vashon Ave,Vashon,USA
6/6/2014 0:00,805000,5,2.5,1,0,3,3,2300,2300,18015 15th Ave NW,Shoreline,USA
6/6/2014 0:00,450000,3,2.5,2,0,0,3,1480,0,2336 NE Park Dr,Issaquah,USA
6/6/2014 0:00,510000,4,1.5,1,0,0,4,1320,0,11240 106th Ave NE,Kirkland,USA
6/6/2014 0:00,1120000,5,2.75,1,0,3,5,2250,2150,15530-15998 61st Ave NE,Kenmore,USA
6/6/2014 0:00,1280000,4,3.5,2,0,0,3,2370,640,1622 38th Ave E,Seattle,USA
6/6/2014 0:00,539000,3,2,1,0,0,3,1780,480,21132 NE 42nd St,Sammamish,USA
6/6/2014 0:00,407193,4,2,2,0,0,3,1880,0,31229 NE 111th St,Carnation,USA
6/6/2014 0:00,320000,3,1.75,1,0,0,4,1370,0,99 17th Ave,Milton,USA
6/6/2014 0:00,739000,4,3,2,0,0,5,1800,920,6326 20th Ave NE,Seattle,USA
6/6/2014 0:00,452000,2,1.75,1,0,0,4,990,750,9411 44th Pl NE,Seattle,USA
6/6/2014 0:00,600000,4,2.5,2,0,0,3,2560,0,22801-22899 NE 100th Pl,Redmond,USA
6/6/2014 0:00,279000,5,2.5,2,0,0,3,2690,0,6421 S 124th St,Seattle,USA
6/6/2014 0:00,895000,4,3,2,0,0,3,3240,0,1852 271st Ave SE,Sammamish,USA
6/6/2014 0:00,585000,4,2.5,2,0,0,3,2430,0,360 SE Bush St,Issaquah,USA
6/6/2014 0:00,405000,2,2,2,0,0,3,1140,265,1111 29th Ave,Seattle,USA
6/6/2014 0:00,837219,5,2.75,2,0,0,3,3030,0,1855-1899 212th Ave SE,Sammamish,USA
6/6/2014 0:00,969990,4,2.5,2,0,0,3,4150,0,3324 225th Ave SE,Sammamish,USA
6/7/2014 0:00,490000,3,3,3,0,0,3,1730,0,2639 NW 86th St,Seattle,USA
6/7/2014 0:00,611000,6,2.5,1,0,0,4,2040,1780,820 Idylwood Dr SW,Issaquah,USA
6/7/2014 0:00,462000,4,2.5,2,0,0,3,3070,0,3474 Wells Ave S,Renton,USA
6/8/2014 0:00,540000,4,2.5,2,0,0,3,1780,0,25025 SE 42nd St,Issaquah,USA
6/8/2014 0:00,260000,4,2.5,2,0,0,3,1811,0,16603 113th Ave SE,Renton,USA
6/8/2014 0:00,510000,4,2.25,2,0,0,3,2450,0,18121 197th Pl NE,Woodinville,USA
6/8/2014 0:00,567500,3,2.5,2,0,0,3,2300,0,7075-7131 Thompson Ave SE,Snoqualmie,USA
6/8/2014 0:00,445000,2,1,1,0,0,3,960,480,1608 N 50th St,Seattle,USA
6/8/2014 0:00,684680,4,2.25,2,0,0,4,2370,0,16314 NE 46th St,Redmond,USA
6/8/2014 0:00,2700000,4,3.25,2,1,4,3,3150,1270,17834 SE 40th Pl,Bellevue,USA
6/8/2014 0:00,455000,3,1,1.5,0,0,3,1300,0,5606 8th Ave NE,Seattle,USA
6/8/2014 0:00,540000,5,3,2,0,0,3,2090,780,11175 NE 162nd St,Bothell,USA
6/8/2014 0:00,530000,3,2.75,2,0,2,3,2470,930,353 Bronson Way NE,Renton,USA
6/9/2014 0:00,410000,3,1,1,0,0,4,910,500,10711 Ashworth Ave N,Seattle,USA
6/9/2014 0:00,450000,3,1.75,1,0,0,3,1110,530,12016 23rd Ave NE,Seattle,USA
6/9/2014 0:00,609900,4,2.5,2,0,0,3,3190,0,27465 254th Way SE,Maple Valley,USA
6/9/2014 0:00,648000,4,2.5,2,0,0,3,2380,0,3008 233rd Ave SE,Issaquah,USA
6/9/2014 0:00,550000,3,2.5,2,0,0,3,2260,0,24811 SE 19th St,Sammamish,USA
6/9/2014 0:00,347000,3,1.75,1,0,0,4,1240,0,22207 Daeila Dr,Sammamish,USA
6/9/2014 0:00,1635000,5,3.5,1,0,0,3,2110,2110,400 Detwiller Ln,Bellevue,USA
6/9/2014 0:00,1339000,4,2.5,2,0,2,4,3260,990,9426 SE 52nd St,Mercer Island,USA
6/9/2014 0:00,288350,3,1.5,1,0,0,3,1200,660,5162 S 170th St,Tukwila,USA
6/9/2014 0:00,1150000,3,2.5,1,0,0,4,1730,1120,9824 NE 13th St,Bellevue,USA
6/9/2014 0:00,525000,3,3,2,0,0,4,2470,0,25616 SE 152nd St,Issaquah,USA
6/9/2014 0:00,250250,3,2.25,2,0,0,4,2210,0,3652 SW 328th St,Federal Way,USA
6/9/2014 0:00,341000,4,1.75,1,0,0,4,1500,420,16016 SE 173rd St,Renton,USA
6/9/2014 0:00,700000,4,3,2,0,0,3,3150,0,24012 SE 13th Pl,Sammamish,USA
6/9/2014 0:00,390000,4,1.75,1.5,0,0,4,2700,0,16518-16526 147th Ave SE,Renton,USA
6/9/2014 0:00,539950,3,2.25,1,0,1,4,1240,950,3600-3698 Wells Ave N,Renton,USA
6/9/2014 0:00,552000,2,2.5,3,0,0,3,1380,0,5010 Greenwood Ave N,Seattle,USA
6/9/2014 0:00,250000,5,1.5,1.5,0,0,4,1510,1010,2134 Montgomery Ave,Enumclaw,USA
6/9/2014 0:00,502000,3,1.75,1,0,0,4,1300,0,16805 NE 12th St,Bellevue,USA
6/9/2014 0:00,480000,4,1.75,2,0,3,4,2220,0,16905 33rd Ave SW,Burien,USA
6/9/2014 0:00,378500,2,1,1,0,0,3,730,0,2048 NE 97th St,Seattle,USA
6/9/2014 0:00,1350000,4,3.25,2,0,0,5,3300,0,9213 SE 68th St,Mercer Island,USA
6/9/2014 0:00,1900000,4,3.25,2,0,0,3,4130,0,13117 NE 33rd St,Bellevue,USA
6/9/2014 0:00,605000,3,2.5,2,0,3,3,2670,0,16901-17007 NE 160th Pl,Woodinville,USA
6/9/2014 0:00,307550,4,2.5,2,0,0,3,1980,0,11717 SE 234th Pl,Kent,USA
6/9/2014 0:00,304700,2,1,1,0,0,4,740,0,13715 Wallingford Ave N,Seattle,USA
6/9/2014 0:00,568000,3,1.75,1,0,0,4,1070,980,5404-5410 Beach Dr SW,Seattle,USA
6/9/2014 0:00,385000,3,1.75,1,0,0,3,1230,0,14407 88th Ave NE,Kirkland,USA
6/9/2014 0:00,345000,3,2.5,3,0,0,3,1210,0,717 N 95th St,Seattle,USA
6/9/2014 0:00,435000,3,2.25,1,0,0,4,1230,660,1021 NE 120th St,Seattle,USA
6/9/2014 0:00,579000,2,2,1,0,0,3,1870,0,12524 231st Ave NE,Redmond,USA
6/9/2014 0:00,236000,3,1.75,1,0,0,3,1330,0,3802 I Pl NE,Auburn,USA
6/9/2014 0:00,305100,3,2,1,0,0,4,1590,0,18429 W Lake Desire Dr SE,Renton,USA
6/9/2014 0:00,368000,3,1.75,1,0,0,4,1710,0,15303 75th Ave NE,Kenmore,USA
6/9/2014 0:00,255000,2,1,1,0,2,5,1200,0,22018 8th Pl S,Des Moines,USA
6/9/2014 0:00,400000,2,1,1,0,0,3,1140,0,3922 SW Kenyon St,Seattle,USA
6/9/2014 0:00,440000,3,1.75,1,0,0,3,1120,1120,13749 1st Ave NE,Seattle,USA
6/9/2014 0:00,417000,2,1,1,0,0,3,920,0,6321 51st Ave S,Seattle,USA
6/9/2014 0:00,435000,2,1,1,0,0,3,800,0,1111 NW 64th St,Seattle,USA
6/9/2014 0:00,475000,4,2.75,1,0,0,5,1980,0,19523 53rd Ave NE,Lake Forest Park,USA
6/9/2014 0:00,563500,4,2.5,2,0,0,3,2800,0,15415 279th Pl NE,Duvall,USA
6/9/2014 0:00,285000,3,2.25,2,0,0,3,1680,0,20615 SE 334th St,Auburn,USA
6/9/2014 0:00,471000,4,2.5,2,0,0,3,2330,0,275 SE 10th Cir,North Bend,USA
6/9/2014 0:00,500000,4,1.75,1.5,0,0,4,2240,0,16725 NE 22nd St,Bellevue,USA
6/9/2014 0:00,640000,3,2.5,2,0,0,3,2140,0,23359 NE 24th Pl,Sammamish,USA
6/9/2014 0:00,442500,4,2.5,2,0,0,3,2170,0,27518 NE 147th Ln,Duvall,USA
6/9/2014 0:00,213400,3,1.5,1,0,0,4,1150,0,11002 SE 180th St,Renton,USA
6/9/2014 0:00,831000,4,2.5,1.5,0,0,4,1630,400,3912 Ashworth Ave N,Seattle,USA
6/9/2014 0:00,325000,3,2,1,0,0,3,1350,0,14329 275th Ave NE,Duvall,USA
6/9/2014 0:00,425000,2,1,1,0,0,4,910,0,6311-6399 28th Ave NW,Seattle,USA
6/9/2014 0:00,550000,4,2.5,1,0,0,4,1440,1260,3946 SW Portland St,Seattle,USA
6/9/2014 0:00,599950,4,3.5,2,0,2,3,2440,1290,24702 132nd Ct SE,Kent,USA
6/9/2014 0:00,1225000,4,2.5,2,0,0,3,2740,0,2557 Medina Cir,Medina,USA
6/9/2014 0:00,750000,4,3.25,2,0,0,4,1370,680,427 27th Ave E,Seattle,USA
6/9/2014 0:00,290000,4,3,2,0,0,3,2390,0,312 Wells Ave N,Renton,USA
6/9/2014 0:00,270000,4,2.75,1,0,0,3,1270,720,2820 V Ct SE,Auburn,USA
6/9/2014 0:00,229950,4,1.75,1,0,0,4,1300,0,32838 38th Ave S,Federal Way,USA
6/9/2014 0:00,234999,3,1,1,0,0,3,1330,0,4725 S 172nd St,SeaTac,USA
6/9/2014 0:00,265000,2,1,1,0,0,3,1000,0,32823 NE 195th St,Duvall,USA
6/9/2014 0:00,367300,4,2.75,2,0,0,3,2190,0,4816 S 277th Pl,Auburn,USA
6/9/2014 0:00,550000,3,1.75,1.5,0,0,3,1380,0,929 24th Ave,Seattle,USA
6/9/2014 0:00,743700,4,2.5,2,0,0,3,2610,0,21306 NE 69th Ct,Redmond,USA
6/9/2014 0:00,352750,2,1.75,2,0,0,3,960,100,323 25th Ave S,Seattle,USA
6/9/2014 0:00,403950,2,1,2,0,0,4,710,0,2360 Fairview Ave E,Seattle,USA
6/9/2014 0:00,980000,4,2.5,1.5,0,0,5,2230,500,2518 1st Ave W,Seattle,USA
6/9/2014 0:00,585000,4,1.75,2,0,2,3,2470,0,18206 McLean Rd SW,Vashon,USA
6/9/2014 0:00,554000,3,1.75,1,0,0,3,1760,0,1829 140th Ave SE,Bellevue,USA
6/9/2014 0:00,546000,3,2.5,2,0,0,3,1530,0,15004 NE 8th Pl,Bellevue,USA
6/9/2014 0:00,280000,2,1.75,1.5,0,0,2,1610,0,7704 376th Ave SE,Snoqualmie,USA
6/9/2014 0:00,212500,2,2,1,0,0,4,1030,0,12450 2nd Ave S,Seattle,USA
6/9/2014 0:00,739000,4,2.5,2,0,0,3,2800,0,6209 284th Way NE,Carnation,USA
6/9/2014 0:00,428000,3,2,1,0,0,3,780,530,8519 Fremont Ave N,Seattle,USA
6/9/2014 0:00,965000,4,2.25,1,0,0,4,3160,0,14461 156th Ave NE,Woodinville,USA
6/9/2014 0:00,364900,3,3,2,0,0,3,2500,0,13124 SE 223rd Ct,Kent,USA
6/9/2014 0:00,559000,3,1.5,1,0,0,4,1140,930,8328 14th Ave NW,Seattle,USA
6/9/2014 0:00,213000,4,1.75,1,0,0,2,1480,500,32835 38th Ct SW,Federal Way,USA
6/9/2014 0:00,620000,3,2.5,2,0,0,3,2590,0,11331 19th Ave NE,Seattle,USA
6/9/2014 0:00,240000,4,1,1.5,0,0,3,1910,0,9817 26th Ave SW,Seattle,USA
6/9/2014 0:00,852500,3,2.5,1,0,0,4,1580,1050,14008 SE 45th Ct,Bellevue,USA
6/9/2014 0:00,600000,3,2.5,2,0,0,3,2630,0,31611 NE Cherry Valley Rd,Duvall,USA
6/9/2014 0:00,410000,3,2.5,2,0,0,3,1960,0,33823 SE Odell St,Snoqualmie,USA
6/9/2014 0:00,328000,3,1.75,2,0,0,3,1440,0,31720 NE 123rd St,Duvall,USA
6/9/2014 0:00,625000,3,1.75,1,0,0,3,1390,820,2022 123rd Ave SE,Bellevue,USA
6/9/2014 0:00,649950,4,2.5,2,0,0,4,2350,0,21601-21799 NE 175th St,Woodinville,USA
6/9/2014 0:00,235000,3,1,1.5,0,0,3,1590,0,13726-13736 8th Ave SW,Burien,USA
6/9/2014 0:00,489000,3,3.5,2,0,0,3,1240,260,6008 14th Ave NW,Seattle,USA
6/9/2014 0:00,536000,3,2.5,2,0,0,3,1900,0,1706 251st Pl SE,Sammamish,USA
6/9/2014 0:00,400000,4,3.5,2.5,0,0,3,2370,0,3704 NE 14th St,Renton,USA
6/9/2014 0:00,398000,3,2.5,2,0,0,3,1240,480,6006 41st Ave SW,Seattle,USA
6/9/2014 0:00,379000,4,1.5,1,0,0,4,2020,0,11303 146th Ave SE,Renton,USA
6/9/2014 0:00,345000,2,1.5,2,0,0,3,1120,220,1718-1748 21st Ave S,Seattle,USA
6/9/2014 0:00,365000,3,2.5,2,0,0,3,1800,0,2803 SW Bataan St,Seattle,USA
6/9/2014 0:00,315000,3,2.5,2,0,0,3,1150,330,2202 SW Elmgrove St,Seattle,USA
6/10/2014 0:00,571000,4,2,1.5,0,0,5,2250,500,12042 38th Ave NE,Seattle,USA
6/10/2014 0:00,1025000,5,4,2,0,0,3,3760,0,4143 118th Ave NE,Kirkland,USA
6/10/2014 0:00,695000,3,2.75,2,0,0,3,2540,0,1306 236th Pl NE,Sammamish,USA
6/10/2014 0:00,225000,3,1.75,1,0,0,3,920,840,18035 SE 262nd Pl,Covington,USA
6/10/2014 0:00,740000,3,2.5,2,0,0,3,3000,0,7617 245th Way NE,Redmond,USA
6/10/2014 0:00,315000,4,2.5,2,0,0,4,1930,0,12108 SE 218th Pl,Kent,USA
6/10/2014 0:00,1230000,4,2.5,2,0,0,3,3040,0,7024 SE 20th St,Mercer Island,USA
6/10/2014 0:00,420000,2,1,1,0,0,4,860,0,7743 27th Ave NW,Seattle,USA
6/10/2014 0:00,310000,3,1.75,1,0,0,4,1100,320,2714 NE 4th Ct,Renton,USA
6/10/2014 0:00,700000,3,2,1,0,0,5,1160,920,7735 27th Ave NW,Seattle,USA
6/10/2014 0:00,269000,3,2.5,2,0,0,3,1560,0,23620 SE 243rd Pl,Maple Valley,USA
6/10/2014 0:00,369990,4,2.5,2,0,0,3,1960,0,2125 NE 6th Cir,Renton,USA
6/10/2014 0:00,800000,3,2.25,2,0,0,4,1620,0,2565-2599 3rd Ave W,Seattle,USA
6/10/2014 0:00,569000,5,3,1,0,0,5,2060,1610,5011 NE 180th St,Lake Forest Park,USA
6/10/2014 0:00,175000,6,1.5,1,0,0,3,1030,900,416 SW 130th St,Burien,USA
6/10/2014 0:00,440000,3,1.5,3,0,0,3,1290,0,4507 Linden Ave N,Seattle,USA
6/10/2014 0:00,435000,5,2.25,1,0,0,3,1450,520,4309 327th Pl SE,Fall City,USA
6/10/2014 0:00,345000,3,1.75,1,0,0,4,920,620,16000-16098 15th Ave NE,Shoreline,USA
6/10/2014 0:00,558000,4,2,1,0,0,3,1020,1160,729 23rd Ave,Seattle,USA
6/10/2014 0:00,475000,2,1.75,1,0,2,3,1490,0,5050-5132 Foster Ave SE,Auburn,USA
6/10/2014 0:00,490000,3,2,2,0,0,3,1640,580,15 Mt Pilchuck Ave NW,Issaquah,USA
6/10/2014 0:00,335000,3,1.75,1,0,0,4,1410,1020,4618 NE 22nd Pl,Renton,USA
6/10/2014 0:00,350000,2,0.75,1.5,0,0,4,1392,0,17404 94th Ave SW,Vashon,USA
6/10/2014 0:00,100000,4,1,1,0,0,3,860,260,1006 N 5th St,Renton,USA
6/10/2014 0:00,417500,4,1,1.5,0,0,4,1390,0,115 NW 132nd St,Seattle,USA
6/10/2014 0:00,253000,3,1.75,1,0,0,3,1020,1020,4056 S 151st St,Tukwila,USA
6/10/2014 0:00,1240000,5,3,2,0,0,3,2460,370,4007 48th Ave NE,Seattle,USA
6/10/2014 0:00,490000,4,2.5,2,0,0,4,3020,0,26529 161st Ave SE,Covington,USA
6/10/2014 0:00,470000,3,1.75,1,0,0,3,1620,670,5319 NE 201st Pl,Lake Forest Park,USA
6/10/2014 0:00,483300,4,2,1,0,0,4,1210,0,3911 147th Ave SE,Bellevue,USA
6/10/2014 0:00,659000,3,2.5,2,0,0,3,2510,0,2651 230th Ave SE,Sammamish,USA
6/10/2014 0:00,480000,4,1.75,1,0,0,3,1140,1180,3149 35th Ave S,Seattle,USA
6/10/2014 0:00,165000,3,1,1,0,0,3,970,0,13240 Occidental Ave S,Burien,USA
6/10/2014 0:00,659500,3,1.75,1,0,0,4,1620,200,4115 NE 62nd St,Seattle,USA
6/10/2014 0:00,219900,3,1,1,0,0,4,970,0,31716 6th Ave S,Federal Way,USA
6/10/2014 0:00,315000,2,1,1,0,0,4,950,790,5237 Martin Luther King Jr Way S,Seattle,USA
6/10/2014 0:00,250000,3,1.75,1,0,0,3,1130,460,12033 SE 223rd Dr,Kent,USA
6/10/2014 0:00,268000,2,1,1,0,0,3,870,510,3010 S Holden St,Seattle,USA
6/10/2014 0:00,380000,4,1.5,1,0,0,3,1130,550,236 NW 176th Pl,Shoreline,USA
6/10/2014 0:00,499000,2,1,1,0,0,3,920,300,637 NW 74th St,Seattle,USA
6/10/2014 0:00,285000,2,2,1,0,0,3,1651,0,15923 Vashon Hwy SW,Vashon,USA
6/10/2014 0:00,183000,3,1.75,1,0,0,4,1330,0,3301 20th St SE,Auburn,USA
6/10/2014 0:00,1070000,3,3,2,0,0,4,2230,710,4814 University View Pl NE,Seattle,USA
6/10/2014 0:00,429000,3,3.25,3,0,0,3,1410,0,9507 Ashworth Ave N,Seattle,USA
6/10/2014 0:00,403000,2,1,1,0,0,4,1100,0,3242 15th Ave S,Seattle,USA
6/10/2014 0:00,375500,3,1.5,1,0,0,3,1530,0,3005 NE 194th St,Lake Forest Park,USA
6/10/2014 0:00,1795000,5,3.25,2,0,1,3,4010,1260,5355 84th Pl SE,Mercer Island,USA
6/10/2014 0:00,516200,3,2,1,0,0,5,1080,1030,4836 S Findlay St,Seattle,USA
6/10/2014 0:00,385000,4,1.75,1,0,0,3,860,860,9813 NE 140th St,Kirkland,USA
6/10/2014 0:00,515000,3,2.5,2,0,0,3,1800,0,8230 NE 125th Ct,Kirkland,USA
6/10/2014 0:00,375000,4,2.5,2,0,0,3,2210,0,475 S 190th St,Burien,USA
6/10/2014 0:00,650000,4,2.25,2,0,0,4,2560,0,7014 NE 139th St,Kirkland,USA
6/10/2014 0:00,306888,2,1.5,2,0,0,3,1010,0,2314 Blaine Ave NE,Renton,USA
6/10/2014 0:00,870000,4,2.5,2,0,1,3,2470,870,1919 Fairmount Ave SW,Seattle,USA
6/10/2014 0:00,310000,4,1,1.5,0,0,3,1740,0,2109 N 161st Pl,Shoreline,USA
6/10/2014 0:00,251750,3,2,1,0,0,5,1320,0,12526 SE 232nd St,Kent,USA
6/10/2014 0:00,366000,3,1.75,1,0,0,3,1520,0,19223 89th Ave NE,Bothell,USA
6/10/2014 0:00,429950,3,1.5,1,0,0,3,1570,440,11049 Sand Point Way NE,Seattle,USA
6/10/2014 0:00,710000,3,3.5,2,0,0,3,1990,450,2469 132nd Ave SE,Bellevue,USA
6/10/2014 0:00,895000,5,2.5,1,0,0,4,1610,940,11034 NE 26th Pl,Bellevue,USA
6/10/2014 0:00,149500,3,1,1,0,0,4,1010,0,27019 15th Ave S,Des Moines,USA
6/10/2014 0:00,310000,3,2.5,1,0,0,3,1230,550,8833 14th Ave SW,Seattle,USA
6/10/2014 0:00,555000,3,2,1.5,0,2,4,1680,500,3763 SW Hinds St,Seattle,USA
6/10/2014 0:00,750000,5,3.25,2,0,1,3,2150,600,10237 NE 64th St,Kirkland,USA
6/10/2014 0:00,745000,4,3.25,2,0,0,3,3490,0,27520 SE 28th Ct,Sammamish,USA
6/10/2014 0:00,695000,3,2.5,2,0,0,3,2550,0,4792-4798 281st Ave NE,Redmond,USA
6/10/2014 0:00,433000,3,1.75,1,0,0,3,1270,600,6811 51st Ave S,Seattle,USA
6/10/2014 0:00,307000,4,1,1.5,0,0,3,1150,0,15562 9th Ave NE,Shoreline,USA
6/10/2014 0:00,655275,3,1.75,1,0,0,3,1460,590,4040 134th Ave SE,Bellevue,USA
6/10/2014 0:00,392000,4,2.75,2,0,0,3,1940,0,25804-25810 Lake Wilderness Country Club Dr SE,Maple Valley,USA
6/10/2014 0:00,1180000,5,3.75,1.5,0,0,3,2470,1160,810 5th St,Kirkland,USA
6/10/2014 0:00,359950,3,1.75,2,0,0,4,1890,0,1633 N 192nd St,Shoreline,USA
6/10/2014 0:00,360000,4,2,1,0,0,5,1630,0,17602 197th Pl NE,Woodinville,USA
6/10/2014 0:00,566000,4,1.75,1,0,0,3,1340,1100,7328 12th Ave NW,Seattle,USA
6/10/2014 0:00,700000,5,2.75,2,0,2,4,3100,0,4251 NE 125th St,Seattle,USA
6/10/2014 0:00,415000,3,2.5,2,0,0,3,2090,0,3307 NE 7th St,Renton,USA
6/10/2014 0:00,199500,3,1,1,0,0,4,920,0,34021 40th Ave S,Auburn,USA
6/10/2014 0:00,749000,3,1,1.5,0,0,3,1580,0,7526 Jones Ave NW,Seattle,USA
6/10/2014 0:00,680000,3,1.75,1,0,0,4,1460,300,7510 45th Ave SW,Seattle,USA
6/10/2014 0:00,400000,4,2.5,1,0,0,3,1440,1090,9808 NE 204th Pl,Bothell,USA
6/10/2014 0:00,608000,4,2.75,1,0,0,4,1400,1090,10500-10598 NE 168th St,Bothell,USA
6/10/2014 0:00,589900,4,4.5,2,0,0,3,2530,1340,24718 SE Mirrormont Dr,Issaquah,USA
6/10/2014 0:00,480000,5,2.5,1,0,2,4,1870,862,1006 S 286th Pl,Federal Way,USA
6/10/2014 0:00,1059500,5,3.25,2,0,0,3,2480,750,6729 Earl Ave NW,Seattle,USA
6/10/2014 0:00,915000,6,3.75,2,0,3,3,2930,0,6478 167th Ln SE,Bellevue,USA
6/10/2014 0:00,695000,4,3.5,2,0,0,3,3510,0,34809 SE Garden Ct,Snoqualmie,USA
6/10/2014 0:00,899900,4,2.5,2,0,0,3,2580,0,1235 Market St,Kirkland,USA
6/10/2014 0:00,499950,2,2.25,2,0,0,3,940,120,2008 Yale Ave E,Seattle,USA
6/10/2014 0:00,533112,4,2.75,2,0,0,3,2790,0,1030 SE 10th St,North Bend,USA
6/10/2014 0:00,303210,4,2.5,2,0,0,3,2009,0,2411 57th St SE,Auburn,USA
6/10/2014 0:00,525000,5,2.75,2,0,0,3,2880,0,407 Kitsap Ave NE,Renton,USA
6/10/2014 0:00,399950,2,1,2,0,0,4,710,0,2358 Fairview Ave E,Seattle,USA
6/11/2014 0:00,850830,3,2.5,1.5,0,0,5,1270,800,2505 Boyer Ave E,Seattle,USA
6/11/2014 0:00,371500,3,2,1,0,0,5,1370,0,2320 N 161st St,Shoreline,USA
6/11/2014 0:00,522000,3,1.75,1,0,0,4,1400,330,8605 169th Ct NE,Redmond,USA
6/11/2014 0:00,588000,4,2,1,0,0,3,980,700,7734 39th Ave NE,Seattle,USA
6/11/2014 0:00,276900,2,1,1,0,2,4,1350,0,428 Orchard Ave NE,North Bend,USA
6/11/2014 0:00,248000,5,1.5,1,0,0,4,1510,0,2052 S 132nd St,SeaTac,USA
6/11/2014 0:00,280000,3,2.5,2,0,0,3,1860,0,1206 SW 349th St,Federal Way,USA
6/11/2014 0:00,495000,6,5,2,0,0,3,3280,160,321 Hardie Ave NW,Renton,USA
6/11/2014 0:00,665000,6,3,2.5,0,0,4,3020,1230,3907 S Edmunds St,Seattle,USA
6/11/2014 0:00,290300,2,1,1,0,0,4,860,0,915 N 1st St,Renton,USA
6/11/2014 0:00,527000,2,1.75,1,0,0,3,840,800,4746 Thackeray Pl NE,Seattle,USA
6/11/2014 0:00,487028,2,1.5,2,0,0,3,1105,190,2514 E Denny Way,Seattle,USA
6/11/2014 0:00,325000,3,1.75,1,0,0,3,1130,660,43404 SE 76th St,Snoqualmie,USA
6/11/2014 0:00,799000,3,1.5,1.5,0,0,5,2210,0,1422 33rd Ave S,Seattle,USA
6/11/2014 0:00,7062500,5,4.5,2,1,2,3,7680,2360,4442 95th Ave NE,Bellevue,USA
6/11/2014 0:00,354000,3,1,1,0,0,3,940,0,15550 NE 60th St,Redmond,USA
6/11/2014 0:00,262500,3,1.5,1,0,0,3,1160,0,7327 33rd Ave S,Seattle,USA
6/11/2014 0:00,560200,3,2.5,2,0,0,3,1990,0,24134 SE 20th St,Sammamish,USA
6/11/2014 0:00,220000,3,1,1,0,0,3,1050,0,10102 33rd Ave SW,Seattle,USA
6/11/2014 0:00,650000,2,1,1,0,0,5,1030,0,1923 46th Ave SW,Seattle,USA
6/11/2014 0:00,435000,3,2.5,3,0,0,3,1420,0,136 N 101st St,Seattle,USA
6/11/2014 0:00,800000,4,3.75,2,0,3,4,2120,570,2537 11th Ave W,Seattle,USA
6/11/2014 0:00,1010000,4,2.5,2,0,0,3,3760,0,15736 NE 134th St,Redmond,USA
6/11/2014 0:00,200000,2,1,1,0,0,5,700,0,751 Redmond Ave NE,Renton,USA
6/11/2014 0:00,295000,5,3.5,2,0,0,3,1410,690,10026 61st Ave S,Seattle,USA
6/11/2014 0:00,580379,4,2.75,1.5,0,0,4,2240,0,21404 SE 19th St,Sammamish,USA
6/11/2014 0:00,875000,4,2.5,2,0,0,3,3470,0,22618 NE 143rd Ct,Woodinville,USA
6/11/2014 0:00,515000,3,2.5,2,0,0,3,3200,170,15043 Densmore Ave N,Shoreline,USA
6/11/2014 0:00,599000,4,2.5,2,0,0,3,2790,0,18905 240th Ave NE,Woodinville,USA
6/11/2014 0:00,285000,3,2.5,2,0,0,3,1870,0,13303 SE 227th St,Kent,USA
6/11/2014 0:00,290000,3,1.75,1,0,0,4,1520,0,28515 SE 228th St,Maple Valley,USA
6/11/2014 0:00,355000,1,1.75,1,0,0,4,550,200,14128 W Lake Kathleen Dr SE,Renton,USA
6/11/2014 0:00,381000,3,1.5,1,0,0,3,1460,0,16044 33rd Ave NE,Lake Forest Park,USA
6/11/2014 0:00,571000,3,2.5,2,0,0,3,2600,0,15201 93rd Pl NE,Bothell,USA
6/11/2014 0:00,852600,4,2.5,2,0,0,5,2650,670,5334-5394 134th Ave SE,Bellevue,USA
6/11/2014 0:00,1085000,5,2.5,2,0,0,4,2340,0,3107 37th Pl S,Seattle,USA
6/11/2014 0:00,371000,3,1,1,0,0,3,890,0,3843 NE 113th St,Seattle,USA
6/11/2014 0:00,514000,3,1.75,1,0,1,3,1220,500,4052 SW Myrtle St,Seattle,USA
6/11/2014 0:00,386000,3,1.5,2,0,0,3,1080,190,3613 Gilman Ave W,Seattle,USA
6/11/2014 0:00,464000,4,2.5,2,0,0,4,2180,0,5055 NE 23rd St,Renton,USA
6/11/2014 0:00,335000,4,2.25,1,0,0,3,1230,800,20532 SE 159th St,Renton,USA
6/11/2014 0:00,740000,4,2.75,2,0,2,3,1490,1000,12537 41st Ave NE,Seattle,USA
6/11/2014 0:00,465000,4,1.75,1,0,0,3,980,490,10424 12th Ave NE,Seattle,USA
6/11/2014 0:00,700000,3,2.75,1,0,0,5,1390,1110,10050 11th Ave NW,Seattle,USA
6/11/2014 0:00,785000,3,3.5,2,0,0,3,4500,0,13528 SE 333rd Pl,Auburn,USA
6/11/2014 0:00,350000,3,3.25,2,0,0,3,1130,330,6003 Lanham Pl SW,Seattle,USA
6/11/2014 0:00,148000,1,1,1,0,0,3,620,0,9854 25th Ave SW,Seattle,USA
6/11/2014 0:00,530000,3,1.75,1,0,0,3,1050,500,209 NW 73rd St,Seattle,USA
6/11/2014 0:00,349000,3,2.5,3,0,0,3,1430,0,720 N 95th St,Seattle,USA
6/11/2014 0:00,240000,3,1.5,1.5,0,0,5,1360,0,43712 SE 150th St,North Bend,USA
6/11/2014 0:00,330000,3,2.5,2,0,0,3,2210,0,32739 47th Ave SW,Federal Way,USA
6/11/2014 0:00,735000,4,1.75,1.5,0,0,5,1450,1010,6815 26th Ave NE,Seattle,USA
6/11/2014 0:00,545000,3,2.5,1,0,0,4,1850,330,1801 193rd Ave SE,Sammamish,USA
6/11/2014 0:00,214950,3,1.75,1,0,0,4,1310,260,26712 186th Ave SE,Covington,USA
6/11/2014 0:00,657500,4,2.75,2,0,0,3,4140,0,32927 143rd Ct SE,Auburn,USA
6/11/2014 0:00,476000,3,1,1.5,0,0,4,1140,0,4415 29th Ave W,Seattle,USA
6/11/2014 0:00,2888000,5,6.25,2,0,4,3,6120,2550,1291 NW Elford Dr,Seattle,USA
6/11/2014 0:00,110000,2,1,1,0,0,3,800,0,12231 14th Ave S,Seattle,USA
6/11/2014 0:00,292000,4,2.75,2,0,0,3,2414,0,315 F St SE,Auburn,USA
6/11/2014 0:00,317000,3,1,1,0,0,3,1160,0,13319 1st Ave NE,Seattle,USA
6/11/2014 0:00,455000,4,2.5,2,0,2,3,3170,0,1118 U St NW,Auburn,USA
6/11/2014 0:00,1365000,5,3.5,2,0,3,3,4210,0,5564 169th Pl SE,Bellevue,USA
6/11/2014 0:00,460000,3,2,1,0,0,3,1030,1030,3720 35th Ave SW,Seattle,USA
6/11/2014 0:00,405000,3,2,1,0,0,3,1640,0,12711 37th Ave NE,Seattle,USA
6/11/2014 0:00,333000,2,1,1,0,0,3,720,0,9716 4th Ave NW,Seattle,USA
6/11/2014 0:00,427000,4,1,1.5,0,0,1,1860,0,2411-2499 E Roy St,Seattle,USA
6/11/2014 0:00,742000,4,2.5,2,0,0,3,2810,0,1755 268th Pl SE,Sammamish,USA
6/11/2014 0:00,465000,4,2.5,1,0,0,5,1320,770,16135 Densmore Ave N,Shoreline,USA
6/11/2014 0:00,809950,4,2.5,2,0,0,3,3280,0,19199 NE 43rd Ct,Sammamish,USA
6/11/2014 0:00,619400,4,2,1.5,0,0,5,1790,300,8044 14th Avenue Northeast,Seattle,USA
6/11/2014 0:00,762400,3,1.75,1,0,1,3,1230,1200,4854 E Mercer Way,Mercer Island,USA
6/11/2014 0:00,535000,5,2.25,2,0,0,4,2520,0,20645 SE 123rd St,Issaquah,USA
6/11/2014 0:00,881000,5,3,1.5,0,3,5,1590,920,540 33rd Ave S,Seattle,USA
6/11/2014 0:00,813000,4,2.75,1,0,3,4,1920,1450,1501 33rd Ave S,Seattle,USA
6/11/2014 0:00,234000,3,2,1.5,0,0,5,1640,0,28 M St NE,Auburn,USA
6/11/2014 0:00,308900,3,2.5,2,0,0,3,2250,0,5006 Highland Dr SE,Auburn,USA
6/11/2014 0:00,450000,4,2.5,1,0,0,4,2300,0,13406 423rd Ave SE,North Bend,USA
6/11/2014 0:00,547500,3,3.5,3,0,0,3,1650,0,769 N 74th St,Seattle,USA
6/11/2014 0:00,399950,2,1,2,0,0,4,710,0,2358 Fairview Ave E,Seattle,USA
6/11/2014 0:00,516000,4,3.5,2,0,0,3,2550,0,8816 Venn Ave SE,Snoqualmie,USA
6/11/2014 0:00,250000,2,1.5,2,0,0,3,806,176,10217 Aurora Ave N,Seattle,USA
6/11/2014 0:00,475000,3,2.25,2,0,0,3,1630,0,2009 25th Ave NE,Issaquah,USA
6/11/2014 0:00,415000,4,2.5,2,0,0,3,2550,0,564 Field Pl NE,Renton,USA
6/11/2014 0:00,545000,2,1.25,2,0,0,3,1240,0,8050 14th Ave NW,Seattle,USA
6/11/2014 0:00,329950,3,2.5,2,0,0,3,2456,0,33800-33998 12th Pl SW,Federal Way,USA
6/12/2014 0:00,1325000,5,2.25,1,0,0,3,1600,1600,2154-2398 94th Ave NE,Clyde Hill,USA
6/12/2014 0:00,784000,3,3.5,1.5,0,0,3,2460,1490,19851 NE Redmond Rd,Redmond,USA
6/12/2014 0:00,610750,4,2.25,2,0,0,3,2180,0,21132 NE 42nd St,Sammamish,USA
6/12/2014 0:00,578000,4,2.5,1,0,2,5,1770,1370,540 Raymond Pl NW,Renton,USA
6/12/2014 0:00,1485000,4,3.75,2,0,0,3,4030,0,619 9th Ave,Kirkland,USA
6/12/2014 0:00,501000,3,1.75,1,0,3,5,1370,600,8600-8604 NW 5th St,Renton,USA
6/12/2014 0:00,465250,5,2,1.5,0,0,3,1940,0,20028 18th Ave NW,Shoreline,USA
6/12/2014 0:00,2250000,5,4.25,1.5,0,1,5,3100,1760,173 37th Ave E,Seattle,USA
6/12/2014 0:00,1095000,0,0,3.5,0,2,3,3064,0,814 E Howe St,Seattle,USA
6/12/2014 0:00,315000,2,1,1,0,0,4,970,0,4726 S Orcas St,Seattle,USA
6/12/2014 0:00,900000,4,2.25,1,0,0,4,2460,0,539 145th Ave SE,Bellevue,USA
6/12/2014 0:00,789500,4,2.5,2,0,0,3,3010,0,6466 195th Pl NE,Redmond,USA
6/12/2014 0:00,678500,3,2,1,0,2,4,1370,1090,9108 40th Ave SW,Seattle,USA
6/12/2014 0:00,342500,3,2,1,0,0,3,2080,0,3322 261st Pl SE,Enumclaw,USA
6/12/2014 0:00,860000,4,3.25,2,0,0,3,3960,0,19454 SE 27th Pl,Sammamish,USA
6/12/2014 0:00,306000,4,2.5,2,0,0,3,2490,0,29742 129th Pl SE,Auburn,USA
6/12/2014 0:00,580000,5,2,2,0,0,3,2060,0,2107 NE 55th St,Seattle,USA
6/12/2014 0:00,405000,3,1,1,0,0,3,900,430,3009 229th Pl NE,Sammamish,USA
6/12/2014 0:00,510000,3,1.75,1,0,0,4,1600,0,13304 69th Ave NE,Kirkland,USA
6/12/2014 0:00,173000,2,1,1,0,0,4,820,0,10635 SE 196th St,Renton,USA
6/12/2014 0:00,210000,4,1.75,1,0,0,3,1200,0,32113 112th Pl SE,Auburn,USA
6/12/2014 0:00,445000,3,1,1,0,0,4,910,140,8244 40th Ave NE,Seattle,USA
6/12/2014 0:00,585000,3,2.5,2.5,0,0,3,1530,380,2637 22nd Ave W,Seattle,USA
6/12/2014 0:00,381000,3,1.75,1,0,0,5,900,900,1115 NE 168th St,Shoreline,USA
6/12/2014 0:00,890000,3,2.25,1,0,0,4,2060,0,4810 109th Ave NE,Kirkland,USA
6/12/2014 0:00,235000,3,1.75,1,0,0,4,1500,340,12034 SE 252 Pl,Kent,USA
6/12/2014 0:00,480000,3,2.5,3,0,2,3,1250,0,513 N 46th St,Seattle,USA
6/12/2014 0:00,575000,2,1,1.5,0,0,3,1310,200,2002 28th Ave W,Seattle,USA
6/12/2014 0:00,350000,4,2.25,1.5,0,0,4,1340,960,1517 17th Ave S,Seattle,USA
6/12/2014 0:00,259000,4,1.5,2,0,0,3,1490,0,25923 13th Ave S,Des Moines,USA
6/12/2014 0:00,599000,5,2.75,1,0,0,3,1450,1370,306 NW 82nd St,Seattle,USA
6/12/2014 0:00,210000,4,1.5,1,0,0,4,1130,0,33818 35th Ave SW,Federal Way,USA
6/12/2014 0:00,1184000,4,2.5,1.5,0,1,5,1860,1340,7344 50th Ave NE,Seattle,USA
6/12/2014 0:00,545000,3,1,1.5,0,0,3,1510,0,5726 28th Ave NE,Seattle,USA
6/12/2014 0:00,299995,3,2.5,2,0,0,3,1970,0,4809 Mill Pond Loop,Auburn,USA
6/12/2014 0:00,440000,3,1,1.5,0,0,4,1210,0,7006 46th Ave SW,Seattle,USA
6/12/2014 0:00,699000,4,2.5,2,0,0,3,3280,0,7435 245th Way NE,Redmond,USA
6/12/2014 0:00,795000,3,2,1,0,1,5,1500,920,7215 NE 119th Pl,Kirkland,USA
6/12/2014 0:00,445000,5,1.75,1.5,0,0,5,1340,1120,6444 Carleton Ave S,Seattle,USA
6/12/2014 0:00,397990,3,1,1,0,0,4,1180,0,11739 4th Ave NW,Seattle,USA
6/12/2014 0:00,706000,3,2.75,1,0,0,5,1410,490,4324 NE 56th St,Seattle,USA
6/12/2014 0:00,363000,3,3.25,2,0,0,3,1341,310,10734 Whitman Ave N,Seattle,USA
6/12/2014 0:00,850000,4,2.25,2,0,0,4,2130,0,7490 85th Ave SE,Mercer Island,USA
6/12/2014 0:00,620000,2,1,1.5,0,0,3,1300,130,2215 E Miller St,Seattle,USA
6/12/2014 0:00,1228000,4,2.5,2,0,4,3,4280,1450,20709 SE 4th St,Sammamish,USA
6/12/2014 0:00,333000,4,2.5,1,0,0,4,1910,0,5811 NE 6th St,Renton,USA
6/12/2014 0:00,743000,3,1.75,1,0,0,4,2110,0,9201-9231 SE 70th Pl,Mercer Island,USA
6/12/2014 0:00,448000,2,1.5,1,0,0,4,890,740,3441 NW 59th St,Seattle,USA
6/12/2014 0:00,485000,4,2.5,2,0,0,3,2470,0,17435 SE 329th St,Auburn,USA
6/12/2014 0:00,489950,4,2.25,1,0,0,4,2640,0,16915 SE 325th Pl,Auburn,USA
6/12/2014 0:00,498500,5,2.75,2,0,0,3,2990,0,4304 NE 7th St,Renton,USA
6/12/2014 0:00,531000,3,2.5,2,0,0,3,2120,0,15102 91st Pl NE,Bothell,USA
6/12/2014 0:00,670000,3,2.5,1,0,3,3,1730,320,5625 SW Orleans St,Seattle,USA
6/12/2014 0:00,310000,5,3,1,0,0,3,1100,780,6343 23rd Ave SW,Seattle,USA
6/12/2014 0:00,835000,3,3,2,1,4,4,1600,1190,27231 8th Ave S,Des Moines,USA
6/12/2014 0:00,1688000,4,2.5,2,0,0,3,3000,0,3907 48th Ave NE,Seattle,USA
6/12/2014 0:00,495000,4,2.5,2,0,0,3,2140,0,633 N 138th St,Seattle,USA
6/12/2014 0:00,495000,3,2,1,0,0,4,1769,0,531 SW 181st St,Normandy Park,USA
6/12/2014 0:00,440000,3,1,1.5,0,0,4,1200,510,12220 Phinney Ave N,Seattle,USA
6/12/2014 0:00,280000,1,0.75,1,0,0,3,420,0,5550 17th Ave S,Seattle,USA
6/12/2014 0:00,1070000,4,2.5,2,0,0,3,3270,0,6040 164th Ave SE,Bellevue,USA
6/12/2014 0:00,1034500,4,2.5,2,0,0,3,2370,0,11034 NE 26th Pl,Bellevue,USA
6/12/2014 0:00,248000,4,2.5,2,0,0,3,1770,0,21620 SE 283rd St,Maple Valley,USA
6/12/2014 0:00,294000,4,2.5,1,0,0,3,1490,720,512 47th St SE,Auburn,USA
6/12/2014 0:00,561000,3,2.25,2,0,0,3,1710,0,2037 Larchmount Dr NE,Issaquah,USA
6/12/2014 0:00,656500,4,2,1,0,0,4,1460,1250,6326 21st Ave NE,Seattle,USA
6/12/2014 0:00,660000,3,3,2,0,0,5,2160,180,743 N 80th St,Seattle,USA
6/12/2014 0:00,370000,2,1,1,0,0,4,1220,0,13314 NE 104th St,Kirkland,USA
6/12/2014 0:00,349950,3,1,1,0,0,3,1060,0,17129 NE 95th St,Redmond,USA
6/12/2014 0:00,223000,2,1,1,0,0,3,910,0,11644 SE 163rd St,Renton,USA
6/12/2014 0:00,560000,4,1.75,1.5,0,0,4,1090,790,325 NW 48th St,Seattle,USA
6/12/2014 0:00,594000,4,1.75,2,0,0,4,1200,670,7542 42nd Ave NE,Seattle,USA
6/12/2014 0:00,600000,3,2.25,2,0,0,4,1480,0,816 Martin Luther King Jr Way,Seattle,USA
6/12/2014 0:00,315000,3,2.5,2,0,0,3,1880,0,11718 SE 203rd St,Kent,USA
6/12/2014 0:00,430000,4,1.75,1,0,0,4,1110,780,13524 22nd Ave NE,Seattle,USA
6/12/2014 0:00,440000,3,2.75,1,0,0,5,1030,530,15118 119th Ave NE,Kirkland,USA
6/12/2014 0:00,312500,2,1.5,2,0,0,3,1070,0,9404 Linden Ave N,Seattle,USA
6/12/2014 0:00,1240000,5,4,2,0,0,3,4410,0,16416 NE 40th St,Redmond,USA
6/12/2014 0:00,300000,3,3.25,2,0,0,3,1180,290,5338 15th Ave S,Seattle,USA
6/12/2014 0:00,680000,3,2.5,2.5,0,0,3,2570,0,1474-1476 29th Pl NE,Issaquah,USA
6/12/2014 0:00,336750,2,2.25,2,0,0,3,1170,0,2277 NW Hidden Ln,Issaquah,USA
6/13/2014 0:00,822500,5,3.5,2,0,0,5,1720,600,512 N 65th St,Seattle,USA
6/13/2014 0:00,589000,4,3,2,0,0,5,2440,0,11611 106th Ave NE,Kirkland,USA
6/13/2014 0:00,863000,4,2.5,2,0,0,3,4120,0,1571 237th Ct NE,Sammamish,USA
6/13/2014 0:00,210000,2,1.75,1,0,0,4,1440,0,24429 12th Ave S,Des Moines,USA
6/13/2014 0:00,206135,3,1,1,0,0,4,1340,0,12129 SE 277th Pl,Kent,USA
6/13/2014 0:00,1125000,6,3.75,2,0,0,3,2000,1010,8016 Meridian Ave N,Seattle,USA
6/13/2014 0:00,285000,3,1.75,1,0,0,3,920,920,7339 46th Ave S,Seattle,USA
6/13/2014 0:00,230000,2,1,1,0,0,3,930,0,13008 23rd Ave S,SeaTac,USA
6/13/2014 0:00,845000,4,2.75,2,0,0,3,4070,0,12810 440th Pl SE,North Bend,USA
6/13/2014 0:00,350000,3,1.75,1,0,0,3,1230,590,3037 NE 205th St,Lake Forest Park,USA
6/13/2014 0:00,304000,3,1,1.5,0,0,4,1280,0,16225 10th Ave NE,Shoreline,USA
6/13/2014 0:00,370000,2,1,1,0,0,3,900,0,307 NW 87th St,Seattle,USA
6/13/2014 0:00,810000,3,1.75,1,0,2,4,1320,660,2622 W Lake Sammamish Pkwy SE,Bellevue,USA
6/13/2014 0:00,440000,4,2.25,1,0,0,3,1220,790,14450 105th Ct NE,Kirkland,USA
6/13/2014 0:00,1030000,4,2.5,2,0,0,3,1960,790,5700-5798 Wallingford Ave N,Seattle,USA
6/13/2014 0:00,775000,4,2,1,0,1,3,1940,1200,3704 W Lawton St,Seattle,USA
6/13/2014 0:00,1335000,5,2.25,2.5,0,0,4,2910,1290,1024 15th Ave E,Seattle,USA
6/13/2014 0:00,235000,3,1.75,1,0,0,3,950,950,13002 23rd Ave S,SeaTac,USA
6/13/2014 0:00,499950,3,1,1.5,0,0,3,1430,400,611 N 46th St,Seattle,USA
6/13/2014 0:00,622500,5,2.75,2,0,0,4,2190,1130,14523 NE 169th St,Woodinville,USA
6/13/2014 0:00,300000,4,2.5,1,0,0,4,1560,1140,12235 SE 259th Pl,Kent,USA
6/13/2014 0:00,205000,3,1,1,0,0,5,1290,0,33601-33799 35th Ave SW,Federal Way,USA
6/13/2014 0:00,435000,3,1.75,1,0,0,3,1500,0,8528 NE 142nd St,Kirkland,USA
6/13/2014 0:00,697000,4,2.75,1.5,0,0,4,3650,0,18534 186th Pl NE,Woodinville,USA
6/13/2014 0:00,153000,3,1,1.5,0,0,3,1270,0,12015 75th Ave S,Seattle,USA
6/13/2014 0:00,454000,4,2.25,2,0,0,3,2630,0,14404 SE 216th St,Kent,USA
6/13/2014 0:00,345000,2,1.5,1,0,0,5,1240,560,33336-33412 E Lake Holm Dr SE,Auburn,USA
6/13/2014 0:00,585000,3,1,1.5,0,0,4,1580,290,111 NW 53rd St,Seattle,USA
6/13/2014 0:00,380000,4,2.5,2,0,0,3,1870,670,2107 Davis Ave S,Renton,USA
6/13/2014 0:00,250600,4,2.5,1,0,0,3,1120,810,2025 W St NW,Auburn,USA
6/13/2014 0:00,890000,4,2.25,2,0,0,3,2770,0,6701 81st Ave SE,Mercer Island,USA
6/13/2014 0:00,370000,4,2.5,2,0,0,3,2220,0,5127 NE 4th Pl,Renton,USA
6/13/2014 0:00,369500,3,1.5,1,0,0,4,1100,550,14001 28th Ave NE,Seattle,USA
6/13/2014 0:00,883000,4,2.5,2,0,0,3,3670,0,1227 243rd Ave NE,Sammamish,USA
6/13/2014 0:00,950000,4,2.5,2,0,0,3,3770,0,10326 216th Ct NE,Redmond,USA
6/13/2014 0:00,615000,3,1.75,1,0,0,4,1800,550,7-19 210th Pl NE,Sammamish,USA
6/13/2014 0:00,305000,3,1.5,1,0,0,4,610,600,5445 17th Ave SW,Seattle,USA
6/13/2014 0:00,590000,4,2.5,2,0,0,4,2010,0,3419 241st Pl SE,Issaquah,USA
6/13/2014 0:00,485000,3,2.5,2,0,0,3,1580,0,24025 SE 42nd St,Issaquah,USA
6/13/2014 0:00,215000,2,1,1,0,0,3,710,0,7027 S 125th St,Seattle,USA
6/13/2014 0:00,430000,3,2,1.5,0,0,3,1910,0,2415 209th Ave NE,Sammamish,USA
6/13/2014 0:00,324900,4,2.5,2,0,0,3,1880,0,21661 SE 265th Way,Maple Valley,USA
6/13/2014 0:00,849900,2,2,2,0,0,3,2280,0,9326 SW 216th St,Vashon,USA
6/13/2014 0:00,975000,5,2.75,1,0,2,4,1660,1440,9340 Mercerwood Dr,Mercer Island,USA
6/13/2014 0:00,910000,5,2.5,2,0,0,3,2350,0,2807 E Aloha St,Seattle,USA
6/13/2014 0:00,459950,3,1.75,1,0,2,5,1100,750,2221 SW 154th St,Burien,USA
6/13/2014 0:00,325000,3,2.5,2,0,0,3,2070,0,26300-26398 124th Ave SE,Kent,USA
6/13/2014 0:00,513000,4,2.75,1,0,0,5,1010,1010,9226 36th Ave SW,Seattle,USA
6/13/2014 0:00,475000,3,2.25,1,0,0,3,1200,380,22013 NE 18th St,Sammamish,USA
6/13/2014 0:00,419000,4,2.5,2,0,0,3,2690,0,14114 SE 198th St,Renton,USA
6/13/2014 0:00,760000,4,2.5,1,0,4,3,1700,720,12849 Shorecrest Dr SW,Burien,USA
6/13/2014 0:00,1120000,5,1.5,2,0,3,4,2340,200,9827 47th Ave SW,Seattle,USA
6/13/2014 0:00,129000,2,1,1,0,0,3,1150,0,17029 106th Ave SE,Renton,USA
6/13/2014 0:00,725000,5,2.5,1,0,0,4,1830,1380,14404 NE 11th Pl,Bellevue,USA
6/13/2014 0:00,580000,3,2.5,2,0,0,3,2040,0,17422 NE 28th St,Redmond,USA
6/13/2014 0:00,385000,3,2.25,1,0,0,4,1060,860,10559 Evanston Ave N,Seattle,USA
6/13/2014 0:00,265000,4,1.75,1,0,0,5,1900,0,1310 22nd St SE,Auburn,USA
6/13/2014 0:00,1735000,3,2.5,1.5,0,4,5,2510,1800,18401 17th Ave NW,Shoreline,USA
6/13/2014 0:00,330000,3,2.5,2,0,0,3,720,350,4536 42nd Ave SW,Seattle,USA
6/13/2014 0:00,665000,4,2.5,2,0,0,4,2790,0,20324 194th Pl NE,Woodinville,USA
6/13/2014 0:00,799000,3,2.5,2,0,0,3,2860,0,4432 30th Ave W,Seattle,USA
6/13/2014 0:00,589000,3,2,1,0,0,4,1250,1000,3406 60th Ave SW,Seattle,USA
6/13/2014 0:00,1695000,2,2.25,2,0,2,5,1990,1180,308 Prospect St,Seattle,USA
6/13/2014 0:00,538000,3,1,1,0,0,3,1260,200,8018 Wallingford Ave N,Seattle,USA
6/13/2014 0:00,530100,3,1,1.5,0,0,3,1200,340,123 NW 78th St,Seattle,USA
6/13/2014 0:00,718500,3,2,2,0,0,4,1920,990,3959 S Ferdinand St,Seattle,USA
6/13/2014 0:00,299000,3,1.75,1,0,0,5,1180,0,18438 SE 135th St,Renton,USA
6/13/2014 0:00,556000,3,1.75,1,0,0,3,1090,550,7736 38th Ave SW,Seattle,USA
6/13/2014 0:00,171000,4,2,1,0,0,3,1020,500,15014 42nd Ave S,Tukwila,USA
6/13/2014 0:00,540000,5,3,2,0,0,3,3610,0,24760 SE 276th Pl,Maple Valley,USA
6/13/2014 0:00,250000,3,2.25,2,0,0,3,1400,0,19521 SE 271st Pl,Covington,USA
6/13/2014 0:00,795000,4,3.5,2,0,0,3,2670,530,2500 22nd Ct NE,Issaquah,USA
6/13/2014 0:00,575000,3,3,2,0,0,3,1144,240,1128 10th Ave E,Seattle,USA
6/13/2014 0:00,379500,3,2.25,2,0,0,3,1290,120,2082 NW Boulder Way Dr,Issaquah,USA
6/13/2014 0:00,385000,4,2.5,2,0,0,3,2050,0,5115 NE 5th Pl,Renton,USA
6/13/2014 0:00,415500,4,2.5,2,0,0,3,1750,0,8019 NE 183rd St,Kenmore,USA
6/14/2014 0:00,397500,3,2,1,0,0,3,1070,440,9325 NE 133rd St,Kirkland,USA
6/14/2014 0:00,530000,3,2.5,2,0,0,3,1930,0,1901 NE 125th St,Seattle,USA
6/14/2014 0:00,883000,4,2.5,2,0,0,3,2960,0,14369 155th Ave NE,Woodinville,USA
6/14/2014 0:00,850000,5,2.75,1,0,0,5,1660,1260,1498 Hillside Dr SE,Issaquah,USA
6/14/2014 0:00,496752,2,1,1,0,0,4,1090,890,1908 29th Ave S,Seattle,USA
6/14/2014 0:00,330000,3,1.75,1,0,0,3,1430,0,2704 NE 144th St,Seattle,USA
6/14/2014 0:00,735000,4,2.75,2,0,2,3,2450,0,1750 10th Ave NE,Issaquah,USA
6/14/2014 0:00,525000,4,2.75,2,0,0,3,2360,0,20012 79th Ave NE,Kenmore,USA
6/15/2014 0:00,269950,3,2.5,2,0,0,3,1730,160,4295 S 137th St,Tukwila,USA
6/15/2014 0:00,650000,3,1.75,1,0,0,3,1290,850,1411 112th Ave NE,Bellevue,USA
6/15/2014 0:00,520500,3,2,1,0,0,4,950,950,834 NE 97th St,Seattle,USA
6/15/2014 0:00,652500,4,2.5,2,0,0,3,2700,0,25956 SE 37th Way,Issaquah,USA
6/15/2014 0:00,506000,5,3,1,0,0,4,1370,1060,16437 SE 8th St,Bellevue,USA
6/15/2014 0:00,416000,3,1,1,0,0,4,1110,0,717 164th Ave SE,Bellevue,USA
6/16/2014 0:00,500000,4,2.75,1,0,0,5,2280,0,9007 132nd Pl SE,Newcastle,USA
6/16/2014 0:00,460000,3,1.75,1,0,0,4,860,690,6503 39th Ave NE,Seattle,USA
6/16/2014 0:00,371025,3,2,1,0,0,3,1530,0,10536 NE 148th Ct,Bothell,USA
6/16/2014 0:00,576000,4,2.5,2,0,0,3,2440,0,15125 78th Ave NE,Kenmore,USA
6/16/2014 0:00,353500,4,2.25,2,0,0,3,1760,0,13738 SE 199th Pl,Renton,USA
6/16/2014 0:00,1735000,4,2.25,2,0,3,4,2080,960,3907 47th Ave NE,Seattle,USA
6/16/2014 0:00,183000,3,1.75,1,0,0,4,1070,0,704 26th St SE,Auburn,USA
6/16/2014 0:00,763101,3,1.75,1,0,0,4,1100,890,4811-4815 38th Ave NE,Seattle,USA
6/16/2014 0:00,460000,2,1.5,1,0,0,3,970,120,2646 48th Ave SW,Seattle,USA
6/16/2014 0:00,825000,4,1.5,1.5,0,0,3,1890,0,1529 45th Ave SW,Seattle,USA
6/16/2014 0:00,265000,3,1,1,0,0,3,1000,0,16206 SE 134th St,Renton,USA
6/16/2014 0:00,295000,3,1.75,1,0,0,3,1030,740,455 S 190th St,Burien,USA
6/16/2014 0:00,418000,4,3,1,0,2,3,1460,900,9957 Rainier Ave S,Seattle,USA
6/16/2014 0:00,554000,3,3.5,2,0,0,3,2700,680,19000 196th Ave SE,Renton,USA
6/16/2014 0:00,534500,3,2.5,2,0,0,3,1700,0,2493 NE Laurel Crest Ln,Issaquah,USA
6/16/2014 0:00,690000,2,1.75,1,0,0,5,850,750,2505 E Calhoun St,Seattle,USA
6/16/2014 0:00,530000,4,2.5,2,0,0,3,2050,0,24610 SE 45th Way,Issaquah,USA
6/16/2014 0:00,357186,2,1.75,2,0,0,3,1210,0,2520 Mulberry Walk NE,Issaquah,USA
6/16/2014 0:00,300000,5,3,1,0,0,3,1200,740,11720 8th Ave S,Seattle,USA
6/16/2014 0:00,304000,4,2,1,0,0,2,1110,700,12727 SE 191st Pl,Renton,USA
6/16/2014 0:00,385000,4,1.75,1,0,0,4,870,820,3405 35th Ave S,Seattle,USA
6/16/2014 0:00,415000,4,2,1,0,0,4,1000,800,7502 15th Ave NE,Seattle,USA
6/16/2014 0:00,963000,4,3.5,2,0,0,3,3280,0,16030 SE 45th Pl,Bellevue,USA
6/16/2014 0:00,792500,4,2.5,2,0,0,3,4290,0,26735 SE 271st St,Ravensdale,USA
6/16/2014 0:00,309212,3,1.75,1,0,0,3,1150,0,42511 SE 175th Pl,North Bend,USA
6/16/2014 0:00,235000,2,1.5,2,0,0,3,880,0,10546 Stone Ave N,Seattle,USA
6/16/2014 0:00,667000,3,1.5,2,0,0,3,1720,0,3239 NW 64th St,Seattle,USA
6/16/2014 0:00,470000,3,1.5,1,0,0,4,1510,0,2559 155th Ave SE,Bellevue,USA
6/16/2014 0:00,375000,4,2,1,0,0,3,1040,200,549 27th Ave,Seattle,USA
6/16/2014 0:00,410000,4,2,1,0,0,3,1580,0,10221 132nd Ave NE,Kirkland,USA
6/16/2014 0:00,566000,4,2.25,2,0,0,3,2170,0,23238 NE 29th Ct,Sammamish,USA
6/16/2014 0:00,680000,4,2.75,2,0,0,3,2500,0,11000 243rd Ave NE,Redmond,USA
6/16/2014 0:00,332000,1,1,1,0,0,3,760,200,2919 E Harrison St,Seattle,USA
6/16/2014 0:00,902000,4,2.5,2,0,0,3,3030,0,6909 123rd Ave NE,Kirkland,USA
6/16/2014 0:00,500000,3,1.75,1,0,0,5,770,770,3718 88th Ave SE,Mercer Island,USA
6/16/2014 0:00,445000,3,1.75,1.5,0,3,3,1890,0,21236 Tramp Harbor Rd SW,Vashon,USA
6/16/2014 0:00,825000,4,2.5,1,0,0,4,1710,1100,14312 SE 45th St,Bellevue,USA
6/16/2014 0:00,1095000,4,4,2,0,0,5,2630,900,2420 30th Ave W,Seattle,USA
6/16/2014 0:00,277000,3,1,1,0,0,4,1100,0,9615 58th Ave S,Seattle,USA
6/16/2014 0:00,545000,3,2.5,1,0,2,3,1440,500,12710 89th Pl NE,Kirkland,USA
6/16/2014 0:00,435000,3,2.5,2,0,0,3,2300,0,16023 271st Pl NE,Duvall,USA
6/16/2014 0:00,638000,3,2.5,2,0,0,3,2110,0,6533 193rd Pl NE,Redmond,USA
6/16/2014 0:00,418000,4,1.5,1,0,0,3,1220,0,1212 168th Ave NE,Bellevue,USA
6/16/2014 0:00,499000,3,1.75,1,0,0,4,1470,280,16618 NE 91st St,Redmond,USA
6/16/2014 0:00,150000,3,1.5,1,0,0,4,1230,0,1432 S 129th St,Burien,USA
6/16/2014 0:00,759950,3,2.5,2,0,0,3,3100,0,2328 246th Ave SE,Sammamish,USA
6/16/2014 0:00,427000,3,2.5,1,0,0,3,1520,310,44218 SE 161st Pl,North Bend,USA
6/16/2014 0:00,632500,5,2.5,2,0,0,3,2640,0,9181 226th Pl NE,Redmond,USA
6/16/2014 0:00,660000,6,1.75,1,0,0,3,1060,780,220 17th Ave,Seattle,USA
6/16/2014 0:00,862000,4,2.5,2,0,0,3,3190,0,12623 198th Dr NE,Woodinville,USA
6/16/2014 0:00,524000,2,1,1.5,0,0,3,1120,0,159 Fulton St,Seattle,USA
6/16/2014 0:00,470000,3,1.5,1,0,0,3,1160,600,5624 Wilson Ave S,Seattle,USA
6/16/2014 0:00,385000,3,2,2,0,0,3,1590,0,7612 SW 258th Ct,Vashon,USA
6/16/2014 0:00,575000,4,2.5,2,0,0,3,2120,0,460 Indigo Pl NW,Issaquah,USA
6/16/2014 0:00,220000,4,2.5,1,0,0,4,1370,870,2410 SW 323rd St,Federal Way,USA
6/16/2014 0:00,460000,2,1,1,0,0,4,760,130,4008 2nd Ave NW,Seattle,USA
6/16/2014 0:00,1712500,3,3.25,3,0,3,4,2440,500,150 Highland Dr,Seattle,USA
6/16/2014 0:00,175000,3,1.5,1,0,0,3,1220,0,4342 S 299th St,Auburn,USA
6/16/2014 0:00,465000,3,2.25,1,0,0,4,1640,1030,15800-15898 15th Ave SW,Burien,USA
6/16/2014 0:00,552000,3,1,1,0,0,4,820,300,7002 22nd Ave NW,Seattle,USA
6/16/2014 0:00,565000,4,2.75,2,0,0,4,3130,0,27705 114th Ave SE,Kent,USA
6/16/2014 0:00,518000,4,2.5,1,0,0,4,1220,520,10342 162nd Pl NE,Redmond,USA
6/16/2014 0:00,899950,4,3.5,2,0,1,3,2360,930,11672 91st Pl NE,Kirkland,USA
6/16/2014 0:00,373000,3,1,1.5,0,0,4,1140,630,5232 36th Ave SW,Seattle,USA
6/16/2014 0:00,385000,4,2.5,2,0,0,3,2960,0,26920 229th Pl SE,Maple Valley,USA
6/16/2014 0:00,245000,2,1,1,0,0,3,980,220,8421 8th Ave SW,Seattle,USA
6/16/2014 0:00,375000,4,2,2,0,0,3,2400,0,9801-9999 NE 183rd St,Bothell,USA
6/16/2014 0:00,699850,4,3.5,2,0,0,3,2690,0,1010 274th Way SE,Sammamish,USA
6/16/2014 0:00,450000,6,2.25,1,0,0,4,2960,590,12722 15th Ave NE,Seattle,USA
6/16/2014 0:00,455000,2,1.5,1.5,0,0,3,1310,0,16326 NE 43rd Ct,Redmond,USA
6/16/2014 0:00,650000,4,2.75,3,0,0,5,1910,700,118 N 84th St,Seattle,USA
6/16/2014 0:00,378000,5,2.5,1,0,0,4,1600,1160,13327 30th Ave NE,Seattle,USA
6/16/2014 0:00,220000,3,2,1,0,0,4,1410,0,11851 44th Pl S,Tukwila,USA
6/16/2014 0:00,285500,4,1.75,1,0,0,4,1960,0,32500-32514 35th Ave SW,Federal Way,USA
6/16/2014 0:00,340000,3,2.5,3,0,0,3,1212,0,11716 16th Ave NE,Seattle,USA
6/16/2014 0:00,921000,4,1.5,1,0,0,4,1490,730,1431 102nd Ave NE,Bellevue,USA
6/16/2014 0:00,375000,4,2.5,1.5,0,0,4,2040,0,20404 289th Ave SE,Maple Valley,USA
6/16/2014 0:00,999000,4,2.75,2,0,0,3,2800,0,2010 227th Ave SE,Sammamish,USA
6/16/2014 0:00,335000,3,1.5,1,0,0,3,1340,700,9055 37th Ave S,Seattle,USA
6/16/2014 0:00,1920000,4,2.5,1,0,3,4,2070,1000,3257 Evergreen Point Rd,Medina,USA
6/16/2014 0:00,385000,2,1,1,1,3,4,830,0,7310 SW Maury Park Rd,Vashon,USA
6/16/2014 0:00,850000,4,3.5,2,0,0,3,3160,980,11721 106th Ave NE,Kirkland,USA
6/16/2014 0:00,429000,5,2.5,2,0,0,3,2340,0,526 Elma Pl NE,Renton,USA
6/16/2014 0:00,523950,3,2.25,3,0,0,3,1420,0,3817-3821 Whitman Ave N,Seattle,USA
6/16/2014 0:00,798800,3,2.75,1,0,0,3,1720,950,1009-1225 N 41st Pl,Renton,USA
6/16/2014 0:00,284000,3,2.5,2,0,0,3,1880,0,29700 217th Pl SE,Kent,USA
6/16/2014 0:00,852880,4,3.25,2,0,0,3,3450,0,120 214th Pl SE,Sammamish,USA
6/16/2014 0:00,320000,3,2.25,3,0,0,3,1200,0,10401 Holman Rd NW,Seattle,USA
6/16/2014 0:00,749995,4,3.25,2,0,0,3,3430,0,20417 126th Ave NE,Bothell,USA
6/16/2014 0:00,468500,3,2.5,2,0,0,3,1120,230,6724 Alonzo Ave NW,Seattle,USA
6/16/2014 0:00,492500,5,2.5,2,0,0,3,2570,0,14206 284th Pl NE,Duvall,USA
6/16/2014 0:00,685000,4,3.5,3,0,0,3,2840,0,546 NE 103rd St,Seattle,USA
6/16/2014 0:00,542525,4,2.5,2,0,0,3,2650,0,13516 164th Ave SE,Renton,USA
6/16/2014 0:00,435000,3,2,3,0,0,3,1980,0,5451 Fauntleroy Way SW,Seattle,USA
6/17/2014 0:00,242000,3,1.75,1.5,0,0,4,1280,0,11431 SE 229th St,Kent,USA
6/17/2014 0:00,325000,4,2.5,2,0,0,3,2610,0,33439 11th Pl SW,Federal Way,USA
6/17/2014 0:00,837700,5,2.75,2,0,0,3,3010,0,10717 179th Ct NE,Redmond,USA
6/17/2014 0:00,210000,1,1,1,0,0,3,930,0,2126 N 130th St,Seattle,USA
6/17/2014 0:00,187500,3,1.5,1,0,0,4,1180,0,34016 33rd Ave SW,Federal Way,USA
6/17/2014 0:00,560000,5,1,1.5,0,0,4,1320,390,7226 36th Ave SW,Seattle,USA
6/17/2014 0:00,272000,3,2,1,0,0,3,1380,0,5002 S 299th Pl,Auburn,USA
6/17/2014 0:00,235000,3,1.75,1,0,0,4,1190,0,11234 SE 320th Pl,Auburn,USA
6/17/2014 0:00,259000,3,2,1,0,0,3,1270,600,11834 SE 263rd Ct,Kent,USA
6/17/2014 0:00,866059,5,3.5,2,0,0,3,2570,560,15845 SE 44th Ct,Bellevue,USA
6/17/2014 0:00,473000,2,1,1,0,0,4,900,0,7029 16th Ave NW,Seattle,USA
6/17/2014 0:00,405000,3,1.5,1,0,0,3,1480,400,5471 NE 200th Pl,Lake Forest Park,USA
6/17/2014 0:00,870000,4,4.25,2,0,3,4,1940,1070,8770 Sand Point Way NE,Seattle,USA
6/17/2014 0:00,475000,3,2.25,1,0,1,4,1150,1130,4420 48th Ave SW,Seattle,USA
6/17/2014 0:00,499500,3,2.5,2,0,0,3,2970,0,14239 183rd Ave SE,Renton,USA
6/17/2014 0:00,386000,2,2.5,2,0,0,3,1620,0,9225-9305 Mitten Ave SE,Snoqualmie,USA
6/17/2014 0:00,458000,4,1.5,1.5,0,0,3,1350,200,4402 4th Ave NE,Seattle,USA
6/17/2014 0:00,550000,3,1.75,2,0,0,5,2240,0,15639 115th Ave SW,Vashon,USA
6/17/2014 0:00,605500,3,2.5,2,0,0,3,2830,0,12504 NE 163rd St,Woodinville,USA
6/17/2014 0:00,421000,3,2.5,2,0,0,3,2890,0,3717 S 189th Pl,SeaTac,USA
6/17/2014 0:00,536000,4,2.25,2,0,0,3,1990,0,4002 258th Way SE,Issaquah,USA
6/17/2014 0:00,247200,3,1.75,1,0,0,3,1370,0,26303 191st Pl SE,Covington,USA
6/17/2014 0:00,250000,2,1.5,2,0,0,3,1088,0,9603 NE 121st Ln,Kirkland,USA
6/17/2014 0:00,204950,4,1.75,1,0,0,3,1180,560,5108 SW 316th Pl,Federal Way,USA
6/17/2014 0:00,430000,3,2,1,0,0,3,1370,360,975-1005 Greenwood Blvd SW,Issaquah,USA
6/17/2014 0:00,250000,4,2.5,2,0,0,3,1800,0,22028 SE 269th St,Maple Valley,USA
6/17/2014 0:00,260000,3,1.75,1,0,2,3,1090,350,14710 57th Ave S,Tukwila,USA
6/17/2014 0:00,547000,4,1,1.5,0,0,4,1200,520,6211 27th Ave NE,Seattle,USA
6/17/2014 0:00,379900,5,3.5,2,0,0,3,2800,0,8430 8th Ave SW,Seattle,USA
6/17/2014 0:00,738500,3,2.5,1,0,0,3,2300,0,12115 Big Leaf Way NE,Redmond,USA
6/17/2014 0:00,545000,4,2.25,1,0,0,4,1590,440,15703 NE 54th Way,Redmond,USA
6/17/2014 0:00,342000,2,1,1,0,0,3,740,0,4813 S Findlay St,Seattle,USA
6/17/2014 0:00,4668000,5,6.75,1,1,4,3,4820,4820,5044 Butterworth Rd,Mercer Island,USA
6/17/2014 0:00,170000,4,1,1,0,0,4,1220,700,17104 Military Rd S,SeaTac,USA
6/17/2014 0:00,616000,4,2.5,2,0,0,3,2490,0,24106 NE 6th Pl,Sammamish,USA
6/17/2014 0:00,640000,3,2,1,0,0,3,1380,0,3415 9th Ave W,Seattle,USA
6/17/2014 0:00,332000,3,2.5,1,0,0,3,1270,260,4214 NE 2nd St,Renton,USA
6/17/2014 0:00,1010000,3,3.25,2,0,2,3,1840,580,2010 8th Ave N,Seattle,USA
6/17/2014 0:00,380000,4,2.5,2,0,0,3,2150,0,19504 SE 324th St,Kent,USA
6/17/2014 0:00,415000,4,2,1,0,0,5,1610,0,7815 116th Ave SE,Newcastle,USA
6/17/2014 0:00,1008000,4,3.5,2,0,0,3,2060,590,2133 N 62nd St,Seattle,USA
6/17/2014 0:00,669000,4,2.75,2,0,0,5,2700,0,18222 NE 186th St,Woodinville,USA
6/17/2014 0:00,260000,3,1.5,1,0,0,2,1150,120,3029 NE 178th St,Lake Forest Park,USA
6/17/2014 0:00,854000,4,2.75,1,0,0,3,2480,670,14302-14314 174th Ave NE,Redmond,USA
6/17/2014 0:00,605000,3,2.25,2,0,0,3,2010,0,14150 176th Ave NE,Redmond,USA
6/17/2014 0:00,320000,3,1,1.5,0,0,3,860,0,10537 Interlake Ave N,Seattle,USA
6/17/2014 0:00,229950,3,2,1,0,0,3,1410,0,14609 SE 195th Pl,Renton,USA
6/17/2014 0:00,255000,3,1.75,1,0,0,3,1700,0,27456-27498 124th Ave SE,Kent,USA
6/17/2014 0:00,1170000,4,2.5,2,0,0,3,2570,0,1915 107th Ave SE,Bellevue,USA
6/17/2014 0:00,479000,2,2.25,2,0,0,3,1020,210,106 24th Ave E,Seattle,USA
6/17/2014 0:00,1200000,4,3.5,2,0,0,3,4170,0,8264 154th Ave SE,Newcastle,USA
6/17/2014 0:00,472000,3,2.5,3,0,0,3,1180,0,2050 14th Ave W,Seattle,USA
6/17/2014 0:00,198000,3,1.5,1,0,0,3,820,610,2711 SW 344th Pl,Federal Way,USA
6/17/2014 0:00,440000,4,2,1.5,0,0,4,1450,0,14114 75th Ave NE,Kirkland,USA
6/17/2014 0:00,506000,3,1.75,1,0,0,3,1480,700,17922 3rd Ave NW,Shoreline,USA
6/17/2014 0:00,382500,4,2.5,2,0,0,3,2210,0,11824 SE 203rd St,Kent,USA
6/17/2014 0:00,269500,2,1.5,1,0,0,4,940,540,680 Shelton Ave NE,Renton,USA
6/17/2014 0:00,560000,3,2,1,0,1,5,1170,1170,5200 S Frontenac St,Seattle,USA
6/17/2014 0:00,840000,4,3.5,2,0,0,3,3120,740,12237 198th Ave NE,Woodinville,USA
6/17/2014 0:00,479500,3,2.75,2,0,0,3,2300,0,34623 SE Leitz St,Snoqualmie,USA
6/17/2014 0:00,402000,3,1.5,1,0,0,3,1010,440,13420 121st Ave NE,Kirkland,USA
6/17/2014 0:00,549000,2,2.5,3,0,0,3,1380,0,5010 Greenwood Ave N,Seattle,USA
6/17/2014 0:00,449950,4,2.5,2,0,0,3,2470,0,7206 Douglas Ave SE,Snoqualmie,USA
6/17/2014 0:00,493000,4,1.75,1.5,0,0,4,2030,0,12039 NE 145th St,Kirkland,USA
6/17/2014 0:00,142500,4,0.75,1,0,0,3,1440,0,209 SW 142nd St,Burien,USA
6/17/2014 0:00,250000,3,1.75,1,0,0,3,1160,0,3812 I Pl NE,Auburn,USA
6/17/2014 0:00,729000,3,1,2,0,0,3,1580,0,112 10th Ave E,Seattle,USA
6/17/2014 0:00,465000,2,2.75,2,0,0,3,995,435,224 26th Ave E,Seattle,USA
6/17/2014 0:00,465000,2,2,2,1,4,3,1494,0,12533 SW 148th St,Vashon,USA
6/17/2014 0:00,280000,4,2.25,1,0,0,4,1360,570,25011 119th Pl SE,Kent,USA
6/17/2014 0:00,675000,6,1.75,1,0,3,3,1370,1370,10721 Marine View Dr SW,Seattle,USA
6/17/2014 0:00,667500,3,2,1,0,0,5,1030,850,7535 18th Ave NE,Seattle,USA
6/17/2014 0:00,809000,3,2.5,2,0,0,3,2590,0,14575 NE 57th St,Bellevue,USA
6/17/2014 0:00,400000,3,2.25,2,0,0,3,2140,0,27818 NE 141st St,Duvall,USA
6/17/2014 0:00,310000,4,2,1.5,0,0,3,1870,0,11750 12th Ave NE,Seattle,USA
6/17/2014 0:00,435000,2,1,1,0,0,3,1230,0,3306 NE 70th St,Seattle,USA
6/17/2014 0:00,465950,4,2.5,2,0,0,3,2340,0,463 Pasco Pl NE,Renton,USA
6/17/2014 0:00,1538000,3,2.25,1,0,2,3,1710,1170,1806 10th Pl W,Kirkland,USA
6/17/2014 0:00,253000,3,1.5,1,0,0,5,880,0,11457 70th Pl S,Seattle,USA
6/17/2014 0:00,330000,3,2.5,2,0,0,3,3040,0,29678 130th Way SE,Auburn,USA
6/17/2014 0:00,554000,4,1,1.5,0,0,3,1120,0,1212 NW 105th St,Seattle,USA
6/17/2014 0:00,350000,3,2,3,0,0,3,1380,0,600 21st Ave,Seattle,USA
6/17/2014 0:00,294999,4,2.5,2,0,0,3,1660,0,11400-11616 SE 266th St,Kent,USA
6/17/2014 0:00,1185001,3,2.75,2,0,0,5,2500,0,723 16th Ave E,Seattle,USA
6/17/2014 0:00,752000,4,2.5,2,0,0,4,2940,0,14214 SE 77th St,Newcastle,USA
6/17/2014 0:00,451000,4,2.5,2,0,0,3,1670,0,2319 NE Marion Ln,Issaquah,USA
6/17/2014 0:00,725000,4,2.75,2,0,0,3,2630,0,13221 NE 93rd St,Redmond,USA
6/17/2014 0:00,345000,4,2.75,1,0,0,4,1480,770,15801 SE 175th Pl,Renton,USA
6/17/2014 0:00,206000,3,1,1,0,0,4,1320,0,1812 33rd St SE,Auburn,USA
6/17/2014 0:00,2027000,4,3.75,1.5,0,3,5,2540,1560,4520 E Mercer Way,Mercer Island,USA
6/17/2014 0:00,2475000,3,3.25,2,0,3,3,3060,1280,5719 Seaview Ave NW,Seattle,USA
6/17/2014 0:00,1728000,4,3,1,0,0,4,1850,1850,1206 86th Ave NE,Bellevue,USA
6/17/2014 0:00,580000,5,2,1,0,0,4,1540,1160,620 151st Pl NE,Bellevue,USA
6/17/2014 0:00,430000,3,1,1,0,0,4,980,0,3609 49th Ave SW,Seattle,USA
6/17/2014 0:00,720000,4,2.5,2,0,0,3,2110,540,11433 NE 91st St,Kirkland,USA
6/17/2014 0:00,824000,7,4.25,2,0,1,3,2800,870,2341 W Crockett St,Seattle,USA
6/17/2014 0:00,936000,3,1.75,1,0,2,4,1480,1480,3267 57th Ave SW,Seattle,USA
6/17/2014 0:00,535000,4,2.75,2,0,0,3,3070,0,5351 NE 4th Ct,Renton,USA
6/17/2014 0:00,286800,3,2.5,2,0,0,3,1413,0,20130 110th Terrace SE,Kent,USA
6/17/2014 0:00,350000,2,2.5,3,0,0,3,1260,0,9553 Interlake Ave N,Seattle,USA
6/17/2014 0:00,345000,3,2.5,2,0,0,3,1680,0,611 NE 165th St,Shoreline,USA
6/17/2014 0:00,435000,3,2.25,2,0,0,3,1080,150,3465 21st Ave W,Seattle,USA
6/17/2014 0:00,1555000,3,3.5,2,0,3,3,2960,1400,6812 Phinney Ave N,Seattle,USA
6/17/2014 0:00,1325000,4,4,2,0,0,3,4420,0,SE 21st Ct,Sammamish,USA
6/18/2014 0:00,461000,3,3.25,2,0,0,3,1980,790,3419 Meadow Ave N,Renton,USA
6/18/2014 0:00,770000,3,2.25,2,0,0,3,2910,0,18322 NE 99th Way,Redmond,USA
6/18/2014 0:00,1384000,4,3.25,1,0,3,3,2690,1600,17892 SE 58th Pl,Bellevue,USA
6/18/2014 0:00,330000,3,2.5,2,0,0,3,1600,0,32702 NE 202nd St,Duvall,USA
6/18/2014 0:00,322500,4,2.5,2,0,0,3,1820,0,24223 232nd Pl SE,Maple Valley,USA
6/18/2014 0:00,1600000,6,5,2,0,3,3,6050,0,29236 SE 5th St,Fall City,USA
6/18/2014 0:00,475000,3,1.75,1,0,0,3,1230,470,1027B NE 130th St,Seattle,USA
6/18/2014 0:00,250275,2,1,1,0,0,4,790,0,17941 Riviera Pl SW,Normandy Park,USA
6/18/2014 0:00,274500,3,2.25,1,0,0,4,1320,400,3924 SW 316th St,Federal Way,USA
6/18/2014 0:00,284950,3,1,1,0,0,5,990,0,12654 156th Ave SE,Renton,USA
6/18/2014 0:00,264950,4,1.75,1,0,0,5,1050,720,26418 199th Pl SE,Covington,USA
6/18/2014 0:00,242000,3,2,1,0,0,3,1260,0,21611 SE 266th St,Maple Valley,USA
6/18/2014 0:00,913000,4,2.5,2,0,0,3,3640,0,26966 SE 22nd Way,Sammamish,USA
6/18/2014 0:00,555000,3,1.75,1,0,0,5,1120,920,3850 51st Ave SW,Seattle,USA
6/18/2014 0:00,711000,4,1.75,1,0,0,5,990,990,3712 88th Ave SE,Mercer Island,USA
6/18/2014 0:00,403500,5,2.5,1,0,0,4,2410,1190,427 SW 174th St,Normandy Park,USA
6/18/2014 0:00,975000,4,2.5,1,0,0,3,2680,1590,21502 NE 103rd St,Redmond,USA
6/18/2014 0:00,253779,4,2,1.5,0,0,3,1430,600,4821 S 175th St,SeaTac,USA
6/18/2014 0:00,384400,3,3.25,3,0,0,3,1689,0,1021 NE 123rd St,Seattle,USA
6/18/2014 0:00,646000,5,2.75,1,0,0,3,1650,1220,6316 26th Ave NW,Seattle,USA
6/18/2014 0:00,415000,3,1.75,1,0,0,3,1270,0,7340 35th Ave SW,Seattle,USA
6/18/2014 0:00,764000,4,2.5,2,0,0,3,2790,0,23319 NE 15th St,Sammamish,USA
6/18/2014 0:00,507000,5,3.25,2,0,2,3,3030,820,12975-12983 SE 301st St,Auburn,USA
6/18/2014 0:00,545500,3,2.5,1.5,0,0,4,1360,200,2930 S Edmunds St,Seattle,USA
6/18/2014 0:00,450000,3,1.75,1,0,0,4,760,420,7341 27th Ave NW,Seattle,USA
6/18/2014 0:00,264000,4,1.75,1,0,0,4,1080,740,12632 SE 214th St,Kent,USA
6/18/2014 0:00,650000,5,1.75,1.5,0,0,3,1260,0,830 W Armour St,Seattle,USA
6/18/2014 0:00,365000,3,2.5,2,0,0,3,1680,960,17917 162nd Pl SE,Renton,USA
6/18/2014 0:00,343566,2,1,1,0,0,3,1100,0,8005 46th Ave SW,Seattle,USA
6/18/2014 0:00,375000,3,2.5,2,0,0,3,1950,0,2475 NE 182nd Ct,Shoreline,USA
6/18/2014 0:00,295000,3,2,1,0,0,4,1380,0,19807-19813 10th Pl S,Des Moines,USA
6/18/2014 0:00,325000,3,2.75,1,0,0,4,1280,920,16304 128th Pl SE,Renton,USA
6/18/2014 0:00,265000,4,1.5,1,0,0,3,1050,1000,29140 43rd Ave S,Auburn,USA
6/18/2014 0:00,562000,5,3,2,0,0,3,2795,0,14308 274th Pl NE,Duvall,USA
6/18/2014 0:00,540000,4,2.5,2,0,0,4,2050,0,17912 236th Pl NE,Woodinville,USA
6/18/2014 0:00,4489000,4,3,2,0,0,3,6430,0,1149-1199 91st Ave NE,Bellevue,USA
6/18/2014 0:00,279950,5,1.75,1,0,0,4,1460,690,23103 125th Ave SE,Kent,USA
6/18/2014 0:00,540000,3,1.75,1,0,0,5,1420,550,416 NW 181st St,Shoreline,USA
6/18/2014 0:00,310000,4,2.5,1,0,0,4,1740,920,820 S 300th St,Federal Way,USA
6/18/2014 0:00,190000,1,1,1,0,0,3,720,0,8044-8112 Rainier Ave S,Seattle,USA
6/18/2014 0:00,440000,4,2.5,2,0,0,3,2410,0,34604 Cottonwood Dr SE,Snoqualmie,USA
6/18/2014 0:00,1400000,3,2,1.5,0,3,3,1790,230,2340 Magnolia Blvd W,Seattle,USA
6/18/2014 0:00,230000,2,1,1,0,0,3,1080,0,11915 SE 161st St,Renton,USA
6/18/2014 0:00,455000,3,1.75,1,0,0,3,1180,0,45506 SE Tanner Rd,North Bend,USA
6/18/2014 0:00,175000,2,1,1,0,0,3,660,0,4100 25th Ave SW,Seattle,USA
6/18/2014 0:00,650000,3,1.75,1,0,0,4,1620,1300,14245 SE 60th St,Bellevue,USA
6/18/2014 0:00,3000000,4,4.25,2,1,4,5,3850,1000,11031 Champagne Point Rd NE,Kirkland,USA
6/18/2014 0:00,192500,3,1,1.5,0,0,3,1080,0,14490 57th Ave S,Tukwila,USA
6/18/2014 0:00,239950,3,1.75,1,0,0,3,1170,500,33838 37th Ave SW,Federal Way,USA
6/18/2014 0:00,175000,6,1,1.5,0,0,3,1120,250,8828 12th Ave SW,Seattle,USA
6/18/2014 0:00,850000,5,3.5,1,0,0,5,2350,1100,11010 108th Ave NE,Kirkland,USA
6/18/2014 0:00,410000,4,2,1,0,0,3,1820,150,13666 17th Ave SW,Burien,USA
6/18/2014 0:00,570000,4,2.5,2,0,0,3,2290,0,4029-4035 252nd Ave SE,Issaquah,USA
6/18/2014 0:00,469000,5,2.5,1,0,0,3,1140,1100,20216 12th Ave NW,Shoreline,USA
6/18/2014 0:00,559000,2,1,1,0,1,4,1060,180,5927 35th Ave SW,Seattle,USA
6/18/2014 0:00,739888,3,2.5,2,0,4,4,1690,730,4280 E Lake Sammamish Pkwy SE,Sammamish,USA
6/18/2014 0:00,568450,5,3.5,2,0,0,4,3260,0,25806 136th Ave SE,Kent,USA
6/18/2014 0:00,240000,2,1,1,0,0,3,670,0,10025-10037 31st Ave SW,Seattle,USA
6/18/2014 0:00,574950,5,3.25,2,0,0,4,3160,0,1010 Greenwood Blvd SW,Issaquah,USA
6/18/2014 0:00,180000,3,2.25,2,0,0,3,1990,0,24433 14th Ave S,Des Moines,USA
6/18/2014 0:00,1160000,4,3.5,2,0,0,3,3360,1320,13128 SE Newport Way,Bellevue,USA
6/18/2014 0:00,300000,3,2.5,2,0,0,3,1700,0,6729 Shaffer Ave S,Seattle,USA
6/18/2014 0:00,630000,4,2.5,2,0,0,3,2807,0,8820 NE 160th Pl,Kenmore,USA
6/18/2014 0:00,507000,4,1.75,1,0,0,4,1170,600,10415 171st Ave NE,Redmond,USA
6/18/2014 0:00,287500,4,2.5,1,0,0,4,1590,980,33749 29th Ct SW,Federal Way,USA
6/18/2014 0:00,688000,3,3,2,0,0,3,3450,0,22401 NE 25th Way,Sammamish,USA
6/18/2014 0:00,424000,3,2,1,0,0,3,1170,500,10526 NE 139th St,Kirkland,USA
6/18/2014 0:00,400000,3,1.75,1.5,0,0,4,950,100,3617 48th Ave SW,Seattle,USA
6/18/2014 0:00,620000,4,2.5,2,0,0,3,1910,0,4513 186th Ave SE,Issaquah,USA
6/18/2014 0:00,300000,3,1,1,0,0,4,910,0,14200-14230 77th Ave NE,Kirkland,USA
6/18/2014 0:00,615000,5,2.25,2,0,0,3,2480,0,2206 Sahalee Dr E,Sammamish,USA
6/18/2014 0:00,206000,2,1.5,2,0,0,3,1820,0,5206 S 142nd St,Tukwila,USA
6/18/2014 0:00,515500,4,2.5,2,0,0,3,2920,0,14821 272nd Pl NE,Duvall,USA
6/18/2014 0:00,554000,5,2.25,1,0,0,4,1170,700,15871 37th Ave NE,Lake Forest Park,USA
6/18/2014 0:00,825000,4,3.5,2,0,0,3,3810,0,11229 37th Ave SW,Seattle,USA
6/18/2014 0:00,855000,4,2.25,2,0,0,3,1800,390,2536 1st Ave W,Seattle,USA
6/18/2014 0:00,315000,3,2.5,2,0,0,3,1730,0,28001 232nd Pl SE,Maple Valley,USA
6/18/2014 0:00,299000,5,2.5,1,0,0,4,1110,1110,18820 129th Pl SE,Renton,USA
6/18/2014 0:00,650000,3,1.5,1,0,0,3,1320,0,3110 109th Ave SE,Bellevue,USA
6/18/2014 0:00,465000,3,1.75,1,0,2,3,860,650,3040 SW Avalon Way,Seattle,USA
6/18/2014 0:00,535000,3,2,2,0,0,3,2120,0,9115 227 Ave NE,Redmond,USA
6/18/2014 0:00,564000,2,2,1,0,0,3,1690,0,23112 NE 127th Way,Redmond,USA
6/18/2014 0:00,515000,3,3.5,2,0,0,3,1040,320,5609 11th Ave NW,Seattle,USA
6/18/2014 0:00,580000,4,2.5,2,0,0,3,3250,0,976 Jericho Pl NE,Renton,USA
6/18/2014 0:00,309000,3,2.25,2,0,0,3,1220,270,5011-5021 Delridge Way SW,Seattle,USA
6/18/2014 0:00,536751,3,1.75,1,0,0,3,1930,0,9129 Nye Ave SE,Snoqualmie,USA
6/18/2014 0:00,415000,4,2.5,2,0,0,3,2020,0,681 Ilwaco Ave NE,Renton,USA
6/18/2014 0:00,267000,3,2.25,2,0,0,3,1584,0,1376 43rd St NE,Auburn,USA
6/18/2014 0:00,820000,4,2.5,2,0,0,3,3170,0,9401 117th Ave NE,Kirkland,USA
6/18/2014 0:00,1399950,4,2.75,2,0,0,3,3870,0,6515 112th Ave NE,Kirkland,USA
6/18/2014 0:00,485000,2,2.5,3,0,0,3,1410,20,303 N 55th St,Seattle,USA
6/18/2014 0:00,482000,3,3.25,3,0,0,3,1380,0,4507 Linden Ave N,Seattle,USA
6/18/2014 0:00,535000,4,2.5,2,0,0,3,2610,0,7810 NE 199th St,Kenmore,USA
6/18/2014 0:00,690000,3,3.25,3,0,0,3,1540,0,423 N 50th St,Seattle,USA
6/19/2014 0:00,576000,3,2.5,1,0,0,4,970,970,8817 28th Ave NW,Seattle,USA
6/19/2014 0:00,378750,3,2.5,1.5,0,0,3,1260,900,3508 S Genesee St,Seattle,USA
6/19/2014 0:00,269900,4,1.75,1.5,0,0,4,1530,0,13805 SE Fairwood Blvd,Renton,USA
6/19/2014 0:00,210000,3,2,1,0,0,3,1440,0,11803 SE 322nd Pl,Auburn,USA
6/19/2014 0:00,429900,4,2.5,2,0,0,3,2640,0,14007 SE 159th Pl,Renton,USA
6/19/2014 0:00,1525000,4,3.25,2,0,3,4,2350,1270,3283 Conkling Pl W,Seattle,USA
6/19/2014 0:00,360000,4,2.5,2,0,0,3,2850,0,27437 237th Ave SE,Maple Valley,USA
6/19/2014 0:00,405000,2,1,1,0,0,4,1260,0,9532 Phinney Ave N,Seattle,USA
6/19/2014 0:00,450000,3,1.75,1,0,0,3,1610,0,12234 NE 65th St,Kirkland,USA
6/19/2014 0:00,703000,3,2,1.5,0,0,3,1360,0,4401 SW Hill St,Seattle,USA
6/19/2014 0:00,661000,4,2.5,2,0,0,3,2496,0,8517 143rd Ct NE,Redmond,USA
6/19/2014 0:00,580000,4,2.25,1,0,0,3,2160,0,2422 171 Ave SE,Bellevue,USA
6/19/2014 0:00,464000,3,1,2,0,0,3,1320,0,316 35th Ave,Seattle,USA
6/19/2014 0:00,945000,2,2.5,2,0,0,3,2540,0,3241 63rd Ave SW,Seattle,USA
6/19/2014 0:00,659500,4,3,1,0,0,4,1870,750,11605 SE 45th Pl,Bellevue,USA
6/19/2014 0:00,200000,3,1.5,1,0,0,3,1140,0,14015 43rd Ave S,Tukwila,USA
6/19/2014 0:00,280000,3,2,1,0,0,4,1790,0,15611 SE 322nd Pl,Auburn,USA
6/19/2014 0:00,1325000,4,2.5,2.5,0,0,4,2440,0,400 W Highland Dr,Seattle,USA
6/19/2014 0:00,346150,3,2,1,0,0,4,1480,660,2515 NE 19th St,Renton,USA
6/19/2014 0:00,197500,3,1,2,0,0,5,1330,0,1535 Griffin Ave,Enumclaw,USA
6/19/2014 0:00,799000,4,2.5,2,0,0,3,2590,0,4022 NE 95th St,Seattle,USA
6/19/2014 0:00,1309500,4,4.5,2,0,2,3,3600,1150,7732 Seward Park Ave S,Seattle,USA
6/19/2014 0:00,350000,2,1,1,0,0,5,850,770,12411 84th Ave NE,Kirkland,USA
6/19/2014 0:00,720000,4,2.5,2,0,0,3,2440,0,7210 221st Ave NE,Redmond,USA
6/19/2014 0:00,519000,3,2.75,1,0,0,5,1270,750,18107-18199 6th Ave SW,Normandy Park,USA
6/19/2014 0:00,590300,3,1.5,2,0,0,4,1470,0,4709 43rd Ave S,Seattle,USA
6/19/2014 0:00,2200000,5,4.75,2,1,4,3,4050,1940,5170 NW Sammamish Rd,Issaquah,USA
6/19/2014 0:00,410000,6,2.75,1,0,0,4,1320,1200,3306 NE 185th St,Lake Forest Park,USA
6/19/2014 0:00,437000,2,1.75,1,0,0,3,1440,0,23047 NE 130th St,Redmond,USA
6/19/2014 0:00,221000,3,2.25,1,0,0,3,1140,500,37724 26th Dr S,Federal Way,USA
6/19/2014 0:00,380000,4,2.25,1,0,0,3,1090,1060,18507 71st Ave NE,Kenmore,USA
6/19/2014 0:00,506000,2,1,1,0,0,4,1150,420,12723 11th Ave NW,Seattle,USA
6/19/2014 0:00,395000,4,1,1,0,0,4,1430,550,475 SW Forest Dr,Issaquah,USA
6/19/2014 0:00,285000,3,1,1.5,0,0,3,1210,0,7749-7999 31st Ave NW,Seattle,USA
6/19/2014 0:00,311000,3,1.75,1.5,0,0,5,1070,830,8653 Wabash Ave S,Seattle,USA
6/19/2014 0:00,520000,3,1.75,1,0,0,3,1940,0,24020 SE 202nd St,Maple Valley,USA
6/19/2014 0:00,435000,3,1.75,1,0,0,4,1310,0,9729 Dibble Ave NW,Seattle,USA
6/19/2014 0:00,120000,2,1,1,0,0,2,990,0,19229 SE 272nd St,Kent,USA
6/19/2014 0:00,1440000,3,3.5,2,0,0,3,2760,1110,2720 Boyer Ave E,Seattle,USA
6/19/2014 0:00,186000,3,2,1,0,0,3,920,420,119 10th St SE,Auburn,USA
6/19/2014 0:00,756000,4,2.25,1,0,0,5,1080,1080,2667 11th Ave W,Seattle,USA
6/19/2014 0:00,248000,4,2,1,0,0,3,1040,1040,6105 S 124th St,Seattle,USA
6/19/2014 0:00,287000,3,2,1.5,0,0,5,1300,0,13304 24th Ave S,SeaTac,USA
6/19/2014 0:00,510000,4,2.5,2,0,0,3,2610,0,19615 55th Ave NE,Lake Forest Park,USA
6/19/2014 0:00,249000,3,1,1,0,0,4,1050,0,22115 104th Pl SE,Kent,USA
6/19/2014 0:00,340000,3,2.5,2,0,0,3,2480,0,18210 170th Pl SE,Renton,USA
6/19/2014 0:00,399888,4,2.25,1.5,0,0,4,1320,500,1559 N 130th St,Seattle,USA
6/19/2014 0:00,440000,3,1.75,1,0,0,4,1170,0,9319 167th Ave NE,Redmond,USA
6/19/2014 0:00,899000,4,2.25,1,0,2,3,1440,930,2411 NW Blue Ridge Dr,Seattle,USA
6/19/2014 0:00,540500,5,3.75,2,0,0,3,3090,0,493 S 187th Ln,Burien,USA
6/19/2014 0:00,385000,3,1.75,1,0,0,4,1630,680,26525 Woodland Way S,Kent,USA
6/19/2014 0:00,558000,4,2.25,1,0,0,4,1320,740,6132-6198 125th Ave SE,Bellevue,USA
6/19/2014 0:00,600000,3,2,1,0,0,3,2540,0,37124-37118 237th Pl SE,Enumclaw,USA
6/19/2014 0:00,450000,4,2.5,2,0,0,3,2400,0,378 Nile Pl NE,Renton,USA
6/19/2014 0:00,232500,3,1,1,0,0,3,880,440,30606 2nd Ave SW,Federal Way,USA
6/19/2014 0:00,436000,2,1,1,0,0,3,790,0,1524 30th Ave,Seattle,USA
6/19/2014 0:00,240000,4,2,1,0,1,4,1670,120,1009 S 229th Pl,Des Moines,USA
6/19/2014 0:00,489950,3,2.25,2,0,0,3,1820,0,9243 NE 126th Pl,Kirkland,USA
6/19/2014 0:00,680000,6,2,1,0,0,5,900,770,4718 11th Ave NE,Seattle,USA
6/19/2014 0:00,1068000,5,3.5,2,0,0,3,3990,0,13828 SE 92nd St,Newcastle,USA
6/19/2014 0:00,352450,3,2,1,0,0,5,1430,0,17510 12th Ave NE,Shoreline,USA
6/19/2014 0:00,335000,4,2,1,0,0,4,2030,0,27610 SE Mud Mountain Rd,Enumclaw,USA
6/19/2014 0:00,549000,4,1.75,2,0,0,4,1290,0,742 N 70th St,Seattle,USA
6/19/2014 0:00,1240000,4,3.5,2,0,0,3,3280,540,1037 106th Ave SE,Bellevue,USA
6/19/2014 0:00,618250,4,3.25,1.5,0,0,4,1550,970,7019 Brooklyn Ave NE,Seattle,USA
6/19/2014 0:00,1815000,5,3,2,0,0,3,3880,0,7845 SE 62nd St,Mercer Island,USA
6/19/2014 0:00,850000,2,1.75,1.5,0,3,3,1320,270,2505 42nd Ave W,Seattle,USA
6/19/2014 0:00,930000,5,2,1.5,0,0,3,3530,0,2833 Cascadia Ave S,Seattle,USA
6/19/2014 0:00,505000,3,2.5,2,0,0,3,1610,0,24944 SE 43rd St,Issaquah,USA
6/19/2014 0:00,925000,4,2.5,2,0,0,3,3280,0,5310 236th Ave NE,Redmond,USA
6/19/2014 0:00,275000,3,1.75,1,0,0,4,1860,0,304 SW 316th St,Federal Way,USA
6/19/2014 0:00,499000,3,1.75,1,0,0,4,920,920,7043 Mary Ave NW,Seattle,USA
6/19/2014 0:00,507000,3,2.5,2,0,0,3,2120,0,12200 Densmore Ave N,Seattle,USA
6/19/2014 0:00,619850,4,2.5,1,0,0,5,1500,770,4802 122nd Ave SE,Bellevue,USA
6/19/2014 0:00,500000,3,2.5,1,0,3,3,1870,970,9320 318th Pl NE,Carnation,USA
6/19/2014 0:00,310000,4,1.5,1,0,0,3,1220,0,4201 Regal St,Carnation,USA
6/19/2014 0:00,646000,4,2.5,2,0,0,3,2310,0,8903 3rd Ave NW,Seattle,USA
6/19/2014 0:00,265000,3,1.75,1,0,0,3,1840,0,2714 SW 323rd St,Federal Way,USA
6/19/2014 0:00,475000,3,2.5,2,0,0,3,950,0,419 Federal Ave E,Seattle,USA
6/19/2014 0:00,600000,4,2.25,2,0,0,4,3070,0,12869-12951 NE 144th Way,Kirkland,USA
6/19/2014 0:00,470000,3,2,1,0,0,3,1730,0,29448 SE 208th St,Maple Valley,USA
6/19/2014 0:00,319950,2,1,1,0,0,3,920,0,11260 Marine View Dr SW,Seattle,USA
6/19/2014 0:00,712000,3,2.75,2,0,0,3,3200,0,26008 SE 23rd Pl,Sammamish,USA
6/19/2014 0:00,775000,4,2.75,2,0,0,3,3010,0,25916 SE 22nd Pl,Sammamish,USA
6/19/2014 0:00,390000,3,2.25,1,0,0,3,1090,510,14102 81st Pl NE,Kirkland,USA
6/19/2014 0:00,585000,4,2.5,2,0,0,3,2840,0,12458 Juanita Dr NE,Kirkland,USA
6/19/2014 0:00,1027000,3,2.5,2,0,1,3,2430,0,3215 107th Ave SE,Bellevue,USA
6/19/2014 0:00,232603,3,1.75,2,0,0,4,1750,0,1002 Pike St NE,Auburn,USA
6/19/2014 0:00,543000,3,2.25,3,0,0,3,1240,0,3455 Meridian Ave N,Seattle,USA
6/19/2014 0:00,607500,3,3.25,3,0,0,3,1530,0,1537 NW 58th St,Seattle,USA
6/19/2014 0:00,750000,3,3.5,2,0,0,3,3040,350,11619 SE 73rd Pl,Newcastle,USA
6/19/2014 0:00,728050,3,2.5,1,0,0,3,2320,0,24233 NE 131st Terrace,Redmond,USA
6/19/2014 0:00,734990,4,2.5,2,0,0,3,2650,0,Eastridge Drive Promenade,Redmond,USA
6/19/2014 0:00,330000,3,2.5,2,0,0,3,2238,0,1326 SW 340th St,Federal Way,USA
6/20/2014 0:00,605000,4,2.5,2,0,0,3,2620,0,8113 120th Pl SE,Newcastle,USA
6/20/2014 0:00,441000,3,2.75,1,0,0,3,1160,750,14413 88th Ave NE,Kirkland,USA
6/20/2014 0:00,650000,4,2.5,2,0,0,3,3040,0,22540 NE 92nd St,Redmond,USA
6/20/2014 0:00,1950000,7,3.5,2,0,1,3,2860,1780,8105 SE 44th St,Mercer Island,USA
6/20/2014 0:00,395000,3,1,1,0,0,3,900,600,8548 18th Ave NW,Seattle,USA
6/20/2014 0:00,245000,1,0.75,1,0,0,3,380,0,13602 8th Ave S,Burien,USA
6/20/2014 0:00,905000,4,3.5,2,0,0,3,2340,630,9400 SE 47th St,Mercer Island,USA
6/20/2014 0:00,660000,4,3.25,2,0,0,5,3030,0,24554 SE 39th Pl,Issaquah,USA
6/20/2014 0:00,378000,4,2.5,1,0,0,3,1230,660,41936 SE 168th St,North Bend,USA
6/20/2014 0:00,600000,2,1,1,0,0,4,1040,0,122 16th Ave E,Seattle,USA
6/20/2014 0:00,632500,4,2.5,2,0,0,3,2090,0,21604 NE 22nd Ct,Sammamish,USA
6/20/2014 0:00,210000,2,2,2,0,0,4,1680,0,111 F St SE,Auburn,USA
6/20/2014 0:00,754800,2,2.5,2,0,0,3,2770,0,Sunrise Loop Trail,Redmond,USA
6/20/2014 0:00,175000,2,1,1,0,0,4,1020,0,214 7th St SE,Auburn,USA
6/20/2014 0:00,455000,3,2.25,2,0,0,4,1470,0,24201-24231 SE 43rd Ct,Issaquah,USA
6/20/2014 0:00,450000,3,2,1,0,0,3,980,450,8012 Wallingford Ave N,Seattle,USA
6/20/2014 0:00,790000,4,1.75,1,0,3,3,1450,600,3860 NE 157th Pl,Lake Forest Park,USA
6/20/2014 0:00,480000,4,1,1,0,0,3,1040,1040,7520 Jones Ave NW,Seattle,USA
6/20/2014 0:00,850000,3,2.25,2,0,0,3,2250,620,7446-7498 Gatewood Rd SW,Seattle,USA
6/20/2014 0:00,725000,4,3.25,2,0,3,3,3440,500,17161 SE 100th St,Renton,USA
6/20/2014 0:00,380000,3,1.5,1,0,0,3,1020,500,4218 SW Sullivan St,Seattle,USA
6/20/2014 0:00,979000,3,1.5,1,0,1,4,1700,0,9000 Lake Washington Blvd NE,Bellevue,USA
6/20/2014 0:00,359950,3,2.25,1,0,0,4,1100,840,11317 82nd Ave S,Seattle,USA
6/20/2014 0:00,665900,4,2.25,2,0,1,4,2220,650,10030 44th Ave SW,Seattle,USA
6/20/2014 0:00,812000,3,3.25,2,0,0,3,3240,0,20627 NE 25th Ct,Sammamish,USA
6/20/2014 0:00,203000,3,1,1,0,0,4,1150,0,1226 S 130th Pl,Burien,USA
6/20/2014 0:00,456000,3,1.5,1,0,0,4,1440,0,24972 SE 30th St,Sammamish,USA
6/20/2014 0:00,547000,5,2.5,1.5,0,0,5,1420,780,8007 Fremont Ave N,Seattle,USA
6/20/2014 0:00,280000,3,2,1,0,0,3,1470,0,23825 14th Ave S,Des Moines,USA
6/20/2014 0:00,640000,2,1.75,1,0,0,4,880,880,3526 Ashworth Ave N,Seattle,USA
6/20/2014 0:00,477000,3,1.75,1,0,0,3,1210,570,14815 108th Pl NE,Bothell,USA
6/20/2014 0:00,455000,4,2.25,1,0,2,4,1650,800,16406 8th Ave SW,Burien,USA
6/20/2014 0:00,587206,3,3.5,2,0,0,3,1640,250,723 N 43rd St,Seattle,USA
6/20/2014 0:00,425000,3,2.5,2,0,0,3,2540,0,824 Chelan Pl NE,Renton,USA
6/20/2014 0:00,511500,4,1,1.5,0,0,3,1360,0,7714 37th Ave NE,Seattle,USA
6/20/2014 0:00,218000,2,2,2,0,0,3,1310,0,28107 240th Ave SE,Maple Valley,USA
6/20/2014 0:00,332000,3,2,1,0,0,3,1510,0,1015 SW 150th St,Burien,USA
6/20/2014 0:00,291000,3,1.5,1,0,0,4,1140,720,24815 180th Ave SE,Covington,USA
6/20/2014 0:00,279000,4,2,1,0,0,3,1100,1100,1809 Glenwood Ave SE,Renton,USA
6/20/2014 0:00,950000,4,2.5,2,0,0,3,3360,0,4926 119th Pl NE,Kirkland,USA
6/20/2014 0:00,970500,3,2.75,2,0,0,3,2470,0,4511 87th Ave SE,Mercer Island,USA
6/20/2014 0:00,412000,2,1,1,0,0,3,690,570,8329 27th Ave NW,Seattle,USA
6/20/2014 0:00,400000,3,1,1.5,0,0,4,1430,0,12231 Densmore Ave N,Seattle,USA
6/20/2014 0:00,200000,3,2.25,1.5,0,0,5,1230,0,804 12th St NE,Auburn,USA
6/20/2014 0:00,397000,4,2.5,2,0,0,3,2320,0,1000 Mountain View Blvd SE,North Bend,USA
6/20/2014 0:00,715000,4,2.5,2,0,0,3,3290,0,918 272nd Pl SE,Sammamish,USA
6/20/2014 0:00,371000,4,2.5,2,0,0,3,2550,0,27815 256th Ct SE,Maple Valley,USA
6/20/2014 0:00,458000,3,2.5,2,0,0,3,1870,0,8927 NE 176th St,Bothell,USA
6/20/2014 0:00,436500,5,3,1,0,0,3,1790,1320,16021-16299 Waynita Way NE,Bothell,USA
6/20/2014 0:00,329950,3,2.5,2,0,0,3,1820,0,1142 S 23rd St,Renton,USA
6/20/2014 0:00,950000,3,3.25,1,1,4,4,1650,1400,554-598 S 239th St,Des Moines,USA
6/20/2014 0:00,282000,4,2,2,0,0,3,1890,0,10125 SE 242nd Pl,Kent,USA
6/20/2014 0:00,250000,1,1,1,0,0,2,680,120,12419 20th Ave S,Seattle,USA
6/20/2014 0:00,1135000,6,4.25,2,0,0,4,4820,2080,16903 246th Ave NE,Woodinville,USA
6/20/2014 0:00,400000,4,1.75,2,0,4,3,2670,0,38107 212th Ave SE,Auburn,USA
6/20/2014 0:00,681500,5,2.75,1,0,0,3,1630,1630,17813 NE 8th Pl,Bellevue,USA
6/20/2014 0:00,200000,2,1,1,0,0,5,860,0,12824 7th Ave S,Burien,USA
6/20/2014 0:00,1300000,5,4,2.5,0,2,3,2966,400,2617 W Barrett St,Seattle,USA
6/20/2014 0:00,1462497,5,3.25,3,0,3,3,2750,1090,1116 33rd Ave S,Seattle,USA
6/20/2014 0:00,995000,4,4.5,2,0,2,3,3000,850,5659 178th Ave SE,Bellevue,USA
6/20/2014 0:00,355000,4,2.5,2,0,0,3,2040,0,11830 6th Pl SW,Seattle,USA
6/20/2014 0:00,425000,3,2.25,1,0,0,3,1290,500,16544 189th Ave NE,Woodinville,USA
6/20/2014 0:00,869000,4,3,2,0,0,3,3060,680,16534 NE 169th Pl,Woodinville,USA
6/20/2014 0:00,915000,3,3.25,2,0,0,3,2170,490,3414 E Denny Way,Seattle,USA
6/20/2014 0:00,2110000,3,2.25,2,0,0,4,3230,0,12 Columbia Key,Bellevue,USA
6/20/2014 0:00,925000,4,2,1,0,0,4,2040,1100,8211 Sedgewick Ln,Mercer Island,USA
6/20/2014 0:00,2400000,6,4.5,2,0,3,4,4430,1050,1223 7th Ave W,Seattle,USA
6/20/2014 0:00,390000,3,1,1.5,0,0,3,1160,0,4146 20th Ave SW,Seattle,USA
6/20/2014 0:00,330000,3,2.25,2,0,0,3,1860,0,23217 SE 239th St,Maple Valley,USA
6/20/2014 0:00,482500,4,3,1,0,0,5,1110,520,12033 20th Ave NE,Seattle,USA
6/20/2014 0:00,525000,3,2.25,3,0,0,3,1750,0,2619 NW 60th St,Seattle,USA
6/20/2014 0:00,237000,3,1,1,0,0,4,1300,0,10241 126th Ave SE,Renton,USA
6/20/2014 0:00,205000,3,1,1,0,0,5,960,0,604 Cedar Dr SE,Auburn,USA
6/20/2014 0:00,623000,3,2.5,2,0,0,5,1850,0,12833 NE 101st Pl,Kirkland,USA
6/20/2014 0:00,565000,4,2.75,2,0,0,3,3260,0,16222 SE 135th Pl,Renton,USA
6/20/2014 0:00,400000,4,2.25,1,0,0,4,1400,1020,17812-17818 Stone Ave N,Shoreline,USA
6/20/2014 0:00,405000,3,1,1.5,0,0,3,1460,0,1321 208th Ave NE,Sammamish,USA
6/20/2014 0:00,337000,4,3,2,0,0,3,2240,0,14532-14536 31st Ave NE,Shoreline,USA
6/20/2014 0:00,355000,2,1,1,0,1,3,1000,240,11516 103rd Ave SW,Vashon,USA
6/20/2014 0:00,885000,3,2.25,1,0,0,4,1610,450,7031 81st Ave SE,Mercer Island,USA
6/20/2014 0:00,420000,5,2.75,1,0,0,3,1300,980,504 NW 175th Ct,Shoreline,USA
6/20/2014 0:00,448000,4,2.5,2,0,2,3,2510,0,27498 254th Pl SE,Maple Valley,USA
6/20/2014 0:00,800000,4,2.75,2,0,0,3,3150,0,1105 273rd Pl SE,Sammamish,USA
6/20/2014 0:00,830000,5,2.25,2,0,0,4,2780,0,14111 NE 4th St,Bellevue,USA
6/20/2014 0:00,725000,6,1.75,2,0,0,3,2380,0,4554 Latona Ave NE,Seattle,USA
6/20/2014 0:00,780000,3,2.25,2,0,0,3,2140,0,537 N 66th St,Seattle,USA
6/20/2014 0:00,325000,2,1,1,0,0,3,840,0,7901-7911 39th Ave SW,Seattle,USA
6/20/2014 0:00,488800,4,2.25,1,0,0,4,1300,870,6438 131st Ave SE,Bellevue,USA
6/20/2014 0:00,1320000,4,3.5,2,0,0,3,4410,0,6133 160th Ave SE,Bellevue,USA
6/20/2014 0:00,489000,4,2,1,0,0,4,1060,1060,10822-10830 24th Ave NE,Seattle,USA
6/20/2014 0:00,1240000,7,5.5,2,0,0,3,4930,1700,16659 SE 69th Way,Bellevue,USA
6/20/2014 0:00,595000,3,2.75,2,0,0,4,3290,0,3616 Lincoln Ave NE,Newcastle,USA
6/20/2014 0:00,359900,5,2.25,1,0,0,3,1290,1000,13038 SE 184th Pl,Renton,USA
6/20/2014 0:00,1080000,3,3,2,0,0,4,4000,910,2100 156th Ave SE,Bellevue,USA
6/20/2014 0:00,925000,4,2.75,2,0,0,3,3730,0,625 212th Ave SE,Sammamish,USA
6/20/2014 0:00,625000,3,2.5,2,0,0,3,2440,0,4754 26th Ave SW,Seattle,USA
6/20/2014 0:00,339990,3,2.5,2,0,0,3,2570,0,5703 Charlotte Ave SE,Auburn,USA
6/20/2014 0:00,775950,4,2.5,2,0,0,3,2970,0,16904 NE 116th St,Redmond,USA
6/20/2014 0:00,420000,5,3,2,0,0,3,1670,960,3608 NE Sunset Blvd,Renton,USA
6/20/2014 0:00,654000,3,3.25,2,0,0,3,1280,250,1806 15th Ave,Seattle,USA
6/20/2014 0:00,725000,3,3.5,2,0,0,3,3690,0,34809 SE Garden Ct,Snoqualmie,USA
6/21/2014 0:00,375000,2,1,2,0,0,4,830,400,3257 NW Market St,Seattle,USA
6/21/2014 0:00,1100000,3,2.5,1,0,1,3,1400,800,3244 112th Ave SE,Bellevue,USA
6/21/2014 0:00,639500,4,2.25,2,0,0,3,2330,0,14106 176th Ave NE,Redmond,USA
6/21/2014 0:00,849000,4,2,1.5,0,1,4,2160,0,4103 Hillcrest Ave SW,Seattle,USA
6/21/2014 0:00,418000,4,1.5,1,0,0,3,1000,550,1015 158th Pl SE,Bellevue,USA
6/21/2014 0:00,442900,4,1.75,1,0,0,4,890,890,3423 33rd Ave W,Seattle,USA
6/21/2014 0:00,750000,3,1.75,1.5,0,0,3,1680,930,7523 Mary Ave NW,Seattle,USA
6/21/2014 0:00,930000,3,2.5,2,0,0,3,3290,0,14845 NE 73rd Way,Redmond,USA
6/22/2014 0:00,565000,2,1.75,1,0,0,4,960,370,3009 W Emerson St,Seattle,USA
6/22/2014 0:00,874150,4,3.5,2,0,1,3,2570,960,7321 NE 120th St,Kirkland,USA
6/22/2014 0:00,545000,4,2.5,2,0,0,3,2090,0,25733 SE 39th St,Issaquah,USA
6/22/2014 0:00,500000,4,2.5,1,0,0,3,1420,620,5803 129th Ave SE,Bellevue,USA
6/22/2014 0:00,687000,4,2.5,2,0,0,5,2370,0,13010 NE 74th St,Kirkland,USA
6/22/2014 0:00,810000,4,2.5,2,0,0,3,2810,0,15031 SE 66th St,Bellevue,USA
6/22/2014 0:00,439500,3,2.5,1,0,0,4,1570,480,14710 255th Ave SE,Issaquah,USA
6/22/2014 0:00,802000,3,1.75,1.5,0,0,4,1840,1030,2727 32nd Ave S,Seattle,USA
6/22/2014 0:00,732600,4,2.5,1,0,0,4,1230,900,507 130th Pl SE,Bellevue,USA
6/22/2014 0:00,374000,4,2.5,2,0,0,3,2580,0,243 Edmonds Pl NE,Renton,USA
6/22/2014 0:00,330000,4,2.5,2,0,0,3,2380,0,3430 S 173rd St,SeaTac,USA
6/23/2014 0:00,365000,4,2,1,0,0,1,1940,0,4125 158th Ave SE,Bellevue,USA
6/23/2014 0:00,290900,2,2,2,0,0,3,1610,0,13301 56th Ave S,Tukwila,USA
6/23/2014 0:00,577000,3,2.5,1,0,0,3,1330,730,4045 46th Ave SW,Seattle,USA
6/23/2014 0:00,280000,2,1,1,0,0,4,1010,0,107 E 3rd St,North Bend,USA
6/23/2014 0:00,675000,4,2.5,2,0,0,3,2810,0,22120 NE 26th Pl,Sammamish,USA
6/23/2014 0:00,800000,3,2.25,1,0,0,4,1450,930,7234 91st Ave SE,Mercer Island,USA
6/23/2014 0:00,299995,2,1,1,0,0,4,1060,0,1212 NE 162nd St,Shoreline,USA
6/23/2014 0:00,440000,3,1.75,1,0,0,3,1250,310,8919 NE 142nd Way,Kirkland,USA
6/23/2014 0:00,249500,2,1.75,1,0,0,4,1500,0,26449 171st Ave SE,Covington,USA
6/23/2014 0:00,690000,2,1,1,0,0,4,970,0,4017 Corliss Ave N,Seattle,USA
6/23/2014 0:00,235000,3,1,1,0,0,4,1170,0,766 Union Ave NE,Renton,USA
6/23/2014 0:00,320000,3,2.5,2,0,0,3,2280,0,27515 44th Pl S,Auburn,USA
6/23/2014 0:00,350000,7,3,1,0,2,3,1400,1400,2023 Harrington Pl NE,Renton,USA
6/23/2014 0:00,334000,4,1.5,1.5,0,0,3,1150,0,13260 126 Ct NE,Kirkland,USA
6/23/2014 0:00,235000,6,3,2,0,0,3,2180,0,33015 22nd Pl S,Federal Way,USA
6/23/2014 0:00,442000,4,2.5,2,0,0,3,2520,0,4508 NE 26th Ct,Renton,USA
6/23/2014 0:00,264000,3,1.75,1,0,0,4,1760,0,2712 SW 322nd Pl,Federal Way,USA
6/23/2014 0:00,275000,2,1,1,0,0,4,1180,0,16341 Interlake Ave N,Shoreline,USA
6/23/2014 0:00,430000,2,1.5,1,0,0,4,950,0,8520 Interlake Ave N,Seattle,USA
6/23/2014 0:00,550000,3,2.5,2,0,0,3,1900,0,268 145th Pl SE,Bellevue,USA
6/23/2014 0:00,775000,4,2.5,2,0,0,3,2300,0,9009 27th Ave NE,Seattle,USA
6/23/2014 0:00,603500,6,2.75,1,0,0,5,1550,1110,12526 SE 61st St,Bellevue,USA
6/23/2014 0:00,230000,3,1,1.5,0,0,4,1530,0,24727 SE Mud Mountain Rd,Enumclaw,USA
6/23/2014 0:00,449000,4,2.5,1,0,0,3,1230,620,7117 31st Ave SW,Seattle,USA
6/23/2014 0:00,2075000,4,3.5,2,0,0,3,4230,0,1646 100th Pl SE,Bellevue,USA
6/23/2014 0:00,420000,3,2,1,0,0,3,880,320,3049 NE 90th St,Seattle,USA
6/23/2014 0:00,735000,4,2.25,1,0,0,5,1340,930,3613 40th Ave W,Seattle,USA
6/23/2014 0:00,200000,3,1.5,1,0,0,4,1090,0,17335 SE 265th St,Covington,USA
6/23/2014 0:00,286000,3,2.75,2,0,0,3,780,320,4733 Delridge Way SW,Seattle,USA
6/23/2014 0:00,579000,3,2.5,3,0,0,3,1640,0,129 25th Ave E,Seattle,USA
6/23/2014 0:00,345100,3,3.75,1,0,0,3,1360,590,10636 60th Ave S,Seattle,USA
6/23/2014 0:00,350000,3,1.75,1.5,0,0,3,1660,0,1301 N 169th St,Shoreline,USA
6/23/2014 0:00,291500,3,1,1.5,0,0,5,880,0,16529 10th Ave NE,Shoreline,USA
6/23/2014 0:00,649950,3,2.5,2,0,0,3,1200,300,2811 14th Ave W,Seattle,USA
6/23/2014 0:00,458500,3,2,2,0,0,3,1430,460,6539 41st Ave SW,Seattle,USA
6/23/2014 0:00,500000,3,1,2,0,0,3,1150,0,3947 SW Austin St,Seattle,USA
6/23/2014 0:00,362300,3,2.5,2,0,0,3,2430,0,9226 S 247th Pl,Kent,USA
6/23/2014 0:00,324000,4,1.75,1,0,0,3,1170,940,17403 159th Ave SE,Renton,USA
6/23/2014 0:00,495000,3,2,2,0,0,4,2310,640,2433 SW 149th St,Burien,USA
6/23/2014 0:00,233500,3,2.25,2,0,0,3,1650,0,23441 130th Ave SE,Kent,USA
6/23/2014 0:00,479000,3,2.25,2,0,0,4,2110,0,15965 176th Ave NE,Woodinville,USA
6/23/2014 0:00,322200,4,2.25,2,0,0,4,2010,0,25417 167th Pl SE,Covington,USA
6/23/2014 0:00,835000,4,2.5,2,0,0,3,3030,0,5420 239th Pl NE,Redmond,USA
6/23/2014 0:00,347000,3,1,1,0,0,3,1270,0,10624 Sunrise Dr,Bothell,USA
6/23/2014 0:00,725000,3,1.75,1,0,0,5,1610,0,10905 NE 48th St,Kirkland,USA
6/23/2014 0:00,345000,3,1,2,0,0,4,1140,0,115 28th Ave S,Seattle,USA
6/23/2014 0:00,345950,3,2.5,2,0,0,3,2110,0,14150-14198 SE 238th Ln,Kent,USA
6/23/2014 0:00,550000,3,1.75,1,0,0,4,1840,0,13820 NE 72nd Pl,Redmond,USA
6/23/2014 0:00,399950,3,1.75,1,0,0,4,810,750,3630 NE 123rd St,Seattle,USA
6/23/2014 0:00,269500,3,1.75,1,0,0,4,1240,600,23309 115th Pl SE,Kent,USA
6/23/2014 0:00,494000,4,2.5,1,0,0,4,1540,290,1220 NW 199th Pl,Shoreline,USA
6/23/2014 0:00,453000,4,1.75,1,0,0,4,1060,1060,15619 SE 9th St,Bellevue,USA
6/23/2014 0:00,442500,3,1.75,1,0,0,3,1050,550,13832 125th Ave NE,Kirkland,USA
6/23/2014 0:00,235000,4,1.75,1.5,0,0,3,1180,270,4414 S 140th St,Tukwila,USA
6/23/2014 0:00,389800,3,1.75,1,0,0,3,1880,0,2310 NE 191st St,Lake Forest Park,USA
6/23/2014 0:00,346000,3,1.75,1,0,0,3,880,390,651 SW 134th St,Burien,USA
6/23/2014 0:00,360000,4,1.5,1,0,0,3,1720,0,13505 16th Ave NE,Seattle,USA
6/23/2014 0:00,650000,4,2.5,2,0,0,3,2400,0,23836 SE 41st St,Issaquah,USA
6/23/2014 0:00,290000,3,1,1,0,0,4,990,160,16232 11th Ave NE,Shoreline,USA
6/23/2014 0:00,234000,2,1,1,0,0,3,870,0,11062 25th Ave SW,Seattle,USA
6/23/2014 0:00,260000,4,2.5,2,0,0,3,2000,0,29204 202nd Ave SE,Kent,USA
6/23/2014 0:00,349900,3,2,1,0,0,5,1210,1210,16729 Tiger Mountain Rd SE,Issaquah,USA
6/23/2014 0:00,275000,3,1,1,0,0,4,1080,0,2350 N 178th St,Shoreline,USA
6/23/2014 0:00,725000,4,2.5,2,0,0,3,3420,0,18639 NE 202nd St,Woodinville,USA
6/23/2014 0:00,375000,4,2.5,2,0,0,3,1870,0,10309 SE 190th Pl,Renton,USA
6/23/2014 0:00,806000,4,2.5,1,0,0,3,2500,0,8510 258th Ave NE,Redmond,USA
6/23/2014 0:00,470000,3,2.5,2,0,0,3,2150,0,1815 Ilwaco Ave NE,Renton,USA
6/23/2014 0:00,490000,3,2.25,2,0,0,3,1080,390,6506 3rd Ave NW,Seattle,USA
6/23/2014 0:00,615000,5,2,1.5,0,0,5,1270,860,3220 44th Ave SW,Seattle,USA
6/23/2014 0:00,249000,3,1,1,0,0,3,1000,0,31825 197th Ave SE,Kent,USA
6/23/2014 0:00,396500,3,1.75,1,0,0,3,1350,1040,13040 3rd Ave NE,Seattle,USA
6/23/2014 0:00,405000,2,1,1,0,0,4,860,0,6301-6399 17th Ave NW,Seattle,USA
6/23/2014 0:00,560000,3,2.5,2,0,0,4,1960,0,12637 SE 79th Ct,Newcastle,USA
6/23/2014 0:00,459950,4,2.5,2,0,0,3,2000,0,8928 NE 176th St,Bothell,USA
6/23/2014 0:00,265000,3,1,1.5,0,0,3,1620,0,10005 16th Ave S,Seattle,USA
6/23/2014 0:00,502000,6,2.5,1,0,0,3,1630,1260,2413 171 Ave SE,Bellevue,USA
6/23/2014 0:00,430000,3,1.75,1,0,0,3,1300,0,1429 224th Ave NE,Sammamish,USA
6/23/2014 0:00,525000,2,1,1,0,3,3,1080,0,5130 Palatine Ave N,Seattle,USA
6/23/2014 0:00,415000,4,2.5,1,0,3,3,1350,820,10842 Garden Pl S,Seattle,USA
6/23/2014 0:00,600000,3,2.5,2,0,0,3,2260,0,20322 NE 34th Ct,Sammamish,USA
6/23/2014 0:00,225000,3,1.75,1,0,0,4,1580,0,31711 7th Pl S,Federal Way,USA
6/23/2014 0:00,300000,4,2.5,2,0,0,3,2620,0,17001 SE 263rd St,Covington,USA
6/23/2014 0:00,491234,4,2.5,2,0,0,3,1540,0,2520 Mulberry Walk NE,Issaquah,USA
6/23/2014 0:00,1580000,4,2.5,2,0,4,5,4570,0,1249 NW Elford Dr,Seattle,USA
6/23/2014 0:00,905000,4,3.25,2,0,0,3,3440,0,1630 28th Ave NE,Issaquah,USA
6/23/2014 0:00,199950,5,2.5,1,0,0,4,1740,0,23459 27th Ave S,Des Moines,USA
6/23/2014 0:00,450000,4,1.75,1,0,0,4,1260,900,8309 24th Ave NW,Seattle,USA
6/23/2014 0:00,899000,3,1,2,0,0,4,1480,0,4432 92nd Ave NE,Yarrow Point,USA
6/23/2014 0:00,649000,2,1.75,2,0,2,3,1890,370,29836 NE Tolt Hill Rd,Carnation,USA
6/23/2014 0:00,780000,4,3.5,2,0,0,4,2490,1420,13045 205th Pl SE,Issaquah,USA
6/23/2014 0:00,400000,4,1.75,1.5,0,0,3,1340,360,19744 324th Ave NE,Duvall,USA
6/23/2014 0:00,831500,5,2.5,2.5,0,0,3,4470,0,15002 191st Ave NE,Woodinville,USA
6/23/2014 0:00,471001,3,1.75,1,0,0,5,900,900,719 N 80th St,Seattle,USA
6/23/2014 0:00,385000,3,3.25,3,0,0,3,1630,0,353 N 105th St,Seattle,USA
6/23/2014 0:00,326000,3,1,1,0,0,3,1030,0,13110 NE 193rd Pl,Woodinville,USA
6/23/2014 0:00,335000,1,1,1,0,0,3,720,0,7325 18th Ave NW,Seattle,USA
6/23/2014 0:00,320000,4,1.5,1,0,0,4,1890,0,30841-30959 132nd Ave SE,Auburn,USA
6/23/2014 0:00,300000,4,2.5,2,0,0,3,1840,0,11831 SE 232nd Pl,Kent,USA
6/23/2014 0:00,269950,4,2.5,2,0,0,5,2540,0,25209 45th Ave S,Kent,USA
6/23/2014 0:00,1220000,4,3.75,1.5,0,0,5,2200,1320,2551 5th Ave N,Seattle,USA
6/23/2014 0:00,590000,4,2.5,1.5,0,0,4,3220,0,16429 NE 18th St,Bellevue,USA
6/23/2014 0:00,750000,3,2,1.5,0,0,4,1720,100,2160 50th Ave SW,Seattle,USA
6/23/2014 0:00,239950,3,1.75,1,0,0,4,1230,0,26119 185th Pl SE,Covington,USA
6/23/2014 0:00,215000,3,2,1,0,0,3,1340,0,2730 S 146th St,SeaTac,USA
6/23/2014 0:00,165000,3,1,1,0,0,3,1200,0,14301 Interurban Ave S,Tukwila,USA
6/23/2014 0:00,261350,3,1.75,1,0,0,4,1390,0,157 SW 313th St,Federal Way,USA
6/23/2014 0:00,569000,4,2,1,0,0,5,1060,670,720 N 46th St,Seattle,USA
6/23/2014 0:00,425000,3,2.25,1,0,0,3,1180,400,27514 NE 31st Ct,Redmond,USA
6/23/2014 0:00,800000,4,3,1,0,0,3,1980,1540,301 NW 54th St,Seattle,USA
6/23/2014 0:00,715000,4,2.5,1,0,0,4,1680,970,23264 SE 54th Pl,Issaquah,USA
6/23/2014 0:00,337000,3,1.75,1,0,0,3,1310,0,14830 203rd Ave SE,Renton,USA
6/23/2014 0:00,560000,4,2.5,2,0,0,3,2300,0,22912 NE 19th Dr,Sammamish,USA
6/23/2014 0:00,449500,3,2.25,1,0,2,3,1340,440,9413 NE 137th St,Kirkland,USA
6/23/2014 0:00,660000,3,3.25,3,0,0,3,1980,0,4318 Corliss Ave N,Seattle,USA
6/23/2014 0:00,685000,2,1.5,1,0,2,3,1300,0,1407 19th Ave,Seattle,USA
6/23/2014 0:00,905000,5,3.5,2,0,0,3,2570,930,15563 SE 67th Pl,Bellevue,USA
6/23/2014 0:00,403500,3,1,1,0,0,3,1200,630,13337 30th Ave NE,Seattle,USA
6/23/2014 0:00,405000,3,2.25,3,0,0,3,1520,0,8502 Interlake Ave N,Seattle,USA
6/23/2014 0:00,385000,4,2.75,2,0,0,3,2700,0,18901 SE 281st St,Kent,USA
6/23/2014 0:00,1700000,3,2.75,2,1,4,4,2810,0,2860 West Lake Sammamish Pkwy NE,Redmond,USA
6/23/2014 0:00,285000,3,2.5,2,0,0,3,1660,0,27924-27998 150th Pl SE,Kent,USA
6/23/2014 0:00,249900,3,2,1,0,0,4,1310,0,19240 SE 259th Pl,Covington,USA
6/23/2014 0:00,633634,4,3.5,2,0,0,3,2960,0,34115 SE Ash St,Snoqualmie,USA
6/23/2014 0:00,329900,3,2.5,2,0,0,3,2242,0,Evergreen Way SE,Auburn,USA
6/23/2014 0:00,310000,3,2.5,2,0,0,3,2540,0,21720 SE 299th Way,Kent,USA
6/23/2014 0:00,345000,3,1.5,2,0,0,3,1140,280,1707 22nd Ave S,Seattle,USA
6/23/2014 0:00,160797,3,1.5,2,0,0,3,1270,0,4018 S Lilac St,Seattle,USA
6/23/2014 0:00,562500,3,2.25,2,0,0,3,1000,300,2008 Yale Ave E,Seattle,USA
6/23/2014 0:00,664950,5,3,1,0,2,3,1890,1300,7528 S Laurel St,Seattle,USA
6/23/2014 0:00,515000,5,3.25,2,0,0,3,2040,870,1920C SW Brandon St,Seattle,USA
6/23/2014 0:00,497000,3,2.25,2,0,0,3,1630,0,1981 24th Ave NE,Issaquah,USA
6/23/2014 0:00,312891,5,3,2,0,0,3,2300,0,33027 47th Pl S,Federal Way,USA
6/23/2014 0:00,670000,3,2.5,2,0,2,3,2440,870,9400 44th Ave SW,Seattle,USA
6/23/2014 0:00,362500,2,1.5,2,0,0,3,940,0,1124 29th Ave S,Seattle,USA
6/23/2014 0:00,402101,2,0.75,2,0,0,3,1020,0,902 26th Ave S,Seattle,USA
6/24/2014 0:00,438000,3,1.75,1,0,0,3,790,730,2302 NE 91st St,Seattle,USA
6/24/2014 0:00,687500,4,1.75,1.5,0,0,4,1510,820,7326 9th Ave NW,Seattle,USA
6/24/2014 0:00,160000,3,1.5,1,0,0,4,1010,0,21416 13th Ave S,Des Moines,USA
6/24/2014 0:00,415000,3,1.75,1,0,0,3,1070,0,10908 156th Ct NE,Redmond,USA
6/24/2014 0:00,405000,3,2.5,2,0,0,3,2360,810,29414 2nd Ave SW,Federal Way,USA
6/24/2014 0:00,880000,4,2.5,3,0,0,3,3030,0,6709 9th Ave NW,Seattle,USA
6/24/2014 0:00,585000,3,2.5,2,0,0,3,2270,0,10613 SW 138th St,Vashon,USA
6/24/2014 0:00,640000,4,2.5,2,0,0,3,2341,0,11001-11025 169th Pl NE,Redmond,USA
6/24/2014 0:00,819000,3,3.5,2,0,2,5,1530,600,3215 37th Ave W,Seattle,USA
6/24/2014 0:00,520000,3,1.75,1,0,0,3,2300,0,16203 170th Ave NE,Woodinville,USA
6/24/2014 0:00,367500,3,1,1,0,0,4,1160,500,17619 197th Ave NE,Woodinville,USA
6/24/2014 0:00,762500,4,2.75,1,0,0,4,1760,850,8208 SE 26th St,Mercer Island,USA
6/24/2014 0:00,300000,3,1,1,0,0,3,2150,0,315 NW 183rd St,Shoreline,USA
6/24/2014 0:00,625000,3,2.5,1,0,0,4,1820,590,14828 NE 163rd St,Woodinville,USA
6/24/2014 0:00,530000,2,1.5,1,0,2,3,1280,300,3036-3040 36th Ave SW,Seattle,USA
6/24/2014 0:00,379000,3,2.5,2,0,0,3,1740,0,47518 SE 153rd St,North Bend,USA
6/24/2014 0:00,615000,2,1,1,0,0,3,1090,180,7407-7411 28th Ave NW,Seattle,USA
6/24/2014 0:00,660000,2,2.25,2,0,0,5,1860,690,6054 5th Ave NE,Seattle,USA
6/24/2014 0:00,380000,3,2.25,2,0,0,4,1860,0,52435 SE 496th Pl,Enumclaw,USA
6/24/2014 0:00,314900,4,1.75,1,0,0,3,1380,1320,34901-35199 Weyerhaeuser Way S,Federal Way,USA
6/24/2014 0:00,324950,3,1.5,1,0,0,3,1460,0,1636 SW 164th St,Burien,USA
6/24/2014 0:00,225000,3,1.75,1,0,0,3,1330,0,903 S 317th St,Federal Way,USA
6/24/2014 0:00,535000,3,2.5,2,0,0,3,2070,0,463 243rd Pl SE,Sammamish,USA
6/24/2014 0:00,348500,3,1.5,1,0,0,4,1360,0,12019 156th Ave SE,Renton,USA
6/24/2014 0:00,725000,4,2.5,2,0,0,3,2650,0,211 140th Ave SE,Bellevue,USA
6/24/2014 0:00,925000,4,3,1.5,0,0,3,3580,0,17720 154th Ct NE,Woodinville,USA
6/24/2014 0:00,549000,2,1,1,1,4,5,1159,875,13013 SW Bachelor Rd,Vashon,USA
6/24/2014 0:00,400000,3,2,1,0,0,3,990,240,22834 NE 25th Way,Sammamish,USA
6/24/2014 0:00,620000,4,2.5,2,0,0,3,2450,0,2540 265th Ave NE,Redmond,USA
6/24/2014 0:00,665000,6,2.75,1,0,0,5,1420,1420,5407 S Lucile St,Seattle,USA
6/24/2014 0:00,1215000,4,3.75,1,0,0,3,3820,0,14511 164th Ave NE,Woodinville,USA
6/24/2014 0:00,1157400,3,2.5,2,0,2,3,2740,0,1226 22nd Ave E,Seattle,USA
6/24/2014 0:00,349950,4,2.5,2,0,0,3,2090,0,19335 133rd Pl SE,Renton,USA
6/24/2014 0:00,2466350,5,4.75,2,0,0,3,4560,1830,1239 Parkside Dr E,Seattle,USA
6/24/2014 0:00,339000,4,2,1.5,0,0,3,1970,500,7936 10th Ave SW,Seattle,USA
6/24/2014 0:00,615000,3,1.75,1,0,0,4,960,760,3219 37th Pl S,Seattle,USA
6/24/2014 0:00,751000,4,3.25,2,0,0,3,2370,720,11719 157th Ave NE,Redmond,USA
6/24/2014 0:00,941000,4,1.75,1.5,0,0,5,1820,500,128 NE 51st St,Seattle,USA
6/24/2014 0:00,600000,4,1.75,1,0,0,5,1740,0,1800 172nd Ave NE,Bellevue,USA
6/24/2014 0:00,455000,4,2.5,2,0,0,3,2950,0,5100 NE 10th Pl,Renton,USA
6/24/2014 0:00,1295648,0,0,2,0,0,3,4810,0,20418 NE 64th Pl,Redmond,USA
6/24/2014 0:00,485000,3,2.5,1,0,0,5,900,600,5909 48th Ave SW,Seattle,USA
6/24/2014 0:00,358000,3,1.5,1,0,0,5,1810,0,42809 260th Ave SE,Enumclaw,USA
6/24/2014 0:00,339000,3,1,1,0,0,4,720,380,8202 37th Ave SW,Seattle,USA
6/24/2014 0:00,258000,3,1,1,0,0,3,1120,370,26000-26198 Woodmont Dr S,Des Moines,USA
6/24/2014 0:00,455000,2,1.5,2,0,0,3,1000,200,301 27th Ave S,Seattle,USA
6/24/2014 0:00,437000,4,2.5,1,0,0,3,1290,600,8619 169th Ct NE,Redmond,USA
6/24/2014 0:00,689000,3,1.75,1,0,0,5,1500,700,15222 SE 48th Dr,Bellevue,USA
6/24/2014 0:00,319000,4,2.5,1,0,0,3,1610,900,3709 S 256th Ct,Kent,USA
6/24/2014 0:00,510000,3,2.25,3,0,0,3,1420,0,3821-3825 Whitman Ave N,Seattle,USA
6/24/2014 0:00,440000,3,1.75,1,0,2,4,1480,520,17705 3rd Pl SW,Normandy Park,USA
6/24/2014 0:00,1010000,2,2,1,0,2,5,1460,0,1302 1st St,Kirkland,USA
6/24/2014 0:00,875000,4,2.5,2,0,0,3,3220,0,14305 214th Way NE,Woodinville,USA
6/24/2014 0:00,304000,4,2,1,0,0,4,1310,0,17547 11th Ave NE,Shoreline,USA
6/24/2014 0:00,139000,2,1,1,0,0,4,690,0,755 Dayton Ave NE,Renton,USA
6/24/2014 0:00,464500,3,1.75,1,0,0,5,1150,0,12227 SE 55th Pl,Bellevue,USA
6/24/2014 0:00,336500,3,1,1,0,0,3,970,510,608 N 202nd St,Shoreline,USA
6/24/2014 0:00,230000,4,1.75,1,0,0,4,1270,580,6909 S 124th St,Seattle,USA
6/24/2014 0:00,425000,3,2.5,2,0,0,3,1930,0,25238 SE 35th St,Issaquah,USA
6/24/2014 0:00,300000,2,1,1,0,0,4,750,0,7920 34th Ave SW,Seattle,USA
6/24/2014 0:00,457500,3,2.25,2,0,0,3,980,450,1362 31st Ave S,Seattle,USA
6/24/2014 0:00,366000,3,1.75,1,0,0,4,1340,500,14923 SE 143rd Pl,Renton,USA
6/24/2014 0:00,502000,3,2,1,0,0,3,1300,0,4029 142nd Ave SE,Bellevue,USA
6/24/2014 0:00,194000,3,1,1,0,0,3,1050,0,34810 18th Ave SW,Federal Way,USA
6/24/2014 0:00,305000,4,2.25,2,0,0,4,2210,0,4129 Hampton Way,Kent,USA
6/24/2014 0:00,1250000,4,2.5,1,0,0,5,1680,1540,13 Cascade Key,Bellevue,USA
6/24/2014 0:00,575000,4,2.5,2,0,0,4,4620,0,480 SW 345th St,Federal Way,USA
6/24/2014 0:00,343500,4,1.75,1,0,2,4,1180,580,11008 Auburn Ave S,Seattle,USA
6/24/2014 0:00,325000,3,1,1,0,0,3,850,0,15812 14th Avenue Northeast,Shoreline,USA
6/24/2014 0:00,600000,4,3.25,2,0,2,3,3680,1010,19560 44th Ave NE,Lake Forest Park,USA
6/24/2014 0:00,850000,4,3.5,2,0,0,3,3920,0,2515 263rd Ct NE,Redmond,USA
6/24/2014 0:00,420000,3,2.5,2,0,0,3,2140,0,2971 NE Marquette Way,Issaquah,USA
6/24/2014 0:00,257500,2,2,1,0,0,3,1180,0,13321 30th Ave NE,Seattle,USA
6/24/2014 0:00,317000,5,2.5,1,0,0,4,1180,1180,6277-6399 S 129th St,Seattle,USA
6/24/2014 0:00,970000,3,2.25,1.5,0,2,4,1810,1250,2721-3279 Lake Washington Blvd S,Seattle,USA
6/24/2014 0:00,252000,3,2.25,1,0,0,4,1190,480,12046 SE 214th St,Kent,USA
6/24/2014 0:00,683500,3,1.5,1.5,0,0,3,1640,180,716 W Etruria St,Seattle,USA
6/24/2014 0:00,289000,3,2.5,2,0,0,3,1090,880,28426 37th Ave S,Auburn,USA
6/24/2014 0:00,355000,2,2.25,2,0,0,3,630,300,2107 13th Ave S,Seattle,USA
6/24/2014 0:00,675000,3,3.5,1,0,0,3,2300,0,23339 NE 126th St,Redmond,USA
6/24/2014 0:00,396500,3,2.5,1,0,0,4,2590,0,24292 141st Pl SE,Kent,USA
6/24/2014 0:00,362500,4,1.75,1,0,0,3,1450,0,417 SE Andrews St,Issaquah,USA
6/24/2014 0:00,395000,4,1.75,1,0,0,5,770,770,7350 31st Ave SW,Seattle,USA
6/24/2014 0:00,599000,5,2.75,1,0,0,3,2080,650,22631 SE 18th Pl,Sammamish,USA
6/24/2014 0:00,218000,3,1,1,0,0,4,880,0,11257 Crestwood Dr S,Seattle,USA
6/24/2014 0:00,589950,4,2.5,2,0,0,3,3190,0,27463 254th Pl SE,Maple Valley,USA
6/24/2014 0:00,218000,3,1.5,1,0,0,4,1330,0,2530 SW 325th Pl,Federal Way,USA
6/24/2014 0:00,360000,3,1.75,1,0,0,3,1500,0,20015 Burke Ave N,Shoreline,USA
6/24/2014 0:00,350000,2,1,1,0,0,4,740,0,8802 30th Ave SW,Seattle,USA
6/24/2014 0:00,350000,4,3,2,0,0,3,2560,0,12251 SE 306th Ct,Auburn,USA
6/24/2014 0:00,845000,3,2,1.5,0,0,5,1840,700,7524 34th Ave NW,Seattle,USA
6/24/2014 0:00,839000,3,2.5,1,0,0,3,3200,0,18415 244th Ave NE,Woodinville,USA
6/24/2014 0:00,850000,4,3,1,0,0,3,1790,1540,4015 Midvale Ave N,Seattle,USA
6/24/2014 0:00,329950,2,1,1,0,0,4,900,0,10264 California Ave SW,Seattle,USA
6/24/2014 0:00,425000,4,1.5,1.5,0,0,3,1600,0,3856 38th Ave S,Seattle,USA
6/24/2014 0:00,210000,2,1,1,0,0,3,970,0,5031 Martin Luther King Jr Way S,Seattle,USA
6/24/2014 0:00,631500,2,1,1,0,0,4,1130,0,2617 Queen Anne Ave N,Seattle,USA
6/24/2014 0:00,295000,2,1,1,0,0,3,650,0,1829 29th Ave,Seattle,USA
6/24/2014 0:00,575000,3,2.25,1.5,0,0,4,1440,960,8322 28th Ave NW,Seattle,USA
6/24/2014 0:00,415000,3,2.5,2,0,0,3,2280,0,27927 NE 147th Cir,Duvall,USA
6/24/2014 0:00,859000,4,2.25,1,0,0,3,1830,1720,15831 SE 43rd Pl,Bellevue,USA
6/24/2014 0:00,639888,4,2.5,2,0,0,3,2050,0,1474 14th Pl NE,Issaquah,USA
6/24/2014 0:00,329445,2,1.5,2,0,0,3,830,0,2300 14th Ave S,Seattle,USA
6/24/2014 0:00,745641,4,2.5,2,0,0,3,2440,0,11631 170th Ct NE,Redmond,USA
6/24/2014 0:00,395000,3,2.5,2,0,0,3,1600,0,4517-4529 S Genesee St,Seattle,USA
6/24/2014 0:00,790000,4,3.5,2,0,0,3,3190,0,11102 Upper Preston Rd SE,Issaquah,USA
6/25/2014 0:00,890000,4,1,2,0,0,3,2370,180,1816 2nd Ave N,Seattle,USA
6/25/2014 0:00,400000,3,2.5,1,0,0,4,1420,760,18032 Burke Ave N,Shoreline,USA
6/25/2014 0:00,365500,3,2,1,0,0,4,1410,0,18120 145th Pl NE,Woodinville,USA
6/25/2014 0:00,245000,3,2,1,0,0,3,1410,0,25813 117th Pl SE,Kent,USA
6/25/2014 0:00,390000,4,2.5,2,0,0,3,2340,0,11824 SE 203rd St,Kent,USA
6/25/2014 0:00,196500,3,1,1,0,0,3,1320,0,28430 49th Ave S,Auburn,USA
6/25/2014 0:00,1200000,4,1.75,2,0,0,3,3990,0,15527 SE 79th Pl,Newcastle,USA
6/25/2014 0:00,276900,3,1,1,0,0,4,1270,0,1711 Monroe Ave NE,Renton,USA
6/25/2014 0:00,995000,3,4.5,2,1,3,3,3720,660,14423 25th Ave SW,Burien,USA
6/25/2014 0:00,2300000,4,3.25,2,0,0,3,4250,0,511 98th Ave NE,Bellevue,USA
6/25/2014 0:00,505000,3,2.5,2,0,0,4,1860,0,4327 243rd Ave SE,Issaquah,USA
6/25/2014 0:00,1229000,4,3.5,2,0,0,3,2830,940,14203 NE 40th Pl,Bellevue,USA
6/25/2014 0:00,352000,4,1,1,0,0,3,980,550,7940 12th Ave SW,Seattle,USA
6/25/2014 0:00,597326,4,4,2,0,0,3,2860,710,8416 SE 36th St,Mercer Island,USA
6/25/2014 0:00,800000,2,1,1,0,0,3,1740,0,6116 Kirkwood Pl N,Seattle,USA
6/25/2014 0:00,270000,3,2.5,1,0,0,4,1300,370,19223 SE 259th Pl,Covington,USA
6/25/2014 0:00,235000,4,2,2,0,0,4,1570,0,31845-31899 125th Pl SE,Auburn,USA
6/25/2014 0:00,409900,2,2.5,2,0,0,3,1590,0,12418 NE 100th St,Kirkland,USA
6/25/2014 0:00,739900,5,2.5,2,0,0,3,2980,0,11931 179th Pl NE,Redmond,USA
6/25/2014 0:00,608000,4,2.5,2,0,0,3,2690,0,9754 228th Terrace NE,Redmond,USA
6/25/2014 0:00,381500,2,1,1,0,0,5,900,0,519 NE 79th St,Seattle,USA
6/25/2014 0:00,562100,2,0.75,1,0,0,3,1200,240,5641-5645 6th Ave NW,Seattle,USA
6/25/2014 0:00,740000,4,2.5,2,0,0,3,3000,0,875 Cyprus Ct NW,Issaquah,USA
6/25/2014 0:00,308000,3,1,1.5,0,0,3,1640,0,11211 3rd Ave S,Seattle,USA
6/25/2014 0:00,905000,5,3.5,1,0,4,3,1660,1440,408 172nd Pl NE,Bellevue,USA
6/25/2014 0:00,762000,4,3.5,2,0,0,3,4000,0,34006 SE Salal St,Snoqualmie,USA
6/25/2014 0:00,356000,4,2,1.5,0,0,3,2020,0,43525 SE 149th St,North Bend,USA
6/25/2014 0:00,750000,3,1.5,1.5,0,0,5,1340,500,330 NW 50th St,Seattle,USA
6/25/2014 0:00,418800,4,2.25,1,0,0,4,1290,810,7422-7426 NE 148th Ln,Kenmore,USA
6/25/2014 0:00,276000,4,2.25,1,0,0,4,2460,0,1101-1199 O St NE,Auburn,USA
6/25/2014 0:00,725000,3,2.5,2,0,0,3,2610,0,15317 NE 66th Ct,Redmond,USA
6/25/2014 0:00,285000,3,2,1,0,0,3,1460,0,24108 SE 261st Pl,Maple Valley,USA
6/25/2014 0:00,205000,3,1,1,0,0,3,1050,0,22123 103rd Pl SE,Kent,USA
6/25/2014 0:00,583000,3,2.5,2,0,0,3,1790,0,907 221st Ave NE,Sammamish,USA
6/25/2014 0:00,657000,4,2.5,1.5,0,0,4,1420,760,7615 3rd Ave NW,Seattle,USA
6/25/2014 0:00,386000,4,2.25,2,0,2,3,1770,280,22500-22614 16th Ave S,Des Moines,USA
6/25/2014 0:00,589950,5,3,1,0,3,5,1500,1290,18823 SE 216th St,Renton,USA
6/25/2014 0:00,575000,3,2.25,1.5,0,0,3,1100,600,6720 4th Ave NW,Seattle,USA
6/25/2014 0:00,574000,3,2.5,2,0,0,3,2380,0,7075-7131 Thompson Ave SE,Snoqualmie,USA
6/25/2014 0:00,690500,5,2,1.5,0,2,4,1280,720,2406 E Helen St,Seattle,USA
6/25/2014 0:00,565000,2,1.75,1,0,0,3,1670,0,2146 NE Nelson Ln,Issaquah,USA
6/25/2014 0:00,500000,3,1.5,1,0,0,3,970,220,2226 NW 60th St,Seattle,USA
6/25/2014 0:00,330000,6,2.25,1,0,0,3,1890,1150,614 Hazel Ave N,Kent,USA
6/25/2014 0:00,286000,2,1,1,0,0,4,780,0,200 Taylor Ave S,North Bend,USA
6/25/2014 0:00,450000,3,1.5,1,0,0,3,1330,1000,16359 35th Ave NE,Lake Forest Park,USA
6/25/2014 0:00,870000,4,2.75,1.5,0,0,5,1960,880,2019 33rd Ave S,Seattle,USA
6/25/2014 0:00,725000,4,2.5,2,0,0,4,2490,0,13321 NE 92nd Way,Redmond,USA
6/25/2014 0:00,275000,2,1,1,0,0,4,770,0,5628 35th Ave SW,Seattle,USA
6/25/2014 0:00,645000,3,2.75,1,0,2,4,1850,0,633 NW 116th St,Seattle,USA
6/25/2014 0:00,152000,3,1,1,0,0,4,1090,0,11845 SE 319th Pl,Auburn,USA
6/25/2014 0:00,315000,4,2,1.5,0,0,5,930,850,10200-10216 56th Ave S,Seattle,USA
6/25/2014 0:00,190000,1,0.75,1,0,0,3,930,0,7650 S 134th St,Seattle,USA
6/25/2014 0:00,700000,4,2.5,2,0,0,3,2770,0,912 274th Way SE,Sammamish,USA
6/25/2014 0:00,233000,3,1,1.5,0,0,3,1250,0,322 NE 163rd St,Shoreline,USA
6/25/2014 0:00,249000,4,2.25,2,0,0,3,1830,0,26120-26126 120th Pl SE,Kent,USA
6/25/2014 0:00,310000,2,1,1,0,0,3,870,0,9238 32nd Ave SW,Seattle,USA
6/25/2014 0:00,265950,3,1.5,1,0,0,4,1150,0,8540 S 123rd Pl,Seattle,USA
6/25/2014 0:00,860000,5,3.25,2,0,4,4,3000,1500,4209 NE 135th St,Seattle,USA
6/25/2014 0:00,200000,3,1,1.5,0,0,4,1150,0,208 N St NE,Auburn,USA
6/25/2014 0:00,402000,4,2.25,2,0,0,5,1650,350,6530 21st Ave NW,Seattle,USA
6/25/2014 0:00,305000,6,2,1,0,0,2,1200,700,2825 NE 105th St,Seattle,USA
6/25/2014 0:00,505000,3,1.75,1,0,2,3,1640,0,12718 89th Pl NE,Kirkland,USA
6/25/2014 0:00,1355000,3,1.5,2,0,2,5,1880,800,1602 5th Ave N,Seattle,USA
6/25/2014 0:00,482000,3,2.5,2,0,0,3,2420,0,7219 Autumn Ave SE,Snoqualmie,USA
6/25/2014 0:00,299950,3,1.75,1,0,3,3,1790,0,31317 41st Pl SW,Federal Way,USA
6/25/2014 0:00,770000,4,2.5,2,0,0,3,3920,0,23013 SE 44th St,Sammamish,USA
6/25/2014 0:00,245700,3,2.25,1,0,0,3,1180,460,25425 34th Pl S,Kent,USA
6/25/2014 0:00,283000,3,1,1,0,0,4,890,0,1109 N 28th Pl,Renton,USA
6/25/2014 0:00,650000,4,2.75,1,0,0,4,1420,490,9025 26th Ave NW,Seattle,USA
6/25/2014 0:00,530000,5,2.25,1,0,0,3,1070,1070,227 152nd Pl SE,Bellevue,USA
6/25/2014 0:00,440000,3,1.75,1,0,0,4,2030,0,2434 SW 170th St,Burien,USA
6/25/2014 0:00,1005000,4,4.5,2,0,0,4,4225,0,23711 NE 4th St,Sammamish,USA
6/25/2014 0:00,599990,3,2.25,1,0,0,3,1570,1110,4222 186th Pl SE,Issaquah,USA
6/25/2014 0:00,544000,4,2.5,2,0,0,3,2030,0,4226 250th Pl SE,Issaquah,USA
6/25/2014 0:00,1700000,5,3.5,2,0,2,4,4670,1180,9625-9701 SE 5th St,Bellevue,USA
6/25/2014 0:00,270000,2,1,1,0,0,3,1260,800,10447 8th Ave S,Seattle,USA
6/25/2014 0:00,435000,2,1,1.5,0,0,4,1060,0,4202 4th Ave NE,Seattle,USA
6/25/2014 0:00,349000,3,1,1,0,0,4,1010,0,15510 9th Ave NE,Shoreline,USA
6/25/2014 0:00,1140000,4,2.25,2,0,0,5,3310,0,15445 NE 144th Pl,Woodinville,USA
6/25/2014 0:00,320000,4,2.5,2,0,0,3,2000,0,23625 SE 267th Ct,Maple Valley,USA
6/25/2014 0:00,804100,4,2.5,2,0,0,3,3070,0,6908 135th Pl SE,Newcastle,USA
6/25/2014 0:00,594000,3,2.25,2,0,0,3,1060,210,4757 41st Ave NE,Seattle,USA
6/25/2014 0:00,531500,4,2.75,1,0,0,4,3110,0,22426 SE 300th St,Black Diamond,USA
6/25/2014 0:00,1150000,3,2,2,0,0,5,2110,0,2942 222nd Pl SE,Sammamish,USA
6/25/2014 0:00,374500,3,2.25,2,0,0,3,1400,0,8133 NE 158th St,Kenmore,USA
6/25/2014 0:00,450000,4,2.75,1,0,2,3,1330,980,9853 Arrowsmith Ave S,Seattle,USA
6/25/2014 0:00,744500,5,2.5,1,0,0,4,1750,950,428 129th Pl NE,Bellevue,USA
6/25/2014 0:00,913888,5,2.25,2,0,0,4,2370,0,14207 SE 52nd Pl,Bellevue,USA
6/25/2014 0:00,760000,4,2.5,2,0,0,5,2230,530,8107 31st Ave NE,Seattle,USA
6/25/2014 0:00,346500,2,1.75,1,0,0,3,1010,600,5404 Columbia Dr S,Seattle,USA
6/25/2014 0:00,280000,3,1.75,1,0,0,3,1230,0,12410 SE 168th St,Renton,USA
6/25/2014 0:00,557500,3,1.75,1,0,0,4,1900,0,3430 166th Ave SE,Bellevue,USA
6/25/2014 0:00,260000,3,1.5,1,0,0,3,1140,440,19307 4th Ave S,Des Moines,USA
6/25/2014 0:00,1330000,3,1.5,1.5,0,2,3,1940,0,1228 9th Ave W,Seattle,USA
6/25/2014 0:00,640000,3,1.75,1,0,0,5,1040,580,8024 Corliss Ave N,Seattle,USA
6/25/2014 0:00,280000,7,2.5,2,0,0,3,1940,0,12307 SE 315th Pl,Auburn,USA
6/25/2014 0:00,205000,3,1,1,0,0,3,1230,0,30640-30650 1st Pl S,Federal Way,USA
6/25/2014 0:00,957000,5,3.25,2,0,2,3,2180,980,3700 W Fulton St,Seattle,USA
6/25/2014 0:00,625000,5,2.5,1,0,0,4,1950,750,13987 SE 2nd St,Bellevue,USA
6/25/2014 0:00,680000,4,1.5,1,0,2,5,1440,440,3973 SW Arroyo Dr,Seattle,USA
6/25/2014 0:00,150000,2,1,1,0,0,3,890,0,13232 5th Ave SW,Burien,USA
6/25/2014 0:00,255950,3,2.5,2,0,0,3,1720,0,11518 SE 221st Pl,Kent,USA
6/25/2014 0:00,246500,3,2.5,2,0,0,3,1620,0,21635 SE 268th St,Maple Valley,USA
6/25/2014 0:00,450000,2,1,1,0,0,4,880,500,9024 5th Ave NE,Seattle,USA
6/25/2014 0:00,595888,3,1.75,1,0,0,5,1870,0,12521 3rd Ave NW,Seattle,USA
6/25/2014 0:00,454000,3,1,1,0,0,4,1970,0,8527 374th Pl SE,Snoqualmie,USA
6/25/2014 0:00,299900,3,1,1,0,0,3,1110,0,18021 24th Ave NE,Shoreline,USA
6/25/2014 0:00,200000,3,2,1,0,0,3,1190,0,31519 121st Pl SE,Auburn,USA
6/25/2014 0:00,346500,3,1,1,0,0,4,1150,0,4533 21st Ave SW,Seattle,USA
6/25/2014 0:00,585000,4,2.75,1,0,0,3,1560,1330,11826 NE 145th St,Kirkland,USA
6/25/2014 0:00,383000,3,1.75,1,0,0,3,1500,0,19121 NE 173rd St,Woodinville,USA
6/25/2014 0:00,519000,4,2.5,1.5,0,0,4,1250,700,1124 NW 56th St,Seattle,USA
6/25/2014 0:00,410000,3,1.5,1,0,0,5,1250,0,7202 121st Pl SE,Newcastle,USA
6/25/2014 0:00,578000,4,2.5,2,0,0,3,2070,0,25024 SE 41st Dr,Issaquah,USA
6/25/2014 0:00,1280000,4,3.5,2,0,2,3,4660,0,17069 SE 65th Pl,Bellevue,USA
6/25/2014 0:00,395000,2,2.25,2,0,0,3,1050,300,4313 SW Willow St,Seattle,USA
6/25/2014 0:00,364000,3,2.5,2,0,0,3,1800,0,3011 SW Bataan St,Seattle,USA
6/25/2014 0:00,240000,3,2.25,2,0,0,3,1481,0,42 43rd Ct NE,Auburn,USA
6/25/2014 0:00,328423,3,2.5,2,0,0,3,1730,0,11341-11399 4th Pl SW,Seattle,USA
6/25/2014 0:00,594000,4,2.75,2,0,0,3,2720,0,8827 NE 148th Pl,Kenmore,USA
6/25/2014 0:00,425000,3,2.5,3,0,0,3,2320,0,10134 Holman Rd NW,Seattle,USA
6/25/2014 0:00,309620,3,2.5,2,0,0,3,1860,0,1 View Ln NE,Duvall,USA
6/25/2014 0:00,260000,5,2.5,2,0,0,3,2025,0,122 Greenlake Pl,Pacific,USA
6/25/2014 0:00,563500,3,2.5,3.5,0,0,3,1400,0,3637 Phinney Ave N,Seattle,USA
6/25/2014 0:00,975000,5,3,2,0,0,3,2620,0,3655 NE 73rd St,Seattle,USA
6/26/2014 0:00,937000,3,1.75,2,0,0,3,1750,700,206 W Boston St,Seattle,USA
6/26/2014 0:00,518500,3,3.5,3,0,0,3,1590,0,769 N 74th St,Seattle,USA
6/26/2014 0:00,563500,4,1.75,1,0,0,3,1610,475,3707 295th Ave SE,Fall City,USA
6/26/2014 0:00,1050000,4,3.5,2,0,0,3,3450,0,4564 162nd Ln SE,Bellevue,USA
6/26/2014 0:00,350000,3,2.25,2,0,0,4,1780,0,15617 160th Ct SE,Renton,USA
6/26/2014 0:00,826000,4,2.5,2,0,0,3,3060,0,2401 NE Daphne St,Issaquah,USA
6/26/2014 0:00,225000,3,2,1,0,0,5,970,730,238 SW 132nd St,Burien,USA
6/26/2014 0:00,235867,4,2,1,0,0,4,1330,0,2109 NE 8th St,Renton,USA
6/26/2014 0:00,399000,4,3,2,0,0,3,3060,0,16126 SE 249th Pl,Covington,USA
6/26/2014 0:00,177500,3,1.5,1,0,0,3,1220,0,472-598 Lind Ave NW,Renton,USA
6/26/2014 0:00,224000,4,1.5,1,0,0,4,1600,0,214-220 N St NE,Auburn,USA
6/26/2014 0:00,302000,4,1.75,1.5,0,0,3,1530,0,16411 139th Pl SE,Renton,USA
6/26/2014 0:00,760000,3,2.5,1,0,0,5,1980,0,4201-4213 Island Crest Way,Mercer Island,USA
6/26/2014 0:00,460000,3,2.5,1,0,0,3,1210,520,9037 NE 132nd Pl,Kirkland,USA
6/26/2014 0:00,415000,3,1,1,0,0,3,1170,0,3510 NE 115th St,Seattle,USA
6/26/2014 0:00,669000,2,1.75,1,0,3,4,1160,790,3533 SW 171st St,Burien,USA
6/26/2014 0:00,254600,3,2,1,0,0,4,1470,0,19627 SE Auburn-Black Diamond Rd,Auburn,USA
6/26/2014 0:00,357250,3,1.5,1,0,0,4,1400,0,1721 NE 136th St,Seattle,USA
6/26/2014 0:00,910000,4,3.5,2,0,0,3,4040,0,13417 218th Ave NE,Woodinville,USA
6/26/2014 0:00,725000,6,3,1.5,0,0,5,1810,1300,812 N 47th St,Seattle,USA
6/26/2014 0:00,670000,3,1.5,1.5,0,0,4,1490,0,933 32nd Ave,Seattle,USA
6/26/2014 0:00,440000,4,1.5,2,0,0,3,1770,0,4527 48th Ave SW,Seattle,USA
6/26/2014 0:00,1025000,4,3.5,1,0,2,4,2040,1280,8434 W Mercer Way,Mercer Island,USA
6/26/2014 0:00,320000,2,1,1,0,2,3,950,0,3743 Belvidere Ave SW,Seattle,USA
6/26/2014 0:00,310000,4,2.5,2,0,0,3,2430,0,16218 163rd Pl SE,Covington,USA
6/26/2014 0:00,772650,4,2.5,1,0,0,3,2660,0,12345 SE 23rd Pl,Bellevue,USA
6/26/2014 0:00,669950,4,2.5,2,0,0,3,2670,0,2522 227th Pl NE,Sammamish,USA
6/26/2014 0:00,690000,5,3.5,2,0,0,3,1860,860,8921 42nd Ave NE,Seattle,USA
6/26/2014 0:00,385000,4,2.5,1,0,0,5,1610,1590,23310 118th Pl SE,Kent,USA
6/26/2014 0:00,663000,3,2.5,1.5,1,3,4,2480,0,7030 SW Maury Park Rd,Vashon,USA
6/26/2014 0:00,300000,3,2.25,1,0,0,3,1780,0,14229 SE 165th Pl,Renton,USA
6/26/2014 0:00,225500,2,1.75,1,0,0,4,1590,0,936 Pike Pl NE,Auburn,USA
6/26/2014 0:00,320000,3,2,1.5,0,0,3,1550,0,48115 SE Mt Si Rd,North Bend,USA
6/26/2014 0:00,775000,3,2.75,1,0,0,4,1920,930,4904 145th Ave SE,Bellevue,USA
6/26/2014 0:00,805000,3,2.75,1.5,0,2,5,1600,1000,5710 SW Admiral Way,Seattle,USA
6/26/2014 0:00,252750,4,1,1.5,0,0,3,1230,0,650 SW 137th St,Burien,USA
6/26/2014 0:00,254000,5,2,1,0,0,5,1740,340,28830 34th Ave S,Auburn,USA
6/26/2014 0:00,620000,6,3.5,2,0,0,3,2740,860,6731 Silent Creek Ave SE,Snoqualmie,USA
6/26/2014 0:00,435000,4,2.75,1,0,0,3,1510,600,18447-18509 94th Ave NE,Bothell,USA
6/26/2014 0:00,460000,4,2.5,1,0,0,4,1300,1250,19259-19499 40th Pl NE,Lake Forest Park,USA
6/26/2014 0:00,268000,3,2.5,2,0,0,3,1650,0,11813 SE 219th Pl,Kent,USA
6/26/2014 0:00,446000,2,1.5,2,0,0,3,1080,290,207 20th Ave,Seattle,USA
6/26/2014 0:00,285000,2,1,1,0,0,3,1010,0,18716 35th Ave NE,Lake Forest Park,USA
6/26/2014 0:00,530000,3,2,2.5,0,0,3,2330,0,13607 SE 10th St,Bellevue,USA
6/26/2014 0:00,402000,2,1,1,0,0,5,620,0,5001-5099 11th Ave NW,Seattle,USA
6/26/2014 0:00,358000,3,1.5,1,0,0,4,2450,0,7670 10th Ave NW,Snoqualmie,USA
6/26/2014 0:00,354950,4,2.75,1,0,0,5,1280,1250,32148-32298 33rd Ave SW,Federal Way,USA
6/26/2014 0:00,405000,4,2.5,2,0,0,3,2220,0,4839 NE 5th St,Renton,USA
6/26/2014 0:00,568000,4,1.75,1,0,0,4,2110,0,5519 236th Ave NE,Redmond,USA
6/26/2014 0:00,575000,5,3,1,0,2,3,2690,1000,23444 10th Ave S,Des Moines,USA
6/26/2014 0:00,315000,4,2.5,1,0,0,4,1140,800,20825 135th Ave SE,Kent,USA
6/26/2014 0:00,280927,4,2.25,2,0,0,4,2070,0,26732 Carnaby Way,Kent,USA
6/26/2014 0:00,440000,4,2.5,1,0,0,4,1390,770,20111 47th Ave NE,Lake Forest Park,USA
6/26/2014 0:00,270000,4,2.25,1,0,0,3,1600,1000,7703 S 128th St,Seattle,USA
6/26/2014 0:00,755000,4,2.75,1.5,0,0,3,2100,780,2101 31st Ave S,Seattle,USA
6/26/2014 0:00,289659,4,2.25,2,0,0,4,2260,0,21114-21120 119th Ave SE,Kent,USA
6/26/2014 0:00,555000,5,3,2,0,0,3,3640,0,24709 SE 278th St,Maple Valley,USA
6/26/2014 0:00,450000,3,1.5,1,0,0,3,1530,0,3210 NE 163rd St,Lake Forest Park,USA
6/26/2014 0:00,1145000,3,2.5,2,0,0,5,1670,820,2407 4th Ave N,Seattle,USA
6/26/2014 0:00,495000,3,1.75,1,0,0,3,1440,0,22913 NE 20th Pl,Sammamish,USA
6/26/2014 0:00,1250000,3,3,2.5,0,3,4,3060,700,5118 SW Waite St,Seattle,USA
6/26/2014 0:00,580000,4,1.75,1,0,0,3,1420,300,4528 165th Ave NE,Redmond,USA
6/26/2014 0:00,560000,4,2.5,1,0,0,5,1510,970,18500-18560 58th Ave NE,Kenmore,USA
6/26/2014 0:00,1080000,4,3.5,2,0,0,3,3990,0,16141 SE 45th Pl,Bellevue,USA
6/26/2014 0:00,450000,2,1.75,1,0,0,3,700,140,5516 2nd Ave NW,Seattle,USA
6/26/2014 0:00,815000,3,2,1,0,0,4,2270,0,6600 mango St,Mercer Island,USA
6/26/2014 0:00,354000,4,2.5,2,0,0,3,2580,0,10125 SE 220th Pl,Kent,USA
6/26/2014 0:00,279900,3,1.75,1,0,0,3,1580,0,2401 S 359th St,Federal Way,USA
6/26/2014 0:00,339000,2,1,1,0,0,4,950,0,2016 S Pearl St,Seattle,USA
6/26/2014 0:00,1340000,4,3.5,2,0,3,3,2160,1030,1120 33rd Ave S,Seattle,USA
6/26/2014 0:00,710000,3,3.25,2.5,0,0,3,3100,640,16469 Marine View Dr SW,Burien,USA
6/26/2014 0:00,815000,4,2.75,1,0,2,4,1310,1310,3311 NW 75th St,Seattle,USA
6/26/2014 0:00,800000,3,1.75,1,0,0,3,2080,0,11406 NE 112th St,Kirkland,USA
6/26/2014 0:00,638000,3,2,1,0,0,5,970,690,6318 SW Marguerite Ct,Seattle,USA
6/26/2014 0:00,475580,3,1.75,1,0,0,3,1520,0,20331 NE 40th Ct,Sammamish,USA
6/26/2014 0:00,243800,3,1,1,0,0,4,1140,0,27529 SE High Point Way,Issaquah,USA
6/26/2014 0:00,600000,3,2.5,2,0,0,3,2910,330,35019 SE Curtis Dr,Snoqualmie,USA
6/26/2014 0:00,620000,3,2,1,0,0,4,2460,0,23857 SE 98th Pl,Issaquah,USA
6/26/2014 0:00,750000,4,2.75,1.5,0,0,3,1750,0,1447 21st Ave,Seattle,USA
6/26/2014 0:00,626000,3,1.75,2,0,0,4,1760,670,6723 12th Ave NW,Seattle,USA
6/26/2014 0:00,230000,3,1,1,0,0,4,1060,0,17736 41st Ave S,SeaTac,USA
6/26/2014 0:00,537000,3,3,2,0,2,3,2410,0,3715 NE 153rd St,Lake Forest Park,USA
6/26/2014 0:00,210000,2,1,1,0,0,3,720,0,15252 20th Ave SW,Burien,USA
6/26/2014 0:00,200500,3,1.75,1,0,0,4,1260,0,11612 SE 258th St,Kent,USA
6/26/2014 0:00,253500,3,1,1,0,0,4,1090,550,2628 S 309th St,Federal Way,USA
6/26/2014 0:00,150000,3,1,1,0,0,3,960,350,34025 39th Ave S,Auburn,USA
6/26/2014 0:00,440000,3,1.5,1,0,0,4,1220,900,4231 Powell Pl S,Seattle,USA
6/26/2014 0:00,667000,3,1.75,1.5,0,3,4,2260,1060,40201 292nd Ave SE,Enumclaw,USA
6/26/2014 0:00,660000,3,1,1,0,1,3,1210,0,12016 SE 42nd St,Bellevue,USA
6/26/2014 0:00,695000,3,2.75,2,0,0,3,2590,0,5633 165th Pl SE,Bellevue,USA
6/26/2014 0:00,440000,4,2.5,2,0,0,3,2250,0,5120 NE 23rd St,Renton,USA
6/26/2014 0:00,1388000,4,3,1,0,0,3,2020,2020,3418 96th Ave NE,Clyde Hill,USA
6/26/2014 0:00,219500,3,1,1.5,0,0,5,1090,0,116 J St SE,Auburn,USA
6/26/2014 0:00,220000,3,1.5,2,0,0,3,1660,0,38205 45th Ave S,Auburn,USA
6/26/2014 0:00,270000,2,1,1,0,3,4,1780,0,36816 55th Ave S,Auburn,USA
6/26/2014 0:00,900000,4,3.5,2,0,2,3,2470,900,3460 38th Ave SW,Seattle,USA
6/26/2014 0:00,1990000,5,3,2.5,0,0,5,3420,1060,923 14th Ave E,Seattle,USA
6/26/2014 0:00,800000,4,2.5,2,0,0,3,2990,0,19745 NE 127th Pl,Woodinville,USA
6/26/2014 0:00,365000,5,2,1.5,0,0,3,2280,0,14937 20th Ave SW,Burien,USA
6/26/2014 0:00,1387800,3,3,2,0,3,3,1730,750,2855 36th Ave W,Seattle,USA
6/26/2014 0:00,451000,5,2.75,1.5,0,0,3,2830,0,12112 NE 143rd Pl,Kirkland,USA
6/26/2014 0:00,202000,2,1,1,0,0,4,920,0,12120-12198 24th Ave S,Burien,USA
6/26/2014 0:00,1410000,4,2.25,2,0,0,3,3250,0,2520 Medina Cir,Medina,USA
6/26/2014 0:00,471000,2,1.75,1,0,0,5,1240,0,6528 37th Ave SW,Seattle,USA
6/26/2014 0:00,827000,4,2.5,1,0,0,3,1870,1360,4613 146th Pl SE,Bellevue,USA
6/26/2014 0:00,235000,5,2.5,1,0,0,3,1300,1200,1630 S 231st Pl,Des Moines,USA
6/26/2014 0:00,216500,2,1.75,1,0,0,4,1390,0,24801-24805 11th Ave S,Des Moines,USA
6/26/2014 0:00,359000,5,1.75,1.5,0,0,4,1940,0,15212 20th Ave SW,Burien,USA
6/26/2014 0:00,252500,3,2,1,0,0,3,1900,0,1209 SW 347th Pl,Federal Way,USA
6/26/2014 0:00,370000,3,1.5,1,0,0,4,1850,530,6340 NE 196th St,Kenmore,USA
6/26/2014 0:00,663000,3,2,1,0,0,5,860,620,7028 20th Ave NW,Seattle,USA
6/26/2014 0:00,971971,4,3.75,2,0,0,3,3460,0,14626 Renton Issaquah Rd SE,Renton,USA
6/26/2014 0:00,420000,3,1.75,1.5,0,0,3,1444,0,21700-21712 119th Ave SW,Vashon,USA
6/26/2014 0:00,330675,4,3,1,0,0,3,1200,730,26418 NE Anderson St,Duvall,USA
6/26/2014 0:00,240000,4,1,1.5,0,0,3,1200,0,10720 Stone Ave N,Seattle,USA
6/26/2014 0:00,334888,3,2.5,2,0,0,3,1769,0,11515 SE 302nd Ct,Auburn,USA
6/26/2014 0:00,414000,3,2.5,2.5,0,0,3,2490,0,4724 NE 14th St,Renton,USA
6/26/2014 0:00,782900,4,3.25,2,0,0,3,2300,760,2354 NW Harmony Way,Issaquah,USA
6/26/2014 0:00,525000,4,2.75,2,0,0,3,3030,0,4924 SE 2nd Pl,Renton,USA
6/26/2014 0:00,429900,3,2.5,2,0,0,3,2370,0,14522 271st Ct NE,Duvall,USA
6/26/2014 0:00,390000,3,3.25,2,0,0,3,1100,270,4438 44th Ave SW,Seattle,USA
6/26/2014 0:00,224000,3,1.75,1,0,0,3,1500,0,32428-32598 5th Ave,Black Diamond,USA
6/27/2014 0:00,257500,3,2.25,2,0,0,3,1715,0,533 S 330th Pl,Federal Way,USA
6/27/2014 0:00,665000,2,1,1,0,0,3,1110,0,1604 1st Ave W,Seattle,USA
6/27/2014 0:00,327000,5,2.75,2,0,0,3,2400,0,5020 Quincy Ave SE,Auburn,USA
6/27/2014 0:00,425000,3,1,1.5,0,3,5,1520,0,10500 185th Ave SE,Renton,USA
6/27/2014 0:00,687500,4,2.75,2,0,0,3,3190,0,2632 232nd Pl SE,Sammamish,USA
6/27/2014 0:00,672500,3,2.25,1.5,0,0,4,1250,1150,8022 22nd Ave NW,Seattle,USA
6/27/2014 0:00,140000,3,1,1,0,0,3,1060,0,25826 19th Ave S,Des Moines,USA
6/27/2014 0:00,215500,2,1.75,1,0,0,3,1220,0,35301-35323 56th Ave S,Auburn,USA
6/27/2014 0:00,464900,4,2.25,1,0,0,4,1380,640,14008 81st Ave NE,Kirkland,USA
6/27/2014 0:00,417000,4,2.25,1,0,0,3,1380,920,535 NE 117th St,Seattle,USA
6/27/2014 0:00,453000,4,2.75,1,0,3,5,1550,750,7707 SW 259th St,Vashon,USA
6/27/2014 0:00,700000,3,2.5,2,0,2,3,1400,260,813 2nd Ave N,Seattle,USA
6/27/2014 0:00,1619999,4,3,1,0,4,5,2520,1380,4720 Somerset Ave SE,Bellevue,USA
6/27/2014 0:00,259500,3,1.75,1,0,0,3,1650,0,4104 S 179th St,SeaTac,USA
6/27/2014 0:00,460000,4,2.5,1,0,0,4,1290,820,24434 SE Mirrormont Blvd,Issaquah,USA
6/27/2014 0:00,561500,3,1.75,1,0,0,4,980,980,1035 NE 95th St,Seattle,USA
6/27/2014 0:00,641000,4,2.5,2,0,0,3,2770,0,6338 284th Way NE,Carnation,USA
6/27/2014 0:00,330000,4,1.75,1,0,0,3,1610,830,3716 S 253rd Pl,Kent,USA
6/27/2014 0:00,447000,2,1,1,0,0,3,1320,0,10356 Dibble Ave NW,Seattle,USA
6/27/2014 0:00,320000,4,2.5,2,0,0,3,2570,0,27102 227th Pl SE,Maple Valley,USA
6/27/2014 0:00,212700,2,1,1,0,0,3,940,0,7157 32nd Ave SW,Seattle,USA
6/27/2014 0:00,260000,2,1,1,0,0,3,700,0,1518 25th Ave,Seattle,USA
6/27/2014 0:00,410000,3,2,2,0,0,4,1400,0,26907 94th Ave SW,Vashon,USA
6/27/2014 0:00,355000,4,2.5,2,0,0,3,1890,0,24920-24925 235th Way SE,Maple Valley,USA
6/27/2014 0:00,275500,2,1,1,0,0,5,720,0,18529 Ashworth Ave N,Shoreline,USA
6/27/2014 0:00,415000,3,1.75,1,0,0,4,1860,550,17051 151st Ave SE,Renton,USA
6/27/2014 0:00,279000,3,2.5,1,0,0,3,1320,310,20101 137th Ave SE,Kent,USA
6/27/2014 0:00,350000,5,1.75,1,0,0,4,1180,1150,13826 SE 141st St,Renton,USA
6/27/2014 0:00,355000,2,2.25,2,0,0,3,1330,0,19228 73rd Ave NE,Kenmore,USA
6/27/2014 0:00,750000,4,2.25,2,0,0,3,2300,890,2513 225th Pl NE,Sammamish,USA
6/27/2014 0:00,235000,3,1.75,1,0,0,3,1400,0,1783 Loraine St,Enumclaw,USA
6/27/2014 0:00,209950,3,1,1,0,0,4,970,0,33235 26th Ave SW,Federal Way,USA
6/27/2014 0:00,230000,3,1.75,1,0,0,5,1010,0,18827 SE 244th Pl,Covington,USA
6/27/2014 0:00,725000,3,2.5,1.5,0,0,3,3580,0,23115 SE 222nd St,Maple Valley,USA
6/27/2014 0:00,430000,2,1,1,0,0,5,850,200,6520-6588 8th Ave NW,Seattle,USA
6/27/2014 0:00,661500,5,2.5,1,0,0,4,1490,1010,16426 NE 107th Pl,Redmond,USA
6/27/2014 0:00,738000,3,3,2,0,0,3,2630,0,10342 155th Ave NE,Redmond,USA
6/27/2014 0:00,1820000,4,4.5,2,0,0,3,6640,0,21909 NE 141st St,Woodinville,USA
6/27/2014 0:00,221000,3,1,1,0,0,3,910,0,636 S 188th St,Seattle,USA
6/27/2014 0:00,665000,3,2.5,2,0,0,3,2610,0,15325 179th Ave NE,Woodinville,USA
6/27/2014 0:00,255000,3,2.5,2,0,0,3,1720,0,5130 Francis Ct SE,Auburn,USA
6/27/2014 0:00,1195000,5,2.75,2,0,0,5,2750,900,5912 83rd Pl SE,Mercer Island,USA
6/27/2014 0:00,355000,3,1.75,1,0,0,4,2040,0,15125 SE 278th Pl,Kent,USA
6/27/2014 0:00,755000,5,2.5,1.5,0,1,4,2310,950,5121 NE 180th St,Lake Forest Park,USA
6/27/2014 0:00,300000,3,1.5,1,0,0,3,1590,0,6615 NE 154th St,Kenmore,USA
6/27/2014 0:00,500000,4,1,1.5,0,0,3,1440,0,3006 NW 60th St,Seattle,USA
6/27/2014 0:00,191000,2,1,1,0,0,5,900,0,8523 Dallas Ave S,Seattle,USA
6/27/2014 0:00,315000,6,4,2,0,2,4,2090,1030,7945 14th Ave SW,Seattle,USA
6/27/2014 0:00,415000,3,2.5,2,0,0,3,1060,0,2922 NW 85th St,Seattle,USA
6/27/2014 0:00,394000,4,2.5,2,0,0,3,3000,0,26309 235th Ave SE,Maple Valley,USA
6/27/2014 0:00,490000,3,2.5,2,0,0,3,2230,0,7325 Heather Ave SE,Snoqualmie,USA
6/27/2014 0:00,523460,5,1.75,1.5,0,0,3,1090,800,1126 NW 58th St,Seattle,USA
6/27/2014 0:00,550000,4,3.5,2,0,0,3,4150,0,11824 SE 290th Pl,Auburn,USA
6/27/2014 0:00,342000,3,1.75,1,0,0,3,1280,500,15634 129th Pl SE,Renton,USA
6/27/2014 0:00,560000,4,2.5,2,0,0,3,2710,0,612 Orcas Ave NE,Renton,USA
6/27/2014 0:00,1050000,4,4.25,2,0,3,3,3320,1070,5160 235th Pl SE,Issaquah,USA
6/27/2014 0:00,710000,2,1.5,1.5,0,0,5,1540,100,4532 Latona Ave NE,Seattle,USA
6/27/2014 0:00,1020000,3,2.25,1.5,0,3,3,1670,0,715 W Howe St,Seattle,USA
6/27/2014 0:00,399950,3,2.5,2,0,0,3,2570,0,9531 S 204th Pl,Kent,USA
6/27/2014 0:00,480000,2,1,1,0,0,3,1500,0,4422 Woodlawn Ave N,Seattle,USA
6/27/2014 0:00,410000,3,1,2,0,3,4,2710,0,17449 Sylvester Rd SW,Burien,USA
6/27/2014 0:00,530000,4,1.75,1,0,0,3,1710,1150,18926 NE 183rd St,Woodinville,USA
6/27/2014 0:00,528000,2,0.75,1,1,4,4,840,0,8907 SW Quartermaster Dr,Vashon,USA
6/27/2014 0:00,469900,4,2.5,2,0,0,4,2990,0,18626 136th Pl SE,Renton,USA
6/27/2014 0:00,397000,5,1,1,0,0,4,800,370,14327 24th Ave NE,Seattle,USA
6/27/2014 0:00,718500,3,1.5,1,0,0,3,1030,170,326 36th Ave E,Seattle,USA
6/27/2014 0:00,195000,2,1,1,0,0,3,1020,0,11819 1st Avenue South,Seattle,USA
6/27/2014 0:00,285000,2,1,1,0,0,4,910,0,15322 26th Ave NE,Shoreline,USA
6/27/2014 0:00,295000,1,1,1,0,0,4,700,0,4108 25th Ave SW,Seattle,USA
6/27/2014 0:00,602000,4,1.75,1,0,0,4,1880,540,23607 NE 72nd St,Redmond,USA
6/27/2014 0:00,235000,3,1.75,1,0,0,3,1950,0,18201-18223 114th Ave SE,Renton,USA
6/27/2014 0:00,465000,4,2.5,2,0,0,3,3060,0,21212 SE 260th St,Maple Valley,USA
6/27/2014 0:00,234000,4,1,1,0,0,3,1390,0,3915 S 238th St,Kent,USA
6/27/2014 0:00,504200,2,1.5,3,0,0,3,1200,0,3467 Meridian Ave N,Seattle,USA
6/27/2014 0:00,710000,3,2.5,2,0,0,3,2440,0,6625 188th Pl NE,Redmond,USA
6/27/2014 0:00,589500,3,3.25,2,0,0,3,1730,580,4405 40th Ave SW,Seattle,USA
6/27/2014 0:00,415000,3,2.75,1.5,0,0,3,2600,0,69506 NE Money Creek Rd,Skykomish,USA
6/27/2014 0:00,735000,3,2.25,2,0,0,3,1040,450,425 15th Ave E,Seattle,USA
6/27/2014 0:00,427000,3,2.5,2,0,2,3,2432,0,28461 54th Ave S,Federal Way,USA
6/27/2014 0:00,982000,4,2.75,2,0,0,3,3610,0,12440 NE 73rd St,Kirkland,USA
6/27/2014 0:00,459000,4,3,2,0,0,3,2530,0,111 S 192nd St,Burien,USA
6/27/2014 0:00,483453,4,2.75,2,0,0,3,2790,0,897 SE 11th St,North Bend,USA
6/27/2014 0:00,246950,3,3,1,0,0,3,1670,0,495 Petersen Dr E,Enumclaw,USA
6/27/2014 0:00,235000,1,1.5,2,0,0,3,1070,100,3003 SW Cycle Ct,Seattle,USA
6/27/2014 0:00,288790,4,2,3,0,0,3,1350,0,916 4th Ave NE,Issaquah,USA
6/27/2014 0:00,229800,2,1.75,2,0,0,3,1110,0,4217 Renton Ave S,Seattle,USA
6/27/2014 0:00,516500,1,1.25,3,0,0,3,1100,0,416 19th Ave E,Seattle,USA
6/28/2014 0:00,1600000,3,4.25,2,0,0,4,2460,360,3221 E Morley Way,Seattle,USA
6/28/2014 0:00,234000,3,1,1,0,0,3,1040,0,26720 NE Stewart St,Duvall,USA
6/28/2014 0:00,230000,2,1.75,2,0,0,3,1910,0,213th Ave SE,Maple Valley,USA
6/28/2014 0:00,300000,4,1,1,0,0,3,1370,0,14709 26th Ave NE,Shoreline,USA
6/28/2014 0:00,470000,3,1.5,1.5,0,0,4,1140,360,6737-6741 13th Ave NW,Seattle,USA
6/28/2014 0:00,339900,3,1,1,0,0,5,1200,0,8860 122nd Ct SE,Newcastle,USA
6/28/2014 0:00,650000,2,1,1,0,0,3,880,170,1723 27th Ave,Seattle,USA
6/28/2014 0:00,585000,5,2.5,1.5,0,0,4,1620,1050,2500 NE 100th St,Seattle,USA
6/28/2014 0:00,699900,4,2.5,1,0,0,4,1430,760,4421 145th Ave SE,Bellevue,USA
6/28/2014 0:00,598000,4,2.5,2,0,0,3,3130,0,46300 SE 137th St,North Bend,USA
6/28/2014 0:00,475000,3,2.5,1,0,0,3,1160,540,7318 36th Ave SW,Seattle,USA
6/28/2014 0:00,314500,3,1.75,1,0,0,3,1200,500,26522 214th Ave SE,Maple Valley,USA
6/29/2014 0:00,397000,3,3.5,2,0,0,3,1240,120,1337 14th Ave S,Seattle,USA
6/29/2014 0:00,345000,3,2,1,0,0,4,1610,0,31907 NE 102nd Pl,Carnation,USA
6/29/2014 0:00,325000,5,2.75,1,0,0,3,1300,830,4443 S Camano Pl,Seattle,USA
6/29/2014 0:00,265000,3,1,1,0,0,5,1800,0,600 Jefferson Ave NE,Renton,USA
6/29/2014 0:00,402000,4,2.75,1,0,0,4,2120,830,24204-24298 142nd Ave SE,Kent,USA
6/29/2014 0:00,835000,3,2.25,2,0,0,4,2120,0,4204 134th Ave NE,Bellevue,USA
6/30/2014 0:00,780000,4,2.5,2,0,0,3,3500,0,8906-8914 236th Ave NE,Redmond,USA
6/30/2014 0:00,250000,3,2,1,0,0,3,1440,0,25816 13th Pl S,Des Moines,USA
6/30/2014 0:00,1200000,4,2,2,0,0,3,2120,0,420 17th Ave E,Seattle,USA
6/30/2014 0:00,935000,2,2.5,2,0,0,5,1780,0,223 98th Ave NE,Bellevue,USA
6/30/2014 0:00,300000,2,1,1,0,0,3,960,0,2610 NE 145th St,Shoreline,USA
6/30/2014 0:00,419000,2,1.75,1,0,0,3,1510,0,13471 Adair Creek Way NE,Redmond,USA
6/30/2014 0:00,410000,1,1.5,1,0,0,3,1010,0,4611 SW Maple Way,Seattle,USA
6/30/2014 0:00,1165000,3,3,2,0,0,3,2810,980,3809 E Alder St,Seattle,USA
6/30/2014 0:00,461000,3,1.75,2,0,0,4,2400,1200,13017 NE 100th St,Kirkland,USA
6/30/2014 0:00,385000,3,1.75,1,0,0,3,1300,0,13420 121st Ave NE,Kirkland,USA
6/30/2014 0:00,669500,4,2.25,1.5,0,0,4,1520,980,8044 20th Ave NW,Seattle,USA
6/30/2014 0:00,491950,3,2.25,1,0,0,3,1440,650,4401 NE 95th St,Seattle,USA
6/30/2014 0:00,1230000,3,1.75,1.5,0,1,3,2200,0,9329 SE Shoreland Dr,Bellevue,USA
6/30/2014 0:00,560000,3,2.25,1.5,0,0,3,2070,0,5121 NE 187th St,Lake Forest Park,USA
6/30/2014 0:00,370000,3,1,1,0,0,3,1320,0,14744 31st Ave NE,Shoreline,USA
6/30/2014 0:00,263400,4,2,1,0,0,3,960,400,36656 55th Pl S,Auburn,USA
6/30/2014 0:00,100000,2,1,1,0,0,2,930,0,1038 SW 152nd St,Burien,USA
6/30/2014 0:00,289950,3,2.5,1.5,0,0,5,1760,0,15827 7th Pl S,Burien,USA
6/30/2014 0:00,263000,3,1.75,2,0,0,3,1410,0,22036 SE 268th St,Maple Valley,USA
6/30/2014 0:00,397500,4,2.5,2,0,0,3,2570,0,22200 SE 255th St,Maple Valley,USA
6/30/2014 0:00,245000,3,2.75,1,0,0,3,860,440,11748 SE 264th St,Kent,USA
6/30/2014 0:00,535000,3,1,1,0,0,3,1180,400,2108 W Bertona St,Seattle,USA
6/30/2014 0:00,449000,4,2.5,2,0,0,3,2960,0,22614 SE 270th Pl,Maple Valley,USA
6/30/2014 0:00,490000,4,3,2,0,0,3,1920,410,5294-5296 19th Pl S,Seattle,USA
6/30/2014 0:00,445800,4,2.25,1,0,0,3,1470,600,20143 47th Ave NE,Lake Forest Park,USA
6/30/2014 0:00,345000,2,1,1,0,0,4,970,0,5601 29th Ave SW,Seattle,USA
6/30/2014 0:00,327500,3,2.25,2,0,0,3,2310,0,11103 SE 219th Pl,Kent,USA
6/30/2014 0:00,436500,4,2.5,2,0,0,4,2290,0,133rd Ave SE,Renton,USA
6/30/2014 0:00,550000,3,2.25,1,0,0,4,1220,500,5606 160th Ave NE,Redmond,USA
6/30/2014 0:00,441000,2,1.5,1,0,0,3,990,200,6008 8th Ave NE,Seattle,USA
6/30/2014 0:00,406500,2,1,1,0,0,4,870,0,4437 49th Ave SW,Seattle,USA
6/30/2014 0:00,243000,2,1.5,2,0,0,3,1068,0,7231 NE 171st Ln,Kenmore,USA
6/30/2014 0:00,359500,4,2.75,2,0,0,3,2140,0,27721 48th Ave S,Auburn,USA
6/30/2014 0:00,760000,4,2.5,2,0,0,3,3300,0,19014 233rd Ave NE,Woodinville,USA
6/30/2014 0:00,1925000,5,4.25,2.5,0,2,4,3710,1120,2653 Cascadia Ave S,Seattle,USA
6/30/2014 0:00,408000,5,3.25,1.5,0,0,3,2320,500,7403 48th Ave S,Seattle,USA
6/30/2014 0:00,480000,4,3,2,0,0,3,1890,550,18713 66th Ave NE,Kenmore,USA
6/30/2014 0:00,875000,4,1.5,1.5,0,0,4,1800,0,2304 N 44th St,Seattle,USA
6/30/2014 0:00,308000,3,1,1,0,0,4,1010,0,5968 44th Ave S,Seattle,USA
6/30/2014 0:00,880000,4,2.75,1.5,0,0,4,2320,900,5720 Princeton Ave NE,Seattle,USA
6/30/2014 0:00,1730000,5,3.5,2,0,3,3,3410,1590,4419 Ferncroft Rd,Mercer Island,USA
6/30/2014 0:00,170000,2,1,2,0,0,2,1200,0,3009 W Ames Lake Dr NE,Redmond,USA
6/30/2014 0:00,491500,3,2.25,2,0,0,3,1470,0,4327 242nd Pl SE,Issaquah,USA
6/30/2014 0:00,515000,3,2.5,2,0,0,3,2600,0,14811 89th Pl NE,Kenmore,USA
6/30/2014 0:00,550000,4,1.5,1,0,0,2,1500,1250,18647 108th Ave SE,Renton,USA
6/30/2014 0:00,255000,2,1,1,0,0,3,940,380,3822 Martin Luther King Jr Way S,Seattle,USA
6/30/2014 0:00,635000,3,2.5,2,0,0,3,2550,800,10068 NE 142nd Pl,Kirkland,USA
6/30/2014 0:00,850000,3,2.5,2,0,0,3,1830,820,408 W Lee St,Seattle,USA
6/30/2014 0:00,265000,2,2,1,0,0,3,1260,600,11263-11611 Beacon Ave S,Seattle,USA
6/30/2014 0:00,349810,3,1,1,0,0,4,960,0,137 NE 193rd St,Shoreline,USA
6/30/2014 0:00,972000,4,1.75,1,0,2,5,1610,400,2827 43rd Ave W,Seattle,USA
6/30/2014 0:00,235000,2,1,1,0,0,1,900,0,8406 Railroad Ave,Snoqualmie,USA
6/30/2014 0:00,330000,4,2.5,2,0,0,3,2340,0,24200-24498 144th Ave SE,Kent,USA
6/30/2014 0:00,500000,4,3,3,0,0,3,3720,0,10218 147th Ave SE,Renton,USA
6/30/2014 0:00,570000,3,2,1,0,0,3,1470,420,12933 SE 46th Ln,Bellevue,USA
6/30/2014 0:00,1309500,4,2.5,1,1,4,3,1590,1090,18051 Normandy Terrace SW,Normandy Park,USA
6/30/2014 0:00,544000,3,2.5,2,0,0,3,1180,280,6710 Alonzo Ave NW,Seattle,USA
6/30/2014 0:00,439000,3,2.5,1,0,0,3,1810,1370,2813 NE 4th Ct,Renton,USA
6/30/2014 0:00,530000,4,2.25,2,0,0,3,1980,0,20703 NE 42nd Pl,Sammamish,USA
6/30/2014 0:00,427500,2,2,3,0,0,3,1090,0,1700 Dexter Ave N,Seattle,USA
6/30/2014 0:00,337000,4,2.5,2,0,0,4,2230,0,15731 SE 253rd Pl,Covington,USA
6/30/2014 0:00,1095000,4,2.75,2,0,0,4,3330,0,11217 NE 90th St,Kirkland,USA
6/30/2014 0:00,435000,4,2,1,0,0,3,970,910,1101 23rd Ave S,Seattle,USA
6/30/2014 0:00,765000,5,3,1,0,0,3,1950,920,4520 Sunnyside Ave N,Seattle,USA
6/30/2014 0:00,492650,4,1.75,1,0,0,3,1640,480,520 NW 201st Pl,Shoreline,USA
6/30/2014 0:00,383962,4,2.5,2,0,0,3,2700,0,14911 57th Ave S,Tukwila,USA
6/30/2014 0:00,950000,4,2.5,2.5,0,0,3,3670,0,2913 NE Davis Loop,Issaquah,USA
6/30/2014 0:00,457000,3,2.5,2,0,0,3,1010,210,8354 11th Ave NW,Seattle,USA
6/30/2014 0:00,1510000,5,3.25,2,0,0,3,4390,0,8442 SE 36th St,Mercer Island,USA
6/30/2014 0:00,882566,4,2.5,3,0,0,3,3560,0,17122 NE 117th St,Redmond,USA
6/30/2014 0:00,963000,4,3.25,2,0,0,3,3530,0,10815 110th Ave NE,Kirkland,USA
6/30/2014 0:00,345000,4,2.5,2,0,0,3,2280,0,27019 228th Pl SE,Maple Valley,USA
6/30/2014 0:00,2065000,4,3.75,2,0,0,3,4350,0,2000-2098 102nd Ave NE,Bellevue,USA
7/1/2014 0:00,800000,3,3.5,2,0,0,3,3530,300,18810 236th Ave NE,Woodinville,USA
7/1/2014 0:00,314500,3,2,1,0,0,3,2050,0,37128 19th Way S,Federal Way,USA
7/1/2014 0:00,530000,3,2.5,2,0,2,4,3260,400,27699 SE 401st St,Enumclaw,USA
7/1/2014 0:00,650000,4,2.5,2,0,0,3,3350,0,28815 237th Pl SE,Black Diamond,USA
7/1/2014 0:00,349500,3,2,1,0,0,3,1270,0,2709 E Marion St,Seattle,USA
7/1/2014 0:00,1198000,4,3.5,2.5,0,0,3,2790,610,2303 E Valley St,Seattle,USA
7/1/2014 0:00,165050,3,1,1,0,0,3,1200,0,1419 Farrelly St,Enumclaw,USA
7/1/2014 0:00,580000,3,2.5,2,0,2,3,2200,0,1430-1920 W Lake Sammamish Pkwy SE,Bellevue,USA
7/1/2014 0:00,330000,3,2.5,1,0,0,3,1080,600,10843-10857 8th Ave SW,Seattle,USA
7/1/2014 0:00,875000,5,3.5,2,0,0,3,3840,0,21033 SE 5th St,Sammamish,USA
7/1/2014 0:00,500000,2,1,1,0,2,3,850,100,4024 Phinney Ave N,Seattle,USA
7/1/2014 0:00,445000,4,2.5,2,0,0,3,2280,0,19901-19999 SE 290th Pl,Kent,USA
7/1/2014 0:00,274900,4,2.5,2,0,0,3,1970,0,28206 130th Ave SE,Kent,USA
7/1/2014 0:00,219950,3,1.5,1,0,0,4,1620,0,17459 SE 262nd St,Covington,USA
7/1/2014 0:00,691500,4,2.5,2,0,0,3,2600,0,9041 49th Ave NE,Seattle,USA
7/1/2014 0:00,459500,2,1,1,0,0,3,850,400,7031 18th Ave NW,Seattle,USA
7/1/2014 0:00,955500,4,1.75,1.5,0,0,3,2130,0,2572 5th Ave W,Seattle,USA
7/1/2014 0:00,328950,4,1.75,1,0,0,5,1300,1250,19254 121st Pl SE,Kent,USA
7/1/2014 0:00,307000,3,1,1.5,0,0,3,1150,0,227 W 2nd St,North Bend,USA
7/1/2014 0:00,382500,3,1.75,1,0,0,4,1040,0,425-445 Mt Defiance Cir SW,Issaquah,USA
7/1/2014 0:00,1150000,4,2.5,2,0,0,3,3340,0,10640 NE 46th St,Kirkland,USA
7/1/2014 0:00,1297000,6,2.75,2,0,0,5,2510,120,5529 Wallingford Ave N,Seattle,USA
7/1/2014 0:00,478000,3,2.25,2,0,0,3,1640,0,4235 250th Pl SE,Issaquah,USA
7/1/2014 0:00,260000,2,1,1,0,0,4,770,0,834 NE 189th St,Shoreline,USA
7/1/2014 0:00,850000,4,3.25,1,0,0,3,2200,2150,6407 282nd Ave SE,Issaquah,USA
7/1/2014 0:00,616000,4,1.75,1,0,0,3,1700,0,4003 W Emerson St,Seattle,USA
7/1/2014 0:00,540000,3,1.75,1,0,0,3,1400,650,22607 NE 14th Dr,Sammamish,USA
7/1/2014 0:00,300000,3,2.25,2,0,0,3,1660,0,278th Ave NE,Duvall,USA
7/1/2014 0:00,507500,3,1.75,1,0,0,3,1190,800,15311 NE 62nd Ct,Redmond,USA
7/1/2014 0:00,3800000,5,5.5,1,0,2,4,4320,2730,1365 91st Ave NE,Clyde Hill,USA
7/1/2014 0:00,241000,3,2,1,0,0,3,1770,0,30027 58th Pl S,Auburn,USA
7/1/2014 0:00,485000,3,2.25,2,0,0,3,2090,350,3036 E Ames Lake Dr NE,Redmond,USA
7/1/2014 0:00,695000,3,2.5,2,0,0,3,2620,0,23337 NE 138th Way,Woodinville,USA
7/1/2014 0:00,548000,4,2.5,2,0,0,3,2440,0,12219 SE 80th Way,Newcastle,USA
7/1/2014 0:00,345000,2,1,1,0,0,3,1080,0,6439 Marshall Ave SW,Seattle,USA
7/1/2014 0:00,280000,3,1,1,0,0,4,1090,0,1048 Redmond Ave NE,Renton,USA
7/1/2014 0:00,450000,3,1.75,1,0,0,3,1400,0,6217 NE 156th St,Kenmore,USA
7/1/2014 0:00,515000,3,2.5,2,0,0,3,2010,0,8818 NE 150th St,Kenmore,USA
7/1/2014 0:00,1014250,3,1,1.5,0,0,5,1500,140,720 96th Ave NE,Bellevue,USA
7/1/2014 0:00,739900,5,2.5,2,0,0,3,3290,0,3602 212th Pl SE,Sammamish,USA
7/1/2014 0:00,600000,2,2.5,2,0,0,3,2510,0,17221 102nd Ave NE,Bothell,USA
7/1/2014 0:00,370000,2,1,1,0,0,3,860,0,3818 53rd Ave SW,Seattle,USA
7/1/2014 0:00,729032,4,2.5,1,0,0,4,1780,1060,3200 130th Ave NE,Bellevue,USA
7/1/2014 0:00,510000,3,1.75,2,0,0,3,1750,0,30734 229th Pl SE,Black Diamond,USA
7/1/2014 0:00,425000,3,1.5,1,0,0,3,1300,0,14011 NE 71st Pl,Redmond,USA
7/1/2014 0:00,1080000,3,2.75,2,0,1,3,3260,630,5226 S Morgan St,Seattle,USA
7/1/2014 0:00,337000,3,2.25,3,0,0,3,1460,0,11707 Greenwood Ave N,Seattle,USA
7/1/2014 0:00,563000,4,1,1.5,0,0,5,1410,0,621 NW 44th St,Seattle,USA
7/1/2014 0:00,1695000,4,2.75,2,0,2,5,3070,700,3333 S Plum St,Seattle,USA
7/1/2014 0:00,245000,3,2,1.5,0,0,5,1190,0,8301-8399 47th Ave S,Seattle,USA
7/1/2014 0:00,590000,3,2,1,0,0,4,910,500,7264 27th Ave NE,Seattle,USA
7/1/2014 0:00,695000,3,2,1.5,0,0,5,1680,820,922 N 72nd St,Seattle,USA
7/1/2014 0:00,402500,2,1,1,0,0,5,800,0,4235 4th Ave NW,Seattle,USA
7/1/2014 0:00,435000,3,2.5,2,0,0,3,2530,0,28219 NE 149th Pl,Duvall,USA
7/1/2014 0:00,660000,3,2,1,0,0,3,1970,600,15031 NE 144th St,Redmond,USA
7/1/2014 0:00,300000,3,2.75,1,0,0,3,1340,750,36529 2nd Ave SW,Federal Way,USA
7/1/2014 0:00,600000,5,2.25,1,0,0,3,1580,1400,4531 NE 106th St,Seattle,USA
7/1/2014 0:00,205000,3,1.75,1,0,0,3,1170,0,26118 189th Ct SE,Covington,USA
7/1/2014 0:00,357500,3,3.5,2,0,0,3,2080,0,28121 Maple Ridge Way SE,Maple Valley,USA
7/1/2014 0:00,1110000,5,3.25,2,0,0,4,2510,840,4776 34th Ave NE,Seattle,USA
7/1/2014 0:00,332888,2,2.5,2,0,0,3,950,100,101-115 26th Ave,Seattle,USA
7/1/2014 0:00,174000,2,1,1,0,0,3,900,0,102-1/2 5th Ave SW,Pacific,USA
7/1/2014 0:00,515000,2,1,1,0,0,5,1050,0,5609 9th Ave NW,Seattle,USA
7/1/2014 0:00,392000,5,2.25,1.5,0,0,3,2240,1500,22835 16th Ave S,Des Moines,USA
7/1/2014 0:00,485000,4,1.75,2,0,0,3,1430,0,216 20th Ave,Seattle,USA
7/1/2014 0:00,217500,3,1.75,1,0,0,4,1400,0,230 S 317th Pl,Federal Way,USA
7/1/2014 0:00,502000,3,2.25,2,0,0,4,1600,0,17120 166th Pl NE,Woodinville,USA
7/1/2014 0:00,820000,3,2.25,2,0,0,3,2880,0,16614 SE 50th Pl,Bellevue,USA
7/1/2014 0:00,1640000,3,3.25,2,0,3,4,2240,900,471 Wheeler St,Seattle,USA
7/1/2014 0:00,102500,2,1,1,0,0,3,820,0,9852 20th Ave SW,Seattle,USA
7/1/2014 0:00,925000,5,5.5,2,0,2,3,5190,0,6525 Cascade Ave SE,Snoqualmie,USA
7/1/2014 0:00,540000,4,2.5,1,0,0,4,1180,1000,9003 172nd Ave NE,Redmond,USA
7/1/2014 0:00,600000,2,1,1.5,0,0,3,910,0,100 20th Ave E,Seattle,USA
7/1/2014 0:00,406000,4,1,1.5,0,2,4,1580,0,10041 64th Ave S,Seattle,USA
7/1/2014 0:00,620000,4,3,1,0,0,5,1440,690,4002 50th Ave SW,Seattle,USA
7/1/2014 0:00,1060000,4,2.5,2,0,2,3,4570,0,1630 204th Pl NE,Sammamish,USA
7/1/2014 0:00,401000,3,2,1,0,0,3,1000,240,3027 230th Pl NE,Sammamish,USA
7/1/2014 0:00,725000,3,1.75,2,0,2,4,1860,0,3450 S King St,Seattle,USA
7/1/2014 0:00,276000,1,0.75,1,0,0,5,370,0,2508 NW 67th St,Seattle,USA
7/1/2014 0:00,500000,5,3.25,2,0,0,3,2180,950,265 Almak Ct NW,Issaquah,USA
7/1/2014 0:00,375000,3,1.75,1,0,0,4,1800,730,16621 SE 235th St,Kent,USA
7/1/2014 0:00,2300000,4,4.75,2,0,2,4,3390,580,1323 Willard Ave W,Seattle,USA
7/1/2014 0:00,260000,3,2.25,1,0,0,4,1300,620,10904 SE 212th St,Kent,USA
7/1/2014 0:00,1565000,4,2.75,1.5,0,1,4,2130,840,9563 NE 1st St,Bellevue,USA
7/1/2014 0:00,431000,4,2.5,2,0,0,3,2300,0,2309 Aberdeen Ave NE,Renton,USA
7/1/2014 0:00,321000,4,2.5,2,0,0,3,1830,0,27619 245th Ave SE,Maple Valley,USA
7/1/2014 0:00,433000,4,1.5,1,0,0,4,1180,370,4702 S Juneau St,Seattle,USA
7/1/2014 0:00,920000,4,3.5,2,0,0,3,4080,0,8950 237th Pl NE,Redmond,USA
7/1/2014 0:00,482000,3,2.25,2,0,0,3,1710,0,1022 215th Ave NE,Sammamish,USA
7/1/2014 0:00,712000,3,2.5,2,0,0,3,2375,0,6248 189th Pl NE,Redmond,USA
7/1/2014 0:00,505000,4,2.75,1,0,0,4,1100,1100,12241 SE 62nd St,Bellevue,USA
7/1/2014 0:00,2367000,3,2.25,1,1,3,3,1840,1690,7436 E Mercer Way,Mercer Island,USA
7/1/2014 0:00,452000,3,1.75,1,0,0,4,1110,0,5321-5327 156th Dr NE,Redmond,USA
7/1/2014 0:00,581000,4,1,1.5,0,0,3,1630,0,1819-1827 25th Ave,Seattle,USA
7/1/2014 0:00,952500,4,1.5,2,0,0,4,2550,0,1901 25th Ave E,Seattle,USA
7/1/2014 0:00,808000,4,2.25,2,0,0,4,2500,0,14586 NE 58th St,Bellevue,USA
7/1/2014 0:00,476000,4,3,1,0,0,3,1590,1300,6516 43rd Ave NE,Seattle,USA
7/1/2014 0:00,535000,4,1.75,1.5,0,0,4,1420,0,3027 NW 67th St,Seattle,USA
7/1/2014 0:00,1356925,4,3.5,2,0,3,5,3170,1100,3017 42nd Ave W,Seattle,USA
7/1/2014 0:00,629800,3,2.5,2,0,0,3,2220,170,329 NE Eagle Way,Issaquah,USA
7/1/2014 0:00,417838,4,2.5,2,0,0,3,2530,0,27416 208th Ave SE,Maple Valley,USA
7/1/2014 0:00,399895,4,2.5,2,0,0,3,2701,0,5535 Elaine Ave SE,Auburn,USA
7/1/2014 0:00,825000,4,2.75,2,0,0,3,3990,0,9342 221st PI NE,Redmond,USA
7/1/2014 0:00,300000,4,2.5,2,0,0,3,2303,0,13328 SE 308 Ct,Auburn,USA
7/1/2014 0:00,640000,2,2.25,3,0,0,3,1540,0,1816 11th Ave,Seattle,USA
7/1/2014 0:00,460000,3,2.5,2,0,0,3,940,510,1406B NW 64th St,Seattle,USA
7/1/2014 0:00,525000,2,2.5,2,0,0,3,1040,120,2067 Gilman Dr W,Seattle,USA
7/1/2014 0:00,499990,4,2.75,2,0,0,3,2910,0,1141 SE 11th St,North Bend,USA
7/1/2014 0:00,1020000,4,3.5,2,0,0,3,3770,0,104 6th St S,Kirkland,USA
7/2/2014 0:00,675000,5,2.25,1,0,0,3,1450,1450,14301-14399 SE 63rd St,Bellevue,USA
7/2/2014 0:00,512031,3,1.75,1,0,2,3,770,770,6528 3rd Ave NW,Seattle,USA
7/2/2014 0:00,310000,2,1,1,0,0,4,700,0,929 N 77th St,Seattle,USA
7/2/2014 0:00,1075000,3,2.5,1,0,0,3,1680,1600,3842 NE 92nd St,Seattle,USA
7/2/2014 0:00,255000,4,2,1,0,0,3,1430,1000,8019 S 117th St,Seattle,USA
7/2/2014 0:00,435000,3,2.5,2,0,0,3,1900,0,Tolt Pipeline Trail,Bothell,USA
7/2/2014 0:00,453000,3,2,1,0,0,3,1260,400,13417 110th Pl NE,Kirkland,USA
7/2/2014 0:00,260000,4,2,2,0,0,4,1620,0,23109 125th Ave SE,Kent,USA
7/2/2014 0:00,659000,4,2,1,0,0,4,2090,0,3738 86th Ave SE,Mercer Island,USA
7/2/2014 0:00,223000,3,2,1,0,0,4,1110,0,22124 112th Pl SE,Kent,USA
7/2/2014 0:00,851000,5,3.25,2,0,0,3,2550,1210,4412 170th Ave SE,Bellevue,USA
7/2/2014 0:00,605000,3,2.25,1,0,0,4,1530,550,2408 178th Ave NE,Redmond,USA
7/2/2014 0:00,895000,4,2.25,1,0,0,3,1330,620,2220 5th Ave N,Seattle,USA
7/2/2014 0:00,519000,5,2.25,1,0,1,3,1470,1100,1316 SW 172nd St,Normandy Park,USA
7/2/2014 0:00,535000,3,1.75,1,0,0,3,1390,940,14506 NE 184th Pl,Woodinville,USA
7/2/2014 0:00,489000,3,3,2,0,0,3,3700,0,3309 S 194th St,SeaTac,USA
7/2/2014 0:00,250000,3,2.25,1,0,0,3,1520,400,249 S 163rd Pl,Burien,USA
7/2/2014 0:00,580000,3,2.25,1.5,0,0,3,1200,700,1121 27th Ave,Seattle,USA
7/2/2014 0:00,1038000,4,1.75,1,0,0,4,1440,0,10208 NE 26th St,Bellevue,USA
7/2/2014 0:00,605000,4,2.25,1,0,0,5,1520,1420,15611 72nd Ave NE,Kenmore,USA
7/2/2014 0:00,599950,4,3.5,2,0,0,3,1810,690,7928 150th Ct NE,Redmond,USA
7/2/2014 0:00,700000,3,2.5,2,0,0,3,2490,0,23203 NE 78th Way,Redmond,USA
7/2/2014 0:00,480000,3,2,1,0,0,4,1470,0,13341 12th Ave NE,Seattle,USA
7/2/2014 0:00,329950,4,2.5,2,0,0,3,2120,0,23834 SE 248th Pl,Maple Valley,USA
7/2/2014 0:00,250000,3,1.75,1,0,0,3,1200,0,10858 SE 200th St,Kent,USA
7/2/2014 0:00,345000,5,2.5,2,0,0,3,2450,0,11207 SE 272nd Pl,Kent,USA
7/2/2014 0:00,175000,4,2.5,2,0,0,3,1780,0,2401-2499 S 244th St,Des Moines,USA
7/2/2014 0:00,185000,5,1,1.5,0,0,3,1090,500,10626 12th Ave SW,Seattle,USA
7/2/2014 0:00,411000,4,2,2,0,0,4,2370,0,35516 44th Ave S,Auburn,USA
7/2/2014 0:00,690000,3,1.5,2,0,0,3,1760,0,2314 10th Ave E,Seattle,USA
7/2/2014 0:00,265000,4,3,1,0,0,4,1940,0,15022 25th Ave NE,Shoreline,USA
7/2/2014 0:00,720000,4,3,1.5,0,0,4,2180,1370,17325 102nd Ave NE,Bothell,USA
7/2/2014 0:00,256000,4,2.5,2,0,0,3,2050,0,1327 S 277th Pl,Des Moines,USA
7/2/2014 0:00,255000,4,2.25,2,0,0,3,1680,0,11631 SE 308th Pl,Auburn,USA
7/2/2014 0:00,540000,3,2.25,2,0,0,3,1320,0,3404 E Cherry St,Seattle,USA
7/2/2014 0:00,481015,3,2.25,2,0,0,3,1550,0,10600-10650 117th Pl NE,Kirkland,USA
7/2/2014 0:00,575000,3,1.75,1,0,0,5,1590,1090,100 Mt Si Pl NW,Issaquah,USA
7/2/2014 0:00,339950,3,2.5,1,0,0,3,1840,550,27622 195th Ave SE,Kent,USA
7/2/2014 0:00,475000,4,2.5,2,0,0,4,2040,0,15320 Corliss Pl N,Shoreline,USA
7/2/2014 0:00,732000,3,3.75,2.5,0,4,4,2020,650,3741 Belvidere Ave SW,Seattle,USA
7/2/2014 0:00,860000,4,1.75,1.5,0,0,4,1880,0,15 Raye St,Seattle,USA
7/2/2014 0:00,389000,4,1.75,1.5,0,0,4,1500,900,2148 N 115th St,Seattle,USA
7/2/2014 0:00,645000,3,1.75,1,0,0,4,1370,900,10514 14th Ave NW,Seattle,USA
7/2/2014 0:00,475000,4,2.5,2,0,0,5,1850,0,13617 135th Ave NE,Kirkland,USA
7/2/2014 0:00,550000,4,2.75,1,0,0,3,1430,730,9417 25th Ave NE,Seattle,USA
7/2/2014 0:00,305000,2,1,1,0,0,3,1360,800,14717 58th Ave S,Tukwila,USA
7/2/2014 0:00,782000,2,1.5,1.5,0,2,4,1320,250,1922 5th Ave W,Seattle,USA
7/2/2014 0:00,545000,3,2,1.5,0,0,4,1340,0,4714 54th Ave S,Seattle,USA
7/2/2014 0:00,394500,4,2.5,2,0,0,3,3002,0,11619 SE 200th St,Kent,USA
7/2/2014 0:00,600000,5,2,1,0,0,5,1110,1080,14314 NE 72nd St,Redmond,USA
7/2/2014 0:00,1300000,4,1.75,1,0,0,4,2610,0,1509 85th Ave NE,Clyde Hill,USA
7/2/2014 0:00,300000,2,1,1,0,0,3,1010,0,16036 6th Ave NE,Shoreline,USA
7/2/2014 0:00,330000,4,2.5,2,0,0,3,2105,0,27631-27699 145th Pl SE,Kent,USA
7/2/2014 0:00,723000,4,2.25,1.5,0,0,3,1630,800,1503 45th Ave SW,Seattle,USA
7/2/2014 0:00,2271150,4,3.25,1,0,0,4,4040,0,7623 Overlake Dr W,Medina,USA
7/2/2014 0:00,480000,5,2.5,2,0,0,3,2160,0,7001 Autumn Ave SE,Snoqualmie,USA
7/2/2014 0:00,496000,2,1,1,0,0,3,900,0,219 NW 56th St,Seattle,USA
7/2/2014 0:00,625000,3,3,3,0,0,3,1540,280,10 W Etruria St,Seattle,USA
7/2/2014 0:00,475000,4,2,1,0,0,5,1050,1050,11719 33rd Pl NE,Seattle,USA
7/2/2014 0:00,275250,3,2.25,2,0,0,4,1520,0,23017 SE 281st Ct,Maple Valley,USA
7/2/2014 0:00,253000,2,1,1,0,0,4,940,370,11414 SE 230th Pl,Kent,USA
7/2/2014 0:00,630000,4,2.5,1,0,0,4,1410,780,11607 NE 103rd Pl,Kirkland,USA
7/2/2014 0:00,660500,5,2.5,1.5,0,0,5,1720,1230,2739 31st Ave S,Seattle,USA
7/2/2014 0:00,262000,5,1,1,0,0,3,1580,290,903 S 101st St,Seattle,USA
7/2/2014 0:00,2147500,3,3.5,2,0,4,5,3040,1620,2826 10th Ave E,Seattle,USA
7/2/2014 0:00,552000,3,2.5,1,0,0,3,1840,0,300 142nd Ave NE,Bellevue,USA
7/2/2014 0:00,1411600,2,2.5,2,0,4,5,2610,570,4631 Somerset Ave SE,Bellevue,USA
7/2/2014 0:00,736000,2,1,1,0,0,3,1100,400,2401-2599 Lorentz Pl N,Seattle,USA
7/2/2014 0:00,355000,3,1.75,1.5,0,0,3,1730,0,18010 N Park Pl N,Shoreline,USA
7/2/2014 0:00,305000,3,1,1,0,0,3,1010,570,12633 SE 158th St,Renton,USA
7/2/2014 0:00,484998,4,2.5,2,0,0,3,1540,0,2520 Mulberry Walk NE,Issaquah,USA
7/2/2014 0:00,1054690,4,3.5,2,0,0,3,2610,780,3906 W Briarcliff Ln,Seattle,USA
7/2/2014 0:00,334500,2,1.5,2,0,0,3,830,0,2300 14th Ave S,Seattle,USA
7/2/2014 0:00,475000,4,2.75,2,0,0,3,2620,0,996 SE 12th St,North Bend,USA
7/2/2014 0:00,309780,3,2.5,2,0,0,3,2242,0,Bennett Ave SE,Auburn,USA
7/2/2014 0:00,795000,4,2.5,2,0,0,3,2890,0,15941 SE Cougar Mountain Way,Bellevue,USA
7/2/2014 0:00,274500,3,2.25,2,0,0,3,1450,0,26133 242nd Ave SE,Maple Valley,USA
7/2/2014 0:00,265050,2,1.5,2,0,0,3,800,0,5257 23rd Ave SW,Seattle,USA
7/2/2014 0:00,567500,3,2.5,2,0,0,3,1880,400,561 Mountain View Ln NW,Issaquah,USA
7/2/2014 0:00,915000,3,4.5,2,0,0,3,3120,730,21101-21199 NE 78th St,Redmond,USA
7/3/2014 0:00,285000,5,2.5,2,0,0,3,2270,0,12840 SE 307th Pl,Auburn,USA
7/3/2014 0:00,445838,3,2.5,2,0,0,3,2250,0,10010 37th Ave SW,Seattle,USA
7/3/2014 0:00,304900,4,1.75,1,0,0,4,1610,990,23030 100th Ave SE,Kent,USA
7/3/2014 0:00,940000,4,2,2,0,0,5,2490,0,4558 91st Ave SE,Mercer Island,USA
7/3/2014 0:00,1127000,4,2.5,2,0,0,4,3160,0,709 7th St S,Kirkland,USA
7/3/2014 0:00,835000,4,4.25,2,0,0,3,4930,0,32805 145th Pl SE,Auburn,USA
7/3/2014 0:00,290000,3,1,1,0,0,3,1440,0,1901 Shattuck Ave S,Renton,USA
7/3/2014 0:00,250000,3,1.75,1,0,0,4,1770,0,1201-1215 O St NE,Auburn,USA
7/3/2014 0:00,342000,4,2.5,2,0,0,3,2300,0,24612 102nd Pl SE,Kent,USA
7/3/2014 0:00,1012000,4,2.5,2,0,0,3,2980,0,6410 141st Ave SE,Bellevue,USA
7/3/2014 0:00,400000,4,2.25,1,0,0,4,1300,930,2357 N 187th St,Shoreline,USA
7/3/2014 0:00,312500,3,1.75,1,0,0,3,930,900,306 S 15th St,Renton,USA
7/3/2014 0:00,267000,3,1,1,0,0,4,1020,720,4035 S 150th St,Tukwila,USA
7/3/2014 0:00,575000,3,1.75,1,0,0,3,1410,120,4931 SW Forney St,Seattle,USA
7/3/2014 0:00,810000,3,1.5,1,0,0,4,1520,0,9530 NE 5th St,Bellevue,USA
7/3/2014 0:00,850000,3,2.5,2,0,2,5,2430,800,2431 NW Neptune Pl,Seattle,USA
7/3/2014 0:00,1015000,3,3.25,2,0,0,3,2730,890,3505 W McGraw St,Seattle,USA
7/3/2014 0:00,1100000,4,3.75,2,0,0,3,5070,0,5725 251st Ct NE,Redmond,USA
7/3/2014 0:00,240000,3,1.75,1,0,0,3,1570,0,17820 1st Avenue South,Burien,USA
7/3/2014 0:00,198000,4,1.75,1,0,0,4,1050,1030,4114 S 294th St,Auburn,USA
7/3/2014 0:00,565000,4,2.5,1,0,0,4,1430,800,14021 NE 62nd St,Redmond,USA
7/3/2014 0:00,1195000,5,3,2,0,0,3,2540,880,7657-7801 E Mercer Way,Mercer Island,USA
7/3/2014 0:00,340000,8,2.75,1,0,0,3,1470,1320,17512 Corliss Ave N,Shoreline,USA
7/3/2014 0:00,815000,4,2.5,2,0,0,3,3150,0,9714 132nd Ave NE,Kirkland,USA
7/3/2014 0:00,1875000,4,3.25,2,0,0,3,3930,0,10924 NE 18th Pl,Bellevue,USA
7/3/2014 0:00,588000,5,3,2,0,0,5,1490,700,8314 Jones Ave NW,Seattle,USA
7/3/2014 0:00,280500,4,2.5,2,0,0,3,1890,0,30021 114th Way SE,Auburn,USA
7/3/2014 0:00,390000,4,2,1,0,0,3,1900,0,17116 SE Covington Sawyer Rd,Kent,USA
7/3/2014 0:00,509000,2,1.5,2,0,0,3,1930,0,78 145th Pl SE,Bellevue,USA
7/3/2014 0:00,490600,3,2.5,2,0,0,3,3316,0,33247-33248 2nd Pl SW,Federal Way,USA
7/3/2014 0:00,650000,3,1.5,1,0,0,5,1380,0,2719 63rd Ave SE,Mercer Island,USA
7/3/2014 0:00,715000,3,4,3,0,4,3,2080,0,4326 Greenwood Ave N,Seattle,USA
7/3/2014 0:00,529950,3,1,1.5,0,0,5,1240,0,820 NW 64th St,Seattle,USA
7/3/2014 0:00,265000,3,1,1,0,0,5,1020,0,3704 NE 9th Ct,Renton,USA
7/3/2014 0:00,1755000,3,2,2,0,0,3,2360,0,1242 15th Ave E,Seattle,USA
7/3/2014 0:00,1140000,3,2.5,1.5,0,1,4,2110,670,2800-2998 194th Ave SE,Sammamish,USA
7/3/2014 0:00,610000,3,2,1,0,0,3,1430,870,335-345 105th Ave SE,Bellevue,USA
7/3/2014 0:00,554729,4,2.5,2,0,0,5,1730,290,4109 W Bertona St,Seattle,USA
7/3/2014 0:00,395000,5,1.75,1,0,2,3,1360,480,2716 SW 170th St,Burien,USA
7/3/2014 0:00,341000,3,1,1.5,0,0,3,1390,0,8116 8th Ave NE,Seattle,USA
7/3/2014 0:00,264500,4,2.25,1,0,0,4,1200,860,2152 SW 323rd St,Federal Way,USA
7/3/2014 0:00,395000,4,2.75,1.5,0,0,3,2640,0,19803 121st Ave SE,Kent,USA
7/3/2014 0:00,640000,3,2.25,1,0,0,3,1980,0,3060 124th Ave NE,Bellevue,USA
7/3/2014 0:00,430000,3,1.5,1,0,0,3,1030,780,7321 39th Ave NE,Seattle,USA
7/3/2014 0:00,410000,4,2.5,1,0,0,5,1700,0,14214 81st Ave NE,Kirkland,USA
7/3/2014 0:00,220000,4,1,1.5,0,0,3,1200,0,7943 13th Ave SW,Seattle,USA
7/3/2014 0:00,1625000,4,3.25,2,0,0,3,2150,830,1820 38th Ave E,Seattle,USA
7/3/2014 0:00,405500,2,2.75,2,0,0,3,1120,230,9126 45th Ave SW,Seattle,USA
7/3/2014 0:00,633000,4,2.5,1,0,3,3,1980,380,3323-3325 33rd Ave SW,Seattle,USA
7/3/2014 0:00,295950,2,1,1,0,0,3,1190,0,1610 N 185th St,Shoreline,USA
7/3/2014 0:00,1042031,4,5,2,0,0,4,4110,0,2808 120th Ave NE,Bellevue,USA
7/3/2014 0:00,605000,4,2.5,1,0,0,3,1420,1380,16674 SE 17th St,Bellevue,USA
7/3/2014 0:00,255000,2,1.5,2,0,0,3,920,0,10740 Stone Ave N,Seattle,USA
7/3/2014 0:00,474000,3,1.75,2,0,0,3,1530,0,10828 157th Ave NE,Redmond,USA
7/3/2014 0:00,370000,2,1,1,0,0,3,860,0,9257 7th Ave NW,Seattle,USA
7/3/2014 0:00,288000,3,2.5,2,0,0,3,1520,0,22412 SE 243rd St,Maple Valley,USA
7/3/2014 0:00,100000,2,0.75,1,0,0,4,660,0,749 1st Ave N,Kent,USA
7/3/2014 0:00,1150000,5,2.5,2,0,0,3,3580,0,409 20th Ave,Kirkland,USA
7/3/2014 0:00,600000,5,2.25,2,0,0,4,3000,0,17612 NE 30th Pl,Redmond,USA
7/3/2014 0:00,515000,5,3.25,1,0,0,5,1390,1350,10723 NE 189th St,Bothell,USA
7/3/2014 0:00,345000,4,2.5,2,0,0,3,2040,0,455 S 190th St,Burien,USA
7/3/2014 0:00,975000,6,2.75,2,1,4,3,2520,0,3405 SW Seola Ln,Seattle,USA
7/3/2014 0:00,850000,3,2,2,0,0,3,2470,0,3914 88th Ave SE,Mercer Island,USA
7/3/2014 0:00,439990,3,2.5,2,0,0,3,1300,630,3433 21st Ave W,Seattle,USA
7/3/2014 0:00,554950,3,2.5,2,0,0,3,2950,0,409 Pasco Pl NE,Renton,USA
7/3/2014 0:00,605000,3,2.5,2,0,0,3,2610,0,7102 Curtis Dr SE,Snoqualmie,USA
7/3/2014 0:00,609000,3,1.75,3,0,0,3,1630,0,3644 Phinney Ave N,Seattle,USA
7/3/2014 0:00,425000,3,1.5,3,0,0,3,1400,0,1018 NE 96th St,Seattle,USA
7/3/2014 0:00,399900,2,1.75,1.5,0,0,3,900,510,932-968 NE High St,Issaquah,USA
7/3/2014 0:00,1025000,4,3.5,2,0,0,3,4370,0,5350 NE 16th St,Renton,USA
7/3/2014 0:00,2351956,4,4.25,2,0,1,3,4000,1010,6410 E Mercer Way,Mercer Island,USA
7/3/2014 0:00,519995,4,3,2,0,0,3,2590,0,14012 163rd Pl SE,Renton,USA
7/4/2014 0:00,625000,3,1.5,1,0,0,5,1300,0,619 9th Ave,Kirkland,USA
7/4/2014 0:00,600000,3,2.5,2,0,0,3,2320,0,769-821 Big Tree Dr NW,Issaquah,USA
7/5/2014 0:00,1200000,4,2.5,2,0,0,3,2700,0,124 NE 60th St,Seattle,USA
7/5/2014 0:00,1738000,4,2.25,2,0,0,4,2260,660,1987 Shenandoah Dr E,Seattle,USA
7/5/2014 0:00,671000,4,3,1.5,0,0,3,1750,1380,4222 NE 72nd St,Seattle,USA
7/5/2014 0:00,459500,3,1.75,1,0,0,3,1030,440,14301 Wallingford Ave N,Seattle,USA
7/5/2014 0:00,499000,3,2.5,3,0,0,3,1390,150,2841 13th Ave W,Seattle,USA
7/6/2014 0:00,1280000,4,2.5,1.5,0,4,3,2020,1140,1730 Walnut Ave SW,Seattle,USA
7/6/2014 0:00,395000,3,1.75,1,0,0,3,1480,0,13547 104th Pl NE,Kirkland,USA
7/7/2014 0:00,861990,5,2.75,2,0,0,3,3595,0,9622 242nd Way NE,Redmond,USA
7/7/2014 0:00,382500,2,1,1,0,0,3,1190,0,3825 NE 117th St,Seattle,USA
7/7/2014 0:00,404950,4,2.25,1,0,0,4,2340,0,19415 SE 342nd St,Auburn,USA
7/7/2014 0:00,530000,3,1.75,1,0,0,3,870,450,2108 NE 54th St,Seattle,USA
7/7/2014 0:00,195000,2,1,1,0,0,4,1190,0,205 SW Gibson Ln,Issaquah,USA
7/7/2014 0:00,747500,4,2.25,2,0,0,4,2350,0,16327 Inglewood Pl NE,Kenmore,USA
7/7/2014 0:00,199990,3,1,1,0,0,3,1100,0,214 SW 305th St,Federal Way,USA
7/7/2014 0:00,548800,4,1,1.5,0,0,3,1260,400,8612 8th Ave NE,Seattle,USA
7/7/2014 0:00,870000,4,3,1.5,0,0,3,2680,360,200 E Lake Sammamish Pkwy NE,Sammamish,USA
7/7/2014 0:00,588000,3,2,2,0,0,5,1860,0,8222 16th Ave NE,Seattle,USA
7/7/2014 0:00,775000,4,3.25,2,0,0,3,2500,1600,18096-18162 NE 143rd Pl,Woodinville,USA
7/7/2014 0:00,670000,6,3,2,0,0,4,2620,1430,14717 245th Ave SE,Issaquah,USA
7/7/2014 0:00,445000,2,2,2,0,0,3,1240,0,2847 NW 70th St,Seattle,USA
7/7/2014 0:00,300000,4,3,1,0,0,3,2200,0,17237 129th Ave SE,Renton,USA
7/7/2014 0:00,480000,3,2.25,1,0,0,4,1130,550,305 158th Pl SE,Bellevue,USA
7/7/2014 0:00,300000,3,1,1.5,0,0,5,930,0,8631 17th Ave SW,Seattle,USA
7/7/2014 0:00,360000,3,1.5,2,0,0,3,1800,0,3714 S 128th St,Tukwila,USA
7/7/2014 0:00,527000,6,3.5,1,0,0,3,1500,1500,12750 27th Ave NE,Seattle,USA
7/7/2014 0:00,875000,3,1.5,1,0,0,4,1820,0,2424 109th Ave SE,Bellevue,USA
7/7/2014 0:00,266000,4,2.25,2,0,0,4,1995,0,33724 27th Pl SW,Federal Way,USA
7/7/2014 0:00,866000,4,3.25,2,0,0,3,3990,0,Nuthatch Trail,Redmond,USA
7/7/2014 0:00,335950,2,1.5,1,0,0,5,800,0,10203 42nd Ave SW,Seattle,USA
7/7/2014 0:00,215000,3,1,1,0,0,5,960,0,1625 SW 351st St,Federal Way,USA
7/7/2014 0:00,481000,4,2.5,2,0,0,3,2286,0,1831 NE 29th Ct,Renton,USA
7/7/2014 0:00,320000,3,1.75,1,0,0,3,1270,950,5608 NE 204th St,Kenmore,USA
7/7/2014 0:00,295000,3,1.75,1.5,0,0,4,1940,0,1708 Franklin St,Enumclaw,USA
7/7/2014 0:00,295000,3,1.5,2,0,0,4,1640,0,9047 4th Ave S,Seattle,USA
7/7/2014 0:00,320000,3,1,1,0,0,4,1120,0,17722 199th Ave NE,Woodinville,USA
7/7/2014 0:00,780000,4,2,1,0,2,3,1400,1200,1937 10th Ave W,Seattle,USA
7/7/2014 0:00,437500,3,2,2,0,0,5,1490,0,309 NW 89th St,Seattle,USA
7/7/2014 0:00,443000,5,1.75,1.5,0,0,3,1650,0,814 20th Ave S,Seattle,USA
7/7/2014 0:00,575000,4,2.5,2,0,0,3,2400,0,22447 NE 9th Dr,Sammamish,USA
7/7/2014 0:00,245000,2,1,1,0,0,3,1190,310,12226 Phinney Ave N,Seattle,USA
7/7/2014 0:00,450000,3,2.5,2,0,0,3,1990,0,14543 86th Pl NE,Kenmore,USA
7/7/2014 0:00,536000,2,1.5,2,0,0,3,1030,100,5412 6th Ave NW,Seattle,USA
7/7/2014 0:00,685000,3,3.25,2,0,0,4,2030,0,16725 NE 42nd Ct,Redmond,USA
7/7/2014 0:00,373000,4,1.75,2,0,0,4,1590,0,16016 Burke Ave N,Shoreline,USA
7/7/2014 0:00,450000,3,1.75,1,0,0,4,1480,0,6201 147th Ct NE,Redmond,USA
7/7/2014 0:00,645000,4,2.5,2,0,0,3,2690,0,4117 211th Pl NE,Sammamish,USA
7/7/2014 0:00,1275000,3,2.5,2,0,3,3,3870,0,17002 SE 14th Ln,Bellevue,USA
7/7/2014 0:00,230000,3,1,1,0,0,3,1390,0,880 Monroe Ave NE,Renton,USA
7/7/2014 0:00,593000,3,2.75,2,0,0,3,1690,140,2101-2499 NW Stoney Creek Dr,Issaquah,USA
7/7/2014 0:00,558000,2,2,1,0,0,5,790,790,4052 41st Ave SW,Seattle,USA
7/7/2014 0:00,538250,3,2.25,2,0,3,3,2590,0,23105 Marine View Dr S,Des Moines,USA
7/7/2014 0:00,475000,5,2.5,1,0,0,4,1490,1020,12608 NE 134th Pl,Kirkland,USA
7/7/2014 0:00,209950,3,1.5,1,0,0,4,1180,0,2601-2667 Alpine St SE,Auburn,USA
7/7/2014 0:00,410000,3,2.25,2,0,0,3,1450,0,1107 216th Ave NE,Sammamish,USA
7/7/2014 0:00,1636000,3,2.5,2,0,1,4,2550,560,8240 Fairway Dr NE,Seattle,USA
7/7/2014 0:00,670000,5,2.5,2,0,0,5,2860,0,37927 SE 82nd Pl,Snoqualmie,USA
7/7/2014 0:00,821000,3,2.75,1,0,0,4,1690,1070,6950 93rd Ave SE,Mercer Island,USA
7/7/2014 0:00,665000,5,2,1,0,0,4,1400,1400,7502 132nd Ave NE,Kirkland,USA
7/7/2014 0:00,339000,3,2.5,2,0,0,3,1450,0,7621 Orchard Ave SE,Snoqualmie,USA
7/7/2014 0:00,631500,4,2,1.5,0,0,4,1910,620,2900-2998 Fairmount Ave SW,Seattle,USA
7/7/2014 0:00,570000,3,2,1,0,3,4,820,820,3209 S Charles St,Seattle,USA
7/7/2014 0:00,437000,3,1.75,1,0,0,4,2220,0,16527 191st Pl NE,Woodinville,USA
7/7/2014 0:00,542500,3,2.5,2,0,0,3,2040,0,8511 170th Ct NE,Redmond,USA
7/7/2014 0:00,229500,3,1,1,0,0,4,1230,0,1605 21st St NE,Auburn,USA
7/7/2014 0:00,170500,2,1,1,0,0,3,820,240,1019 S 22nd Ct,Renton,USA
7/7/2014 0:00,391500,3,2.5,2,0,0,3,1920,0,955 11th Ct SW,North Bend,USA
7/7/2014 0:00,296475,3,2.5,2,0,0,3,1520,0,24312 226th Ave SE,Maple Valley,USA
7/7/2014 0:00,1450000,4,3.25,2,0,0,5,2710,1060,410 Wheeler St,Seattle,USA
7/7/2014 0:00,888550,3,2.5,2,0,0,3,3540,0,21837 NE 102nd St,Redmond,USA
7/7/2014 0:00,1360000,4,3,2,0,0,4,5430,0,22701 NE 57th Ct,Redmond,USA
7/7/2014 0:00,328000,3,2,1.5,0,0,3,2250,0,1512 10th Ct NW,Auburn,USA
7/7/2014 0:00,300000,4,2.5,2,0,0,3,2090,0,22736 129th Pl SE,Kent,USA
7/7/2014 0:00,500000,3,2.5,2,0,0,3,1720,0,14020 Meridian Ave N,Seattle,USA
7/7/2014 0:00,494815,3,2.5,2,0,0,3,1910,0,1273 NE Hickory Ln,Issaquah,USA
7/7/2014 0:00,378000,3,2.5,3,0,0,3,1536,65,12341 10th Pl NE,Seattle,USA
7/7/2014 0:00,505000,2,2.25,2,0,0,3,940,120,2000 Yale Ave E,Seattle,USA
7/7/2014 0:00,680000,4,2.75,2,0,0,3,2330,0,3440 NE Marion Ln,Issaquah,USA
7/7/2014 0:00,351999,3,2.5,2,0,0,3,2370,0,25828 243rd Ave SE,Maple Valley,USA
7/7/2014 0:00,510000,3,2.5,3,0,0,3,1420,0,2252 NW 62nd St,Seattle,USA
7/7/2014 0:00,1300000,4,2.25,2,0,0,3,2360,0,186 34th Ave E,Seattle,USA
7/7/2014 0:00,374000,2,1.5,2,0,0,3,1260,0,2900-2948 S Irving St,Seattle,USA
7/7/2014 0:00,509900,3,2.5,2,0,0,3,3030,0,5221 NE 7th Pl,Renton,USA
7/7/2014 0:00,230000,3,1.75,2,0,0,3,1140,0,4424-4438 Martin Luther King Jr Way S,Seattle,USA
7/8/2014 0:00,527700,5,2.5,1,0,0,4,1550,1270,15910 SE 42nd Pl,Bellevue,USA
7/8/2014 0:00,438000,2,2,3,0,0,3,1270,0,848 NE 67th St,Seattle,USA
7/8/2014 0:00,900000,3,2.5,2,0,0,4,3180,0,3004 211th Ave NE,Sammamish,USA
7/8/2014 0:00,1131000,3,2.25,1,0,3,3,2790,0,18125 Brittany Dr SW,Normandy Park,USA
7/8/2014 0:00,439000,4,2.25,2,0,0,3,2570,0,18719 129th Ct NE,Bothell,USA
7/8/2014 0:00,315000,2,1,1,0,0,4,720,360,4820 12th Ave S,Seattle,USA
7/8/2014 0:00,765000,4,4,2,0,0,3,3010,0,2828 277th Terrace SE,Sammamish,USA
7/8/2014 0:00,332000,3,2.25,1,0,0,3,1720,400,27840 38th Pl S,Auburn,USA
7/8/2014 0:00,600000,3,2.25,1.5,0,0,4,1440,460,17308 167th Ave NE,Woodinville,USA
7/8/2014 0:00,378500,3,2.5,2,0,0,4,2860,0,14921 SE Auburn-Black Diamond Rd,Auburn,USA
7/8/2014 0:00,190000,3,1,1,0,0,4,910,0,2536 S 365th Pl,Federal Way,USA
7/8/2014 0:00,645000,4,2.5,2,0,0,3,2850,0,26007 SE 27th St,Sammamish,USA
7/8/2014 0:00,780000,2,2.5,2,0,0,5,1690,870,419 25th Ave E,Seattle,USA
7/8/2014 0:00,370000,3,1.75,2,0,0,3,1570,0,43719 SE 142nd St,North Bend,USA
7/8/2014 0:00,875000,4,3.5,2,0,2,4,3110,0,24119 SE 18th Pl,Sammamish,USA
7/8/2014 0:00,1049000,4,3.75,2,0,0,4,4740,0,27125-27131 SE 175th Pl,Issaquah,USA
7/8/2014 0:00,479000,3,1,1,0,0,4,1340,0,14211 SE 37th St,Bellevue,USA
7/8/2014 0:00,245000,4,2.25,1,0,0,3,1390,1210,26th Ave SW,Federal Way,USA
7/8/2014 0:00,542000,3,1.75,1,0,0,3,1070,0,13820 NE 72nd Pl,Redmond,USA
7/8/2014 0:00,557500,3,2.25,2,0,0,3,1820,0,17213 NE 32nd St,Redmond,USA
7/8/2014 0:00,480000,2,1,1,0,0,3,860,200,2342 N 60th St,Seattle,USA
7/8/2014 0:00,330000,3,2.25,1,0,0,3,1330,890,5401 S Fletcher St,Seattle,USA
7/8/2014 0:00,160000,3,1,1.5,0,0,3,1350,0,17052 34th Ave S,SeaTac,USA
7/8/2014 0:00,695500,5,2.75,1,0,1,4,1600,910,3312 181st Pl NE,Redmond,USA
7/8/2014 0:00,235500,5,2.5,1,0,0,2,1670,670,30221 8th Ave S,Federal Way,USA
7/8/2014 0:00,326500,3,1,1,0,0,4,1060,0,4149-4399 19th Ave SW,Seattle,USA
7/8/2014 0:00,300000,4,2.5,2,0,0,3,2200,0,9526 S 221st Pl,Kent,USA
7/8/2014 0:00,267000,3,1,1.5,0,0,3,1400,0,11520 36th Ave NE,Seattle,USA
7/8/2014 0:00,292600,3,1.5,1,0,0,4,1520,0,1012 Lynnwood Ave NE,Renton,USA
7/8/2014 0:00,362000,5,3,2,0,0,3,1810,0,4519 33rd Ave S,Seattle,USA
7/8/2014 0:00,1087500,2,2,1.5,0,0,3,2360,0,3063-3103 84th Ave SE,Mercer Island,USA
7/8/2014 0:00,357562,2,1.75,2,0,0,3,1210,0,2520 Mulberry Walk NE,Issaquah,USA
7/8/2014 0:00,789900,3,2.5,1,0,0,4,1750,1670,14102 SE 42nd St,Bellevue,USA
7/8/2014 0:00,513000,3,2.5,2,0,0,3,1810,0,25744 SE 37th St,Issaquah,USA
7/8/2014 0:00,336000,3,2.25,1,0,0,3,2760,0,14213 SE 170th St,Renton,USA
7/8/2014 0:00,560000,4,2.25,1,0,0,3,1330,620,12034 NE 67th St,Kirkland,USA
7/8/2014 0:00,1150000,3,2.5,2,0,0,3,3830,0,16123 SE 44th Way,Bellevue,USA
7/8/2014 0:00,410000,4,2.25,1,0,0,3,1220,840,15568 11th Ave NE,Shoreline,USA
7/8/2014 0:00,371500,3,1,1,0,0,4,980,670,9233 25th Ave SW,Seattle,USA
7/8/2014 0:00,368000,4,1.75,1,0,0,3,1030,1070,5901-5909 17th Ave SW,Seattle,USA
7/8/2014 0:00,650000,4,3,1,0,0,3,1880,1840,4316 331st Ave NE,Carnation,USA
7/8/2014 0:00,308950,4,2.5,2,0,2,4,1920,0,203 Farrelly St,Enumclaw,USA
7/8/2014 0:00,440000,3,2,2,0,2,3,1860,0,9700 174th Ave SE,Renton,USA
7/8/2014 0:00,630000,2,2.5,2,0,0,3,2290,0,2598 NE Natalie Way,Issaquah,USA
7/8/2014 0:00,228950,3,1.75,1,0,0,4,1200,0,35839 14th Ave SW,Federal Way,USA
7/8/2014 0:00,782000,4,3.5,2,0,0,3,3440,1830,18603 E Spring Lake Dr SE,Renton,USA
7/8/2014 0:00,245000,3,2.5,2,0,0,4,1600,0,11539 SE 221st Pl,Kent,USA
7/8/2014 0:00,410000,4,2.5,2,0,0,3,2560,0,27645 236th Ct SE,Maple Valley,USA
7/8/2014 0:00,427550,2,1,1,0,0,3,880,0,7554 Jones Ave NW,Seattle,USA
7/8/2014 0:00,235000,2,1,1,0,0,3,1020,0,1712 S Dawson St,Seattle,USA
7/8/2014 0:00,210000,3,2,1,0,0,3,960,0,13045 6th Pl SW,Seattle,USA
7/8/2014 0:00,485000,4,2.25,1,0,0,3,1370,530,11042 31st Ave SW,Seattle,USA
7/8/2014 0:00,410000,3,2,1.5,0,0,4,1320,0,2200 S Hanford St,Seattle,USA
7/8/2014 0:00,435000,4,2.75,1,0,0,3,1320,910,13362 3rd Ave NE,Seattle,USA
7/8/2014 0:00,300000,3,1,1,0,0,3,1150,0,16940 NE 16th Pl,Bellevue,USA
7/8/2014 0:00,455000,4,3.5,2,0,0,4,3440,0,21625 4th Ave S,Normandy Park,USA
7/8/2014 0:00,210000,3,1,1,0,0,3,1070,0,11247 11th Ave SW,Seattle,USA
7/8/2014 0:00,1050000,4,2.75,1.5,0,0,3,1500,750,2052 Boyer Ave E,Seattle,USA
7/8/2014 0:00,458400,4,2.5,1,0,0,3,1910,0,105 NW 178th St,Shoreline,USA
7/8/2014 0:00,390000,3,1.75,1,0,0,4,1180,0,16714 NE 158th St,Woodinville,USA
7/8/2014 0:00,148226,3,1,1,0,0,4,1400,0,11626-11630 SE 323rd Pl,Auburn,USA
7/8/2014 0:00,711600,4,3,2.5,0,0,3,2370,1210,15502 SE 18th St,Bellevue,USA
7/8/2014 0:00,819000,3,2.75,2,0,3,4,2726,450,401 S 289th St,Federal Way,USA
7/8/2014 0:00,613000,2,2,1.5,0,1,4,1170,0,2425 Westview Dr W,Seattle,USA
7/8/2014 0:00,592350,2,2,1,0,0,3,1570,0,Adair Creek Trail,Redmond,USA
7/8/2014 0:00,232000,3,1.5,1,0,0,3,1460,0,31605-31625 51st Ave S,Auburn,USA
7/8/2014 0:00,250000,3,1.75,1,0,0,4,1140,0,1705 Douglas Ct,Milton,USA
7/8/2014 0:00,115000,1,2,1,0,0,4,1150,0,34215 40th Ave S,Auburn,USA
7/8/2014 0:00,1115000,4,2.5,1,0,0,4,2390,790,3108 142nd Pl NE,Bellevue,USA
7/8/2014 0:00,585000,4,2.5,2,0,0,3,2630,0,3505 Monterey Ct NE,Renton,USA
7/8/2014 0:00,580000,3,2.25,1,0,0,3,1520,420,1130 Oak Hill Pl NW,Issaquah,USA
7/8/2014 0:00,165000,1,1,1,0,0,2,850,0,3510 S Holly St,Seattle,USA
7/8/2014 0:00,430000,3,2,1,0,0,5,830,720,6537 36th Ave SW,Seattle,USA
7/8/2014 0:00,383000,3,2.25,1,0,0,3,2090,0,608 Riverside Dr SE,North Bend,USA
7/8/2014 0:00,1195000,4,3.5,2,0,0,3,2850,1110,2905 25th Ave W,Seattle,USA
7/8/2014 0:00,201500,3,1,1.5,0,0,3,1320,0,4207 SW Manning St,Seattle,USA
7/8/2014 0:00,690000,4,2.5,2,0,0,3,3220,0,16831 NE 176th St,Woodinville,USA
7/8/2014 0:00,325000,2,1,1,0,0,3,800,0,7354 27th Ave SW,Seattle,USA
7/8/2014 0:00,375000,3,1.75,1,0,0,3,1130,530,13300 NE 186th St,Woodinville,USA
7/8/2014 0:00,600000,4,2.5,2,0,0,3,2250,0,12362 76th Ct NE,Kirkland,USA
7/8/2014 0:00,340000,3,2.25,1,0,0,3,2120,0,1310 G St SE,Auburn,USA
7/8/2014 0:00,890000,4,2.75,3,0,0,5,2310,0,1602 32nd Ave,Seattle,USA
7/8/2014 0:00,415000,4,1.75,2,0,0,4,1920,0,7209 SE 70th St,Newcastle,USA
7/8/2014 0:00,255000,3,1.75,1,0,0,3,1050,500,22821 SE 288th St,Black Diamond,USA
7/8/2014 0:00,530000,2,2.5,2,0,0,3,1595,190,1600-1718 107th Ave SE,Bellevue,USA
7/8/2014 0:00,468000,3,1.5,1,0,0,5,1830,0,12000-12098 SE 71st Pl,Newcastle,USA
7/8/2014 0:00,970000,5,2.75,2,0,2,3,2950,550,5433 37th Ave SW,Seattle,USA
7/8/2014 0:00,599000,3,2,1,0,0,3,1330,1230,16604 NE 42nd Ct,Redmond,USA
7/8/2014 0:00,399500,4,1.75,1.5,0,0,4,1360,0,5048 35th Ave SW,Seattle,USA
7/8/2014 0:00,2458000,4,5.25,2,0,0,3,5180,1320,2205 78th Ave NE,Medina,USA
7/8/2014 0:00,1205000,4,3.5,2,0,0,3,3150,0,4908 32nd Ave NE,Seattle,USA
7/8/2014 0:00,325000,2,1,1,0,0,4,810,0,3620 SW Holden St,Seattle,USA
7/8/2014 0:00,1135250,5,4,2,0,0,3,7320,0,19100 SE 174th St,Renton,USA
7/8/2014 0:00,568000,4,1.75,1,0,2,3,1450,1340,2714 SW 164th Pl,Burien,USA
7/8/2014 0:00,517000,2,1.5,1,0,0,4,960,960,1103 26th Ave,Seattle,USA
7/8/2014 0:00,469950,4,2.75,2,0,0,3,2530,0,15200 287th Ave NE,Duvall,USA
7/8/2014 0:00,1675000,3,2.5,2,1,4,4,2150,1340,Burke-Gilman Trail,Seattle,USA
7/8/2014 0:00,2180000,6,2.75,2,0,3,3,3690,1020,4530 51st Ave NE,Seattle,USA
7/8/2014 0:00,623000,3,1.75,1,0,0,2,2050,0,4009 97th Ave SE,Mercer Island,USA
7/8/2014 0:00,720000,4,2.25,2,0,0,5,2410,0,16451 NE 18th St,Bellevue,USA
7/8/2014 0:00,205000,3,1,1,0,0,4,1180,0,30105 10th Ave S,Federal Way,USA
7/8/2014 0:00,148000,2,1,1,0,0,3,630,0,7760 10th Ave SW,Seattle,USA
7/8/2014 0:00,950000,3,2.5,1,0,0,4,1750,1730,10323 Valmay Ave NW,Seattle,USA
7/8/2014 0:00,405000,3,1.5,1.5,0,0,5,1010,0,12500-12578 10th Ave NE,Seattle,USA
7/8/2014 0:00,293000,3,2.25,2,0,0,3,1910,0,19358 114th Pl SE,Kent,USA
7/8/2014 0:00,550000,3,3.5,2,0,0,3,1720,770,320 NW Boulder Pl,Issaquah,USA
7/8/2014 0:00,435000,4,2.5,2,0,0,3,2150,0,1356 Elma Pl NE,Renton,USA
7/8/2014 0:00,355000,4,2.75,2,0,0,3,3000,0,22710 SE 268th Pl,Maple Valley,USA
7/8/2014 0:00,673000,3,2.75,2,0,0,3,2830,0,24588-24638 SE Issaquah-Fall City Rd,Issaquah,USA
7/8/2014 0:00,449990,4,2.5,2,0,0,3,2680,0,13800 453rd Ave SE,North Bend,USA
7/8/2014 0:00,249000,2,1.5,2,0,0,3,1090,0,13124 113th Pl NE,Kirkland,USA
7/8/2014 0:00,380000,4,2.5,1,0,0,3,1564,420,26856 12th Ave S,Des Moines,USA
7/8/2014 0:00,760005,4,2.75,2,0,0,3,3090,0,384 218th Pl SE,Sammamish,USA
7/8/2014 0:00,674600,4,2.5,2,0,0,3,2610,0,922 N 91st St,Seattle,USA
7/8/2014 0:00,812000,4,3.5,2,0,0,3,2750,620,2154 NE Morgan Ln,Issaquah,USA
7/8/2014 0:00,333490,4,2.5,2,0,0,3,2250,0,29024 121st Way SE,Auburn,USA
7/8/2014 0:00,320000,3,3.25,2,0,0,3,1180,270,5107 Puget Blvd SW,Seattle,USA
7/8/2014 0:00,999000,4,2.5,2,0,0,3,3130,0,9006 116th Ave NE,Kirkland,USA
7/8/2014 0:00,810000,2,2.75,1,0,0,3,2700,0,22857 NE 138th Ct,Redmond,USA
7/9/2014 0:00,399950,5,2.75,1,0,0,3,1320,650,1770 19th Ave S,Seattle,USA
7/9/2014 0:00,550000,3,2,2,0,3,5,1270,700,3608 34th Ave SW,Seattle,USA
7/9/2014 0:00,290000,3,1.5,1,0,0,4,1950,0,1020 S 299th Pl,Federal Way,USA
7/9/2014 0:00,232500,3,1.5,1,0,0,4,1140,800,450 S 305th St,Federal Way,USA
7/9/2014 0:00,1355000,4,3.5,1,0,2,3,2260,1290,15317 SE 58th St,Bellevue,USA
7/9/2014 0:00,565000,3,2.5,2,0,0,3,2500,0,12440 NE 160th St,Woodinville,USA
7/9/2014 0:00,749950,4,2.75,1,0,0,3,2210,700,821 NW 175th St,Shoreline,USA
7/9/2014 0:00,720500,4,2.5,2,0,0,4,3350,0,22720 NE 46th St,Redmond,USA
7/9/2014 0:00,507000,3,1.75,1,0,0,5,1490,650,17295-17403 SE 192nd Dr,Renton,USA
7/9/2014 0:00,989000,5,4.5,2,0,0,3,4030,0,25758 SE 31st Pl,Sammamish,USA
7/9/2014 0:00,463000,4,2.5,2,0,0,4,1980,0,12812 130th Ct NE,Kirkland,USA
7/9/2014 0:00,310000,3,1.5,1,0,0,3,1460,0,19539 4th Ave S,Des Moines,USA
7/9/2014 0:00,284000,4,1.75,1,0,0,3,1130,750,10000-10026 S 100th St,Seattle,USA
7/9/2014 0:00,737500,3,1.75,2,0,0,3,2320,0,8038 42nd Ave NE,Seattle,USA
7/9/2014 0:00,569000,3,3.25,1.5,0,0,5,1770,450,4123 13th Ave S,Seattle,USA
7/9/2014 0:00,700000,3,1,2,0,0,4,1410,0,1122A 23rd Ave S,Seattle,USA
7/9/2014 0:00,660000,3,1,1,0,0,4,1240,0,768 N 75th St,Seattle,USA
7/9/2014 0:00,275000,4,2,2,0,0,3,2030,0,3515 S 137th St,Tukwila,USA
7/9/2014 0:00,570000,6,3.75,2,0,2,3,3080,920,16638 SE 167th St,Renton,USA
7/9/2014 0:00,150000,3,0.75,1.5,0,0,4,490,0,11881 Tye River Rd NE,Skykomish,USA
7/9/2014 0:00,356000,3,2.5,2,0,0,3,1590,0,7828 Douglas Ave SE,Snoqualmie,USA
7/9/2014 0:00,610000,3,2.5,2,0,0,3,2630,0,9954 227th Way NE,Redmond,USA
7/9/2014 0:00,498800,2,1.75,1,0,0,3,1350,0,12412 243rd Terrace NE,Redmond,USA
7/9/2014 0:00,226550,3,1,1,0,0,3,990,0,9025 15th Ave SW,Seattle,USA
7/9/2014 0:00,692500,4,2.75,2,0,0,3,3710,0,7313 Chanticleer Ave SE,Snoqualmie,USA
7/9/2014 0:00,250000,3,1,1,0,0,4,990,0,20824-20836 Occidental Ave S,Des Moines,USA
7/9/2014 0:00,660000,4,2.5,2,0,0,3,2510,0,22518 SE 15th Pl,Sammamish,USA
7/9/2014 0:00,295000,2,1,1,0,0,4,800,0,108 N 183rd St,Shoreline,USA
7/9/2014 0:00,154950,4,1,1,0,0,4,1600,0,3516 O St SE,Auburn,USA
7/9/2014 0:00,409124,5,3.25,2,0,0,4,2480,840,14014 SE 236th Pl,Kent,USA
7/9/2014 0:00,287000,5,1.5,1,0,0,3,1010,720,1724 Edmonds Way SE,Renton,USA
7/9/2014 0:00,810000,4,1.75,1,0,4,4,1000,1000,1322 Alki Ave SW,Seattle,USA
7/9/2014 0:00,525000,4,2.75,1,0,0,3,1640,1270,14812 104th Ave NE,Bothell,USA
7/9/2014 0:00,525000,4,1.75,1,0,0,4,1710,0,3834 136th Ave SE,Bellevue,USA
7/9/2014 0:00,275000,3,1,1,0,0,4,1200,0,9246 30th Ave SW,Seattle,USA
7/9/2014 0:00,583000,3,2.5,2,0,1,3,2600,0,1007 N 29th St,Renton,USA
7/9/2014 0:00,237950,2,1.75,1,0,0,4,1460,0,26231 187th Pl SE,Covington,USA
7/9/2014 0:00,1065000,4,3.75,2,0,0,3,4260,0,7811 126th Ave NE,Kirkland,USA
7/9/2014 0:00,679000,4,2.75,1.5,0,0,4,1780,320,5519 31st Ave NE,Seattle,USA
7/9/2014 0:00,1465000,6,4.5,2,0,3,4,2360,1870,1206 9th Ave W,Seattle,USA
7/9/2014 0:00,410000,3,1.75,1,0,0,3,830,830,1919 42nd Ave SW,Seattle,USA
7/9/2014 0:00,306000,3,1,1,0,0,3,1010,440,10606 NE 143rd Pl,Kirkland,USA
7/9/2014 0:00,215000,4,1.5,1.5,0,0,5,1860,0,1730 Washington Ave,Enumclaw,USA
7/9/2014 0:00,594950,4,2.5,2,0,0,3,2720,0,2201 223rd Pl NE,Sammamish,USA
7/9/2014 0:00,1250000,4,2.5,1,0,3,3,2030,890,2440 Magnolia Blvd W,Seattle,USA
7/9/2014 0:00,305000,3,1.5,1,0,0,4,1800,0,30002 8th Ave SW,Federal Way,USA
7/9/2014 0:00,425000,2,1,1,0,0,3,1020,300,2603 36th Ave W,Seattle,USA
7/9/2014 0:00,215000,3,1.75,1,0,0,3,1770,0,2253 SW 313th St,Federal Way,USA
7/9/2014 0:00,480000,5,2.75,1,0,0,5,1390,1160,12570 SE 72nd St,Newcastle,USA
7/9/2014 0:00,550000,4,1.75,1,0,0,4,1110,1040,17010 NE 88th St,Redmond,USA
7/9/2014 0:00,750000,4,2.5,2,0,0,3,3020,0,1125 270th Pl SE,Sammamish,USA
7/9/2014 0:00,137124,3,1,1,0,0,4,960,0,15416 SE Jones Rd,Renton,USA
7/9/2014 0:00,840000,3,2,2,0,0,3,2783,0,3672 SW Orchard St,Seattle,USA
7/9/2014 0:00,624800,3,2,1,0,0,4,1500,750,3726 Gallagher Hill Rd,Mercer Island,USA
7/9/2014 0:00,630000,3,1.75,1,0,0,4,1710,0,10515 115th Pl NE,Kirkland,USA
7/9/2014 0:00,590000,3,2.5,1,0,0,5,1680,970,4765 NE 203rd St,Lake Forest Park,USA
7/9/2014 0:00,599950,3,3.25,3,0,0,3,1830,0,1501 NW 90th St,Seattle,USA
7/9/2014 0:00,299880,3,2.5,2,0,0,3,1460,0,6511 29th Ave S,Seattle,USA
7/9/2014 0:00,400000,3,2,1,0,0,4,1760,0,Brooktrails Trail 14,Woodinville,USA
7/9/2014 0:00,560000,3,2.5,2,0,0,3,1960,0,2501-2507 248th Terrace NE,Sammamish,USA
7/9/2014 0:00,229000,4,2.25,1,0,0,3,1170,840,32701-32911 49th Pl SW,Federal Way,USA
7/9/2014 0:00,525000,4,2.5,2,0,0,3,3670,0,13559 SE 159th Pl,Renton,USA
7/9/2014 0:00,737000,2,2.25,1,0,0,3,2290,0,13555 Adair Creek Way NE,Redmond,USA
7/9/2014 0:00,680000,3,2,1,0,0,5,980,800,537 N 70th St,Seattle,USA
7/9/2014 0:00,635000,4,2.5,2,0,0,3,3080,0,9788-16090 NE Quail Creek Dr,Redmond,USA
7/9/2014 0:00,740000,4,2.5,2,0,0,3,3360,0,6520 154th Ave NE,Redmond,USA
7/9/2014 0:00,335500,3,1,2,0,0,3,1370,0,12008 35th Ave NE,Seattle,USA
7/9/2014 0:00,270000,4,2.5,1,0,0,4,1660,0,25139 11th Ave S,Des Moines,USA
7/9/2014 0:00,1037000,4,3.5,2,0,0,3,4440,0,15124 SE 82nd Ct,Newcastle,USA
7/9/2014 0:00,450000,5,2.5,1,0,0,4,1930,920,23211 190th Ave SE,Renton,USA
7/9/2014 0:00,379000,3,2.5,2,0,0,4,1530,0,11807 NE 105th Ct,Kirkland,USA
7/9/2014 0:00,468000,4,2.5,1,0,0,4,1240,860,14634 128th Ave NE,Woodinville,USA
7/9/2014 0:00,321500,1,1,1,0,0,3,730,0,924 26th Ave S,Seattle,USA
7/9/2014 0:00,443000,3,2.25,2,0,0,4,1920,0,14808 104th Ave NE,Bothell,USA
7/9/2014 0:00,340000,3,1,1,0,0,4,1600,0,1496 Aberdeen Ave NE,Renton,USA
7/9/2014 0:00,470000,4,2.25,2,0,0,3,1530,850,5504 NE 190th St,Kenmore,USA
7/9/2014 0:00,545000,3,2.5,2,0,0,3,2760,0,615 Bronson Pl NE,Renton,USA
7/9/2014 0:00,415000,4,1.5,1.5,0,0,4,1840,0,18820 1st Ave NW,Shoreline,USA
7/9/2014 0:00,599000,7,2.5,1,0,0,4,1880,700,125 30th Ave,Seattle,USA
7/9/2014 0:00,759000,4,1.75,1,0,0,3,1340,760,5626 Keystone Pl N,Seattle,USA
7/9/2014 0:00,300000,4,1.75,1,0,0,4,1190,630,1714 S Pearl St,Seattle,USA
7/9/2014 0:00,1681000,5,5.25,2,0,1,5,3930,900,6702 SE 28th St,Mercer Island,USA
7/9/2014 0:00,359000,3,1.5,1,0,0,3,1080,470,10304 Interlake Ave N,Seattle,USA
7/9/2014 0:00,550000,4,1,1.5,0,0,4,1440,0,3822 42nd Ave SW,Seattle,USA
7/9/2014 0:00,395000,2,1,1,0,0,4,930,0,548 NE 86th St,Seattle,USA
7/9/2014 0:00,486000,4,2.5,2,0,0,3,3560,0,509 SW 335th St,Federal Way,USA
7/9/2014 0:00,187000,2,1,1,0,0,3,840,0,12314-12426 24th Ave S,Burien,USA
7/9/2014 0:00,734950,4,3.25,2,0,0,3,3050,1230,33518 161st Ln SE,Auburn,USA
7/9/2014 0:00,284000,3,1.5,1,0,0,4,1500,0,15012 133rd Ave SE,Renton,USA
7/9/2014 0:00,696000,4,3.5,2,0,0,3,2550,1100,45804 SE 137th St,North Bend,USA
7/9/2014 0:00,380000,2,1,1,0,0,3,780,0,4112 38th Ave SW,Seattle,USA
7/9/2014 0:00,625000,4,1,1.5,0,0,4,1600,0,9510 28th Ave NW,Seattle,USA
7/9/2014 0:00,252000,4,1.75,1,0,0,4,1120,0,12224 SE 165th St,Renton,USA
7/9/2014 0:00,560000,2,1,1,0,0,4,1010,0,1641-1699 4th St,Kirkland,USA
7/9/2014 0:00,395000,4,2.75,1,0,0,4,1970,0,18625 Ridge Rd SW,Vashon,USA
7/9/2014 0:00,900000,4,2.5,2,0,0,5,1540,690,5641 Keystone Pl N,Seattle,USA
7/9/2014 0:00,2680000,5,3,2,0,0,4,4290,0,1209 Evergreen Point Rd,Medina,USA
7/9/2014 0:00,625000,3,1.75,1,0,0,4,2160,1000,3297 S 366th St,Auburn,USA
7/9/2014 0:00,580000,3,1.75,1,0,0,3,1020,830,4408 Thackeray Pl NE,Seattle,USA
7/9/2014 0:00,309000,3,2.25,1,0,0,4,1300,680,23300-23306 10th Ave S,Des Moines,USA
7/9/2014 0:00,412000,4,3.5,2,0,0,3,2450,910,32648-33020 10th Ave SW,Federal Way,USA
7/9/2014 0:00,495000,3,2,1,0,0,4,2660,0,43600-43610 244th Ave SE,Enumclaw,USA
7/9/2014 0:00,215000,3,1,1,0,0,4,1200,0,4503 S 256th St,Kent,USA
7/9/2014 0:00,741500,2,2.5,1,0,0,3,2150,0,12468 240th Pl NE,Redmond,USA
7/9/2014 0:00,749000,3,2.75,2,0,0,3,2820,0,12070 166th Pl NE,Redmond,USA
7/9/2014 0:00,659950,4,2.75,2,0,0,3,3510,0,6504-6618 NE 1st St,Renton,USA
7/9/2014 0:00,530000,3,2.5,2,0,0,3,1790,0,4528 W Lake Sammamish Pkwy SE,Issaquah,USA
7/9/2014 0:00,749000,4,2.75,2,0,0,4,2100,600,1925 Walnut Ave SW,Seattle,USA
7/9/2014 0:00,2321000,5,4.75,2,0,0,3,4260,1520,9403 SE 33rd St,Mercer Island,USA
7/9/2014 0:00,595000,4,3.25,2,0,0,3,2760,970,2318 N 60th St,Seattle,USA
7/9/2014 0:00,487000,4,2.5,2,0,0,3,2540,0,6732 Mars Ave S,Seattle,USA
7/9/2014 0:00,760000,4,2.25,3,0,0,3,3300,0,7335 35th Ave SW,Seattle,USA
7/9/2014 0:00,1240000,5,3.5,2,0,2,3,4010,1420,6151 168th Pl SE,Bellevue,USA
7/9/2014 0:00,435000,4,2.5,2,0,0,3,2550,0,576 Field Pl NE,Renton,USA
7/9/2014 0:00,374950,3,2.25,3,0,0,3,1390,0,8548 Nesbit Ave N,Seattle,USA
7/9/2014 0:00,440000,3,1.5,3,0,0,3,1270,0,1018 NE 96th St,Seattle,USA
7/10/2014 0:00,360000,4,2.5,2,0,0,3,2380,0,22840 SE 269th St,Maple Valley,USA
7/10/2014 0:00,879000,4,2.5,2,0,0,3,3360,0,24142 SE 18th Pl,Sammamish,USA
7/10/2014 0:00,1550000,5,4.25,2,0,0,3,6070,0,29433 SE 15th Pl,Fall City,USA
7/10/2014 0:00,505000,2,1,1,0,0,3,1240,0,21014 SE 14th Pl,Sammamish,USA
7/10/2014 0:00,545000,2,2,1,0,2,4,1680,1250,22514 101st Ln SW,Vashon,USA
7/10/2014 0:00,600000,2,2.5,1,0,0,4,1940,470,31600-31726 SE Issaquah-Fall City Rd,Fall City,USA
7/10/2014 0:00,775000,6,2.75,1.5,0,0,3,2480,500,5428 Kirkwood Pl N,Seattle,USA
7/10/2014 0:00,725000,2,1.75,1,0,0,5,1010,940,3609-3615 Whitman Ave N,Seattle,USA
7/10/2014 0:00,610000,4,2.75,1,0,0,5,1580,1020,21301-21399 SE 19th St,Sammamish,USA
7/10/2014 0:00,350000,4,1,1.5,0,0,3,1170,0,3611 NE 137th St,Seattle,USA
7/10/2014 0:00,410000,3,1,1,0,0,4,1470,0,14429 22nd Ave SW,Burien,USA
7/10/2014 0:00,639000,4,2,1,0,0,4,920,920,3051 36th Ave W,Seattle,USA
7/10/2014 0:00,439000,4,2,1,0,0,4,1560,0,14206 119th Ave NE,Kirkland,USA
7/10/2014 0:00,499950,4,1.75,1,0,0,4,1520,0,14812 113th Ave NE,Kirkland,USA
7/10/2014 0:00,800000,3,2.75,2,0,0,3,1700,520,1718 32nd Ave,Seattle,USA
7/10/2014 0:00,350000,4,2.5,2,0,0,3,2800,0,2110 S 373rd Ct,Federal Way,USA
7/10/2014 0:00,279000,2,1,1,0,0,5,670,0,9716 33rd Ave SW,Seattle,USA
7/10/2014 0:00,290256,3,2.25,2,0,0,3,1720,0,32237 7th Ave SW,Federal Way,USA
7/10/2014 0:00,355000,3,2.5,2,0,0,4,2110,0,23884 140th Ln SE,Kent,USA
7/10/2014 0:00,263000,3,1.75,1,0,0,3,1180,400,27621 221st Ave SE,Maple Valley,USA
7/10/2014 0:00,880000,6,2.5,2,0,0,5,1760,880,3008 38th Ave SW,Seattle,USA
7/10/2014 0:00,426500,4,2.5,2,0,0,3,2700,0,18563 173rd Way SE,Renton,USA
7/10/2014 0:00,735000,3,2.5,2,0,0,3,2820,0,3243 NE Mulberry St,Issaquah,USA
7/10/2014 0:00,720000,4,2.5,2,0,2,3,3340,0,35505 SE English St,Snoqualmie,USA
7/10/2014 0:00,265000,3,2.5,2,0,0,4,1530,0,22923 SE 282nd St,Maple Valley,USA
7/10/2014 0:00,840000,4,3.5,2,0,0,3,3840,0,615 289th Ave NE,Carnation,USA
7/10/2014 0:00,657500,3,2,1,0,0,3,1510,810,12423 NE 6th Pl,Bellevue,USA
7/10/2014 0:00,850000,5,2,1.5,0,0,4,2310,0,3200 102nd Ave NE,Bellevue,USA
5/2/2014 0:00,436110,3,2.5,3,0,0,3,1600,170,1156 N 93rd St,Seattle,USA
5/8/2014 0:00,589900,2,3,2,0,0,3,3160,0,22819 NE 166th St,Woodinville,USA
5/12/2014 0:00,620000,3,1.5,1,0,0,3,1280,340,2822 NW 90th Pl,Seattle,USA
5/16/2014 0:00,254000,4,2,1,0,0,3,1510,0,3015 S Graham St,Seattle,USA
6/5/2014 0:00,375000,3,1.75,1,0,0,3,960,0,13780 NE 77th Pl,Redmond,USA
6/6/2014 0:00,455000,4,2.25,1,0,0,4,1170,570,16204 SE 2nd St,Bellevue,USA
6/6/2014 0:00,445000,4,2,1,0,0,4,1470,0,16720 NE 23rd Pl,Bellevue,USA
6/7/2014 0:00,568500,4,2.5,2,0,0,3,2460,0,547 240th Ave SE,Sammamish,USA
6/11/2014 0:00,352500,3,1.75,1,0,0,3,1170,0,14737 28th Ave NE,Shoreline,USA
6/24/2014 0:00,342500,2,1.75,1,0,0,3,1210,0,8101 NE 120th St,Kirkland,USA
6/25/2014 0:00,299950,3,2.5,2,0,0,3,1870,0,4313 S 289th Pl,Auburn,USA
7/1/2014 0:00,425000,3,2.5,2,0,0,3,1950,0,9416 Templeton Ave SE,Snoqualmie,USA
7/9/2014 0:00,561000,4,2.5,2,0,0,3,2570,0,3654 254th Ave SE,Issaquah,USA
5/27/2014 0:00,455500,3,2,1,0,0,4,1460,0,8208 138th Ave NE,Redmond,USA
6/24/2014 0:00,400000,3,2.5,1,0,0,3,1510,1460,15351 NE 202nd St,Woodinville,USA
6/20/2014 0:00,443500,4,2.5,2,0,0,3,2040,0,4290 326th Ave NE,Carnation,USA
6/20/2014 0:00,1234582,5,3.25,1.5,0,4,4,2500,740,6851 51st Ave NE,Seattle,USA
5/22/2014 0:00,370000,4,2.75,1,0,0,4,2250,900,10867-11003 SE 295th St,Auburn,USA
5/22/2014 0:00,475000,3,2.25,1,0,0,3,1240,580,17202 NE 134th Pl,Redmond,USA
7/8/2014 0:00,580000,4,2.5,1,0,0,3,1490,640,3814 231st Ave SE,Sammamish,USA
5/6/2014 0:00,518000,3,1.5,1,0,0,4,1430,0,2527 154th Ave SE,Bellevue,USA
5/9/2014 0:00,525000,3,2.5,2,0,0,4,2030,0,3913 255th Pl SE,Issaquah,USA
6/24/2014 0:00,236000,4,2.75,2,0,0,3,2000,0,26546 236th Pl SE,Maple Valley,USA
6/10/2014 0:00,278500,4,2.25,2,0,0,3,1940,0,32900 19th Ave SW,Federal Way,USA
6/23/2014 0:00,205425,2,1.75,1,0,0,4,880,0,11440 69th Pl S,Seattle,USA
7/1/2014 0:00,248000,3,1,1,0,0,4,950,0,3920 153rd Ave SE,Bellevue,USA
5/23/2014 0:00,505000,3,2.25,2,0,0,3,1220,450,3019 30th Ave W,Seattle,USA
5/22/2014 0:00,657500,3,2.5,2,0,0,3,2670,0,1917 235th Ct NE,Sammamish,USA
7/10/2014 0:00,670000,3,2.5,2,0,0,3,1280,1420,746 Boylston Ave E,Seattle,USA
7/1/2014 0:00,202000,1,1,1,0,0,4,590,0,701-711 26th Ave,Seattle,USA
5/2/2014 0:00,440000,4,2.25,1,0,0,3,1080,1080,12211 SE 65th St,Bellevue,USA
5/26/2014 0:00,690000,4,2.5,2,0,0,3,2700,0,11659 168th Ct NE,Redmond,USA
5/8/2014 0:00,375000,6,2.25,2,0,0,3,3206,0,25921-25929 35th Pl S,Kent,USA
5/20/2014 0:00,291000,3,1.75,1,0,0,3,1560,0,12816 84th Ave S,Seattle,USA
6/16/2014 0:00,230000,3,1.75,1,0,0,4,1400,0,10642 SE 200th St,Kent,USA
5/22/2014 0:00,850000,4,3.25,2,0,4,3,3090,0,19117-19123 Richmond Beach Dr NW,Shoreline,USA
6/1/2014 0:00,84350,4,2,2,0,0,4,2630,0,9033 NE 32nd St,Yarrow Point,USA
6/23/2014 0:00,12899000,3,2.5,1,0,0,3,1550,640,5426 40th Ave W,Seattle,USA
5/8/2014 0:00,2110000,4,1,1,0,0,3,1050,1050,14070 Military Rd S,Tukwila,USA
5/5/2014 0:00,2199900,4,1.5,1,0,0,3,1120,0,19009-19021 SE 266th St,Covington,USA
5/14/2014 0:00,188000,4,2.75,1,0,0,4,2170,1090,1525 79th Pl NE,Medina,USA
7/3/2014 0:00,26590000,3,2,1,0,0,4,1180,0,12005 SE 219th Ct,Kent,USA
5/6/2014 0:00,7800,2,1,1,0,0,1,780,0,4229 S 144th St,Tukwila,USA
5/2/2014 0:00,237227.8571,4,2.5,2,0,0,3,2200,0,5214 S 292nd St,Auburn,USA
5/5/2014 0:00,117833.3333,3,1,1,0,0,3,1340,0,17827 Mountain View Rd NE,Duvall,USA
5/5/2014 0:00,0,3,1.75,1,0,0,4,1490,0,3911 S 328th St,Federal Way,USA
5/5/2014 0:00,744312.5,4,2.5,1,0,0,3,1660,1140,7052 39th Ave NE,Seattle,USA
5/5/2014 0:00,0,4,2.75,1,0,0,4,1300,1300,2120 31st Ave W,Seattle,USA
5/5/2014 0:00,0,6,2.75,1,0,2,4,1600,1600,12271 Marine View Dr SW,Burien,USA
5/6/2014 0:00,0,5,3.5,2,0,0,4,2490,990,21809 SE 38th Pl,Issaquah,USA
5/6/2014 0:00,439333.3333,3,3.5,2,0,0,3,2080,940,3401-3599 Arapahoe Pl W,Seattle,USA
5/6/2014 0:00,280000,3,2.25,1,0,0,4,1180,790,18738-18798 49th Pl NE,Lake Forest Park,USA
5/7/2014 0:00,0,5,1.5,1,0,0,5,760,740,14901-14999 12th Ave SW,Burien,USA
5/7/2014 0:00,0,4,4,2,0,0,3,3680,0,1223-1237 244th Ave NE,Sammamish,USA
5/7/2014 0:00,176225,3,2,1,0,0,4,1570,0,1249 NE 168th St,Shoreline,USA
5/7/2014 0:00,500324,3,2.5,2,0,0,3,1880,400,579 Alpine Ridge Pl NW,Issaquah,USA
5/7/2014 0:00,444845,3,2.5,2,0,0,3,1600,0,2821 NE 16th St,Renton,USA
5/7/2014 0:00,330000,3,3,3,0,0,3,1680,0,4117 Whitman Ave N,Seattle,USA
5/8/2014 0:00,292285.7143,3,1.75,1,0,0,5,1890,0,14405 SE 208th St,Kent,USA
5/8/2014 0:00,160000,2,1,1,0,0,2,520,0,2802-2804 S 138th St,SeaTac,USA
5/8/2014 0:00,274333.3333,3,2.25,2,0,2,3,1780,0,44400 SE 159th St,North Bend,USA
5/8/2014 0:00,537500,4,3,1,0,3,5,1460,1460,645 West Lake Sammamish Pkwy NE,Bellevue,USA
5/8/2014 0:00,232333.3333,3,2.25,1,0,0,3,2430,0,14221 W Lake Kathleen Dr SE,Renton,USA
5/8/2014 0:00,237333.3333,3,2.75,2,0,0,3,3010,0,2868 258th Pl SE,Sammamish,USA
5/9/2014 0:00,346750,3,1,1.5,0,0,4,1620,0,16528 SE Newport Way,Bellevue,USA
5/9/2014 0:00,0,2,2.5,1,0,3,3,2200,0,39612 254th Ave SE,Enumclaw,USA
5/9/2014 0:00,1020000,3,2.25,1.5,0,0,3,2950,0,1918 202nd Pl SE,Sammamish,USA
5/9/2014 0:00,0,4,2.25,1,0,2,4,1270,900,216 SW 183rd St,Normandy Park,USA
5/12/2014 0:00,254000,3,1.5,1,0,0,3,1160,610,16726 SE 45th St,Bellevue,USA
5/12/2014 0:00,238750,3,1,1,0,0,3,1830,0,15765 Simonds Rd NE,Kenmore,USA
5/12/2014 0:00,268971.875,4,2.5,2,0,0,4,2380,0,12625 SE 228th Ct,Kent,USA
5/12/2014 0:00,642000,4,2.5,1,0,0,3,1290,1260,15003 NE 12th St,Bellevue,USA
5/12/2014 0:00,571986.1111,3,2.5,2,0,0,3,3720,0,21730 NE 29th St,Sammamish,USA
5/12/2014 0:00,0,5,4.5,2,0,0,3,3210,1420,6925 Oakmont Ave SE,Snoqualmie,USA
5/13/2014 0:00,0,5,4,2,0,0,3,4430,0,9235 NE 5th St,Bellevue,USA
5/13/2014 0:00,554250,3,2.5,3,0,0,3,1490,0,2703 NE 123rd St,Seattle,USA
5/13/2014 0:00,0,4,4.5,2,0,2,3,3250,1780,4140 Boulevard Pl,Mercer Island,USA
5/13/2014 0:00,0,4,1.5,1,0,0,4,1280,900,31603 E Lake Morton Dr SE,Kent,USA
5/14/2014 0:00,107500,4,1.5,1,0,3,4,1590,0,23819 SE 384th St,Enumclaw,USA
5/15/2014 0:00,300000,3,2,1,0,2,3,1230,280,10516 Victory Ln NE,Seattle,USA
5/15/2014 0:00,0,4,3.5,2,0,0,3,4210,0,2234 167th Ave SE,Bellevue,USA
5/15/2014 0:00,540833.3333,3,2,1,0,0,4,1640,0,25218 SE 31st Pl,Sammamish,USA
5/15/2014 0:00,274750,4,2.5,2,0,0,3,1400,440,2414 SW Holden St,Seattle,USA
5/15/2014 0:00,148612.5,3,1,1,0,0,3,1040,0,10050 19th Ave SW,Seattle,USA
5/16/2014 0:00,326428.5714,3,1,1,0,0,4,1250,0,3809 SW Findlay St,Seattle,USA
5/16/2014 0:00,0,5,3.25,2,0,0,5,3690,0,19055 35th Ave NE,Lake Forest Park,USA
5/16/2014 0:00,135333.3333,4,1,1.5,0,0,3,1400,130,5602 S Avon St,Seattle,USA
5/16/2014 0:00,577437.5,4,2.5,2,0,0,3,2110,0,6737 5th Ave NW,Seattle,USA
5/16/2014 0:00,440825,3,1.75,1,0,0,3,1200,950,4319 SW Brandon St,Seattle,USA
5/19/2014 0:00,195000,5,3.75,2.5,0,3,4,3740,1600,2601-2649 Shoreland Dr S,Seattle,USA
5/19/2014 0:00,257500,4,1.75,1,0,0,3,1480,940,4473 192nd Ave SE,Issaquah,USA
5/19/2014 0:00,692000,4,3.25,2,0,0,3,5010,0,6265 160th Ave SE,Bellevue,USA
5/19/2014 0:00,176400,2,1,1,0,0,4,910,0,14116 SE 193rd St,Renton,USA
5/19/2014 0:00,193000,3,1.5,1.5,0,0,3,2200,0,2356 Rosemont Pl W,Seattle,USA
5/19/2014 0:00,646212.5,4,2.5,2,0,0,3,3430,0,19585-19799 204th Ave NE,Woodinville,USA
5/20/2014 0:00,268971.875,4,2.5,1,0,0,4,1220,640,22027 117th Ave SE,Kent,USA
5/20/2014 0:00,0,4,3.75,1.5,0,4,3,2600,700,3665 50th Ave NE,Seattle,USA
5/20/2014 0:00,317061.875,3,1.75,1,0,0,4,1280,0,14201-14211 146th Pl SE,Renton,USA
5/20/2014 0:00,83300,3,2,1,0,0,4,1490,0,26017 189th Ave SE,Covington,USA
5/21/2014 0:00,0,5,2.25,2,0,0,4,2880,0,25437 163rd Pl SE,Covington,USA
5/21/2014 0:00,266066.6667,4,1,1.5,0,0,3,1160,150,7127 29th Ave SW,Seattle,USA
5/22/2014 0:00,342246.4286,4,2.5,2,0,0,3,1980,0,3002 SW 349th Pl,Federal Way,USA
5/22/2014 0:00,0,5,2.25,1,0,0,4,1300,700,3202 S 194th St,SeaTac,USA
5/22/2014 0:00,0,3,3,1,0,0,5,1040,820,10744 62nd Ave S,Seattle,USA
5/22/2014 0:00,0,4,3,2,0,0,3,1990,0,32706 20th Ave SW,Federal Way,USA
5/22/2014 0:00,240015.3333,4,2.25,1,0,0,4,1720,0,31510 41st Ave SW,Federal Way,USA
5/23/2014 0:00,83300,3,2,1,0,0,5,1370,0,24007 196th Ave SE,Covington,USA
5/23/2014 0:00,316850,4,3,1,0,0,3,2030,2030,32915 176th Ave SE,Auburn,USA
5/23/2014 0:00,259585.5714,4,2.5,2,0,0,3,1960,0,24330 130th Ave SE,Kent,USA
5/27/2014 0:00,328211.9048,4,2.5,1,0,0,3,1120,600,1915 Ginko St SE,Auburn,USA
5/27/2014 0:00,673476.8182,4,2.5,2,0,0,4,2740,0,3148 234th Ct SE,Sammamish,USA
5/27/2014 0:00,0,4,1,1,0,0,3,1360,0,18423 61st Pl NE,Kenmore,USA
5/27/2014 0:00,425000,3,2.5,2,0,0,3,1870,0,9032 NE 176th St,Bothell,USA
5/28/2014 0:00,127160,2,1,1,0,0,4,720,0,821 Edmonds Ave NE,Renton,USA
5/28/2014 0:00,341750,3,2.25,2,0,0,3,2180,0,4315 201st Ave NE,Sammamish,USA
5/28/2014 0:00,178650,3,1.5,1,0,0,4,1430,0,14219-14231 11th Ave SW,Burien,USA
5/28/2014 0:00,87500,2,1,1,0,0,4,780,0,311 L St SE,Auburn,USA
5/28/2014 0:00,282508.8889,3,1,1.5,0,0,3,1180,0,17022 5th Ave NE,Shoreline,USA
5/28/2014 0:00,450385.7143,3,2,1,0,0,3,900,400,7250 Rainier Ave S,Seattle,USA
5/28/2014 0:00,435000,4,3,2,0,2,3,4260,0,7436 SE 76th St,Mercer Island,USA
5/28/2014 0:00,532500,2,1.75,1,0,0,4,2050,0,1149-1199 91st Ave NE,Bellevue,USA
5/29/2014 0:00,408900,3,1.75,1,0,0,3,2030,900,12542 NE 160th Pl,Woodinville,USA
5/29/2014 0:00,156766.6667,2,1,1.5,0,0,3,880,620,220 Garden Ave N,Renton,USA
5/29/2014 0:00,452500,5,3.5,2,0,2,3,4770,1190,510 175th Pl NE,Bellevue,USA
5/29/2014 0:00,308830.7692,2,1,1,0,0,3,810,0,4611 51st Ave S,Seattle,USA
5/29/2014 0:00,484991.6667,4,2.75,2,0,0,3,2320,0,4242 NE 2nd Ct,Renton,USA
5/30/2014 0:00,287919.7826,2,1,1,0,0,4,730,360,8607 36th Ave SW,Seattle,USA
5/30/2014 0:00,247875,2,1,1,0,0,4,1000,0,4557 14th Ave S,Seattle,USA
5/30/2014 0:00,309487.5,3,2.5,2,0,0,3,2260,0,17207 190th Ave SE,Renton,USA
5/30/2014 0:00,173666.6667,4,1,1.5,0,0,3,1290,0,10022 19th Ave SW,Seattle,USA
5/30/2014 0:00,237481.25,3,2,1,0,0,3,2120,0,18600 135th Pl SE,Renton,USA
5/30/2014 0:00,326983.3333,3,2.25,2,0,0,3,1490,0,8008 NE 183rd St,Kenmore,USA
5/30/2014 0:00,790000,4,2.5,2,0,0,3,2310,0,144 NW 103rd St,Seattle,USA
6/2/2014 0:00,0,1,1,1,0,0,3,720,0,1236 S Cloverdale St,Seattle,USA
6/2/2014 0:00,678333.3333,3,2.5,1,0,0,3,920,920,4003 2nd Ave NE,Seattle,USA
6/2/2014 0:00,542804.75,5,2.75,1,0,0,3,1590,1320,19720 SE 21st St,Sammamish,USA
6/2/2014 0:00,723243.75,4,2.75,2,0,0,3,3270,0,6839 126th Ave NE,Kirkland,USA
6/3/2014 0:00,667781.25,5,2.75,2,0,0,3,3040,0,5627 167th Pl SE,Bellevue,USA
6/3/2014 0:00,108333.3333,3,1,1,0,0,4,1200,0,23414 SE 269th St,Maple Valley,USA
6/3/2014 0:00,0,5,2.75,1.5,0,0,5,1670,1070,1013 NE 80th St,Seattle,USA
6/3/2014 0:00,535000,4,2.25,2,0,0,4,2120,170,2523 42nd Ave W,Seattle,USA
6/3/2014 0:00,596165.4286,4,2,1,0,0,5,1300,1280,3449 Magnolia Blvd W,Seattle,USA
6/3/2014 0:00,269187.5,3,1.75,1.5,0,0,4,1590,0,19827 SE Maple Valley Hwy,Maple Valley,USA
6/3/2014 0:00,148612.5,3,1,2,0,0,3,1040,0,10120-10198 34th Ave SW,Seattle,USA
6/3/2014 0:00,0,3,1,1,0,0,4,1300,0,2760 72nd Ave SE,Mercer Island,USA
6/3/2014 0:00,0,5,2.5,2,0,0,3,2090,0,27622 237th Pl SE,Maple Valley,USA
6/3/2014 0:00,341166.6667,5,2.75,2,0,0,3,2670,0,16301 SE 139th Ct,Renton,USA
6/4/2014 0:00,132500,4,1,1.5,0,0,4,1540,0,9138 S 208th St,Kent,USA
6/4/2014 0:00,557125,4,2.75,2,0,0,3,3370,0,14257 212th Dr NE,Woodinville,USA
6/4/2014 0:00,228944.4444,3,1.75,1,0,0,5,1730,0,23403 120th Ave SE,Kent,USA
6/5/2014 0:00,592105.7143,3,2.5,2,0,0,3,1640,0,3040 273rd Ave NE,Redmond,USA
6/5/2014 0:00,535000,4,2.25,1.5,0,2,4,2020,960,2550 Westmont Way W,Seattle,USA
6/5/2014 0:00,420642.8571,3,2,1,0,0,4,1330,0,13817 125th Ave NE,Kirkland,USA
6/5/2014 0:00,132250,4,2.25,2,0,0,3,2192,0,26429 106th Ave SE,Kent,USA
6/5/2014 0:00,237227.8571,4,2.5,2,0,0,4,2068,0,30036-30116 42nd Pl S,Auburn,USA
6/5/2014 0:00,440825,3,1.75,1,0,1,5,1090,890,5256 42nd Ave SW,Seattle,USA
6/5/2014 0:00,2560498.333,3,2.5,2,0,0,5,1300,410,2826 21st Ave W,Seattle,USA
6/6/2014 0:00,423050.9259,2,1,1,0,0,3,890,0,332 NW 84th St,Seattle,USA
6/6/2014 0:00,1337044.2,4,3.5,2,0,0,3,4280,0,1415 108th Ave SE,Bellevue,USA
6/6/2014 0:00,315368.7,3,2.5,2,0,0,3,3080,0,25221 235th Way SE,Maple Valley,USA
6/6/2014 0:00,417985.7143,4,2.25,2,0,0,4,2070,0,14025 93rd Ave NE,Kirkland,USA
6/6/2014 0:00,723243.75,4,2.75,2,0,0,3,3010,0,10611 Slater Ave NE,Kirkland,USA
6/9/2014 0:00,259950,4,2,1,0,0,4,2030,0,14218 NE 67th Ct,Redmond,USA
6/9/2014 0:00,0,4,3.75,2,0,0,3,4060,0,21418 SE 5th Pl,Sammamish,USA
6/10/2014 0:00,237333.3333,3,2.75,1,0,0,4,1500,840,21600 SE 18th Pl,Sammamish,USA
6/10/2014 0:00,426090,3,2.5,2,0,0,3,2340,0,7821 NE 147th St,Kenmore,USA
6/10/2014 0:00,458663.8889,2,1,1,0,0,3,1020,450,9736 Dayton Ave N,Seattle,USA
6/10/2014 0:00,812650,4,2.5,1,0,4,3,2620,1080,4462 175th Pl SE,Bellevue,USA
6/10/2014 0:00,135333.3333,4,1,1.5,0,0,3,1200,0,6815 S 120th Pl,Seattle,USA
6/11/2014 0:00,0,5,2.75,1,0,0,5,1510,1400,13505 208th Ave NE,Woodinville,USA
6/11/2014 0:00,0,5,2,1,0,0,4,1110,800,11620-11698 57th Ave S,Seattle,USA
6/11/2014 0:00,0,3,2.5,1,0,4,5,1520,1360,9243 NE 20th St,Clyde Hill,USA
6/11/2014 0:00,0,5,2.75,2,0,0,3,3240,0,1301-1303 Monterey Ave NE,Renton,USA
6/12/2014 0:00,387884.6154,3,1.75,1.5,0,0,5,970,620,12632 93rd Pl NE,Kirkland,USA
6/12/2014 0:00,437500,5,3.5,2,0,0,3,2540,1150,114 210th Ave NE,Sammamish,USA
6/12/2014 0:00,641633.3333,3,2.5,2,0,0,3,2480,0,13202 NE 92nd Way,Redmond,USA
6/12/2014 0:00,681965.7813,4,2.5,2,0,0,4,2683,0,10821 151st Ave NE,Redmond,USA
6/12/2014 0:00,229629.5,2,1,1,0,0,4,1100,0,1206 NE 155th St,Shoreline,USA
6/12/2014 0:00,0,4,1,1.5,0,0,5,1260,820,6506 40th Ave SW,Seattle,USA
6/12/2014 0:00,210614.2857,3,2.5,1,0,0,4,1450,760,1121 E Guiberson St,Kent,USA
6/12/2014 0:00,790000,4,3.25,1.5,0,0,5,1870,550,4039 4th Ave NE,Seattle,USA
6/12/2014 0:00,435500,3,3.5,2,0,0,3,1000,240,5922 44th Ave SW,Seattle,USA
6/13/2014 0:00,738190.8571,3,2.5,1.5,0,0,3,1510,790,7349 17th Ave NE,Seattle,USA
6/13/2014 0:00,497333.3333,3,1.75,1,0,0,4,1230,530,12926 SE 23rd St,Bellevue,USA
6/13/2014 0:00,300000,3,2,1,0,0,4,1220,800,13545 39th Ave NE,Seattle,USA
6/15/2014 0:00,1036200,4,3.25,1.5,0,0,3,1960,540,1502 Parkside Dr E,Seattle,USA
6/16/2014 0:00,163785.7143,2,1,1.5,0,0,3,760,0,11023 4th Ave S,Seattle,USA
6/16/2014 0:00,351250,4,1.75,1,0,0,3,1130,450,214 20th Ave S,Seattle,USA
6/17/2014 0:00,645325,3,2.5,2,0,0,3,2670,0,6901 123rd Ave NE,Kirkland,USA
6/17/2014 0:00,171224.8,3,1,1,0,0,5,1140,0,3108 SE 6th St,Renton,USA
6/17/2014 0:00,0,5,3.75,2,0,0,3,3870,0,101-127 247th Ave SE,Sammamish,USA
6/17/2014 0:00,540000,3,2.75,1,0,2,5,1810,940,4708 154th Pl SE,Bellevue,USA
6/17/2014 0:00,233166.6667,3,2,2,0,2,4,1050,520,429 Randolph Ave,Seattle,USA
6/17/2014 0:00,329333.3333,3,1.75,1,0,0,4,1160,0,18124-18204 83rd Ave NE,Kenmore,USA
6/17/2014 0:00,225279.4286,3,2.25,1,0,0,4,1360,750,32744 30th Ave SW,Federal Way,USA
6/17/2014 0:00,331366.6667,3,2.5,2,0,0,3,1270,0,2492 SW Webster St,Seattle,USA
6/17/2014 0:00,460886.9231,4,2.5,2,0,0,3,3250,0,5221 NE 7th Pl,Renton,USA
6/18/2014 0:00,337945.75,2,1,1,0,0,3,940,0,4100 SW Othello St,Seattle,USA
6/18/2014 0:00,0,4,1.5,2,0,0,4,2310,0,29656 232nd Ave SE,Black Diamond,USA
6/18/2014 0:00,243069.2308,3,1,1,0,0,3,1130,0,834 Lynnwood Ave NE,Renton,USA
6/18/2014 0:00,0,6,3,2,0,0,3,3020,0,4115 85th Ave SE,Mercer Island,USA
6/18/2014 0:00,690408.6207,4,2.5,2,0,0,3,3210,0,110-112 209th Pl SE,Sammamish,USA
6/19/2014 0:00,592105.7143,3,2.5,2,0,0,3,2650,0,7047 208th Ave NE,Redmond,USA
6/19/2014 0:00,220083.3333,3,1.75,1,0,0,4,1150,0,12021 SE 251 Pl,Kent,USA
6/19/2014 0:00,280000,3,3,2,0,0,3,3910,0,31751 NE 110th St,Carnation,USA
6/19/2014 0:00,297857.1429,4,2.5,2,0,0,3,3490,0,16102 SE 251 St,Covington,USA
6/19/2014 0:00,950833.3333,5,3,2,0,0,4,2610,720,6100 93rd Ave SE,Mercer Island,USA
6/19/2014 0:00,323833.3333,4,1,1.5,0,0,3,1940,0,12234 1st Ave NW,Seattle,USA
6/19/2014 0:00,309000,3,2.5,2,0,0,3,1800,0,2803 SW Bataan St,Seattle,USA
6/20/2014 0:00,248400,3,1.75,1,0,0,3,1330,550,2431 T St NW,Auburn,USA
6/20/2014 0:00,994500,4,2.25,1.5,0,0,4,1980,890,1517-1519 17th Ave E,Seattle,USA
6/20/2014 0:00,0,4,2.5,1,0,0,5,980,980,506 21st St SE,Auburn,USA
6/20/2014 0:00,0,4,1,1,0,0,2,1410,400,12231 Occidental Ave S,Seattle,USA
6/22/2014 0:00,0,2,2.25,1.5,0,0,3,1490,0,4921 28th Ave S,Seattle,USA
6/23/2014 0:00,0,3,4.5,2,1,4,3,3740,1490,7455 W Mercer Way,Mercer Island,USA
6/23/2014 0:00,288500,5,2.5,1,0,0,5,1750,1640,15224 SE 175th Pl,Renton,USA
6/23/2014 0:00,379509.1667,2,1,1,0,0,3,880,0,3429 49th Ave SW,Seattle,USA
6/23/2014 0:00,180785.7143,2,1,1,0,1,4,1610,940,22320 11th Ave S,Des Moines,USA
6/23/2014 0:00,950100,4,2.5,2,0,0,5,3160,0,6135 79th Ave SE,Mercer Island,USA
6/24/2014 0:00,0,4,5,1,1,4,3,2600,1950,425 E Lake Sammamish Pkwy SE,Sammamish,USA
6/24/2014 0:00,542500,5,2.75,2,1,4,3,3831,0,6208 SE 22nd St,Mercer Island,USA
6/24/2014 0:00,362750,2,1.75,1.5,0,0,3,1240,0,150 NE 55th St,Seattle,USA
6/24/2014 0:00,234975,4,2.75,2,0,0,3,2520,0,28509 NE 149th Pl,Duvall,USA
6/24/2014 0:00,672500,4,2.25,2,0,0,4,2420,0,8516 SE 78th St,Mercer Island,USA
6/24/2014 0:00,391400,4,1.75,1,0,0,5,1250,0,1039 165th Pl NE,Bellevue,USA
6/24/2014 0:00,0,3,2.75,1,0,0,3,1310,0,16232 SE 10th St,Bellevue,USA
6/24/2014 0:00,198995,3,1,1,0,0,4,1410,0,10320 Dibble Ave NW,Seattle,USA
6/24/2014 0:00,278900,3,1,1,0,0,3,990,0,13101 NE 193rd Pl,Woodinville,USA
6/24/2014 0:00,171758.3333,3,1,1,0,0,3,1000,0,3402 261st Pl SE,Enumclaw,USA
6/24/2014 0:00,325187.5,3,1.75,1,0,0,4,1300,700,12621 SE 187th Pl,Renton,USA
6/25/2014 0:00,190368.75,2,1,1,0,0,3,1120,0,7414 S 118th Pl,Seattle,USA
6/25/2014 0:00,375000,5,3.25,2,0,0,3,3370,0,1826 4th St,Kirkland,USA
6/25/2014 0:00,216000,3,2.75,2,0,0,3,2210,0,10915 243rd Ave NE,Redmond,USA
6/25/2014 0:00,0,5,3.5,2,0,0,3,2640,0,34529 SE Jay Ct,Snoqualmie,USA
6/25/2014 0:00,360500,3,2.5,3,0,0,3,1150,0,10703 Greenwood Ave N,Seattle,USA
6/26/2014 0:00,677099.5652,4,2.5,2,0,0,3,2150,0,3046 Quail Creek Way NE,Redmond,USA
6/26/2014 0:00,405125,4,2.75,2,0,0,4,4230,0,14323-14347 155th Ave NE,Woodinville,USA
6/26/2014 0:00,289987.5,3,1.75,1,0,0,3,1080,490,15821 4th Ave SW,Burien,USA
6/26/2014 0:00,264270,3,2.5,1,0,0,3,1120,510,9812 S 239th Pl,Kent,USA
6/26/2014 0:00,602761,4,2.5,2,0,0,3,2770,0,3823 242nd Ave SE,Issaquah,USA
6/26/2014 0:00,251555.5556,3,1,1,0,0,4,1150,600,16004 7th Ave SW,Burien,USA
6/26/2014 0:00,214750,3,1.5,1,0,0,3,1090,0,16430 125th Ave SE,Renton,USA
6/26/2014 0:00,258125,2,1,1,0,0,3,930,0,11020 34th Ave NE,Seattle,USA
6/26/2014 0:00,0,4,2,2,0,0,3,2100,0,4500 NE 171st St,Lake Forest Park,USA
6/27/2014 0:00,677099.5652,4,2.5,2,0,0,3,2540,0,7238 221st Ave NE,Redmond,USA
6/27/2014 0:00,0,2,1,1,0,0,4,810,0,30401-30499 8th Ave SW,Federal Way,USA
6/27/2014 0:00,0,2,1.5,1,0,0,5,1520,0,11533 22nd Ave NE,Seattle,USA
6/27/2014 0:00,167500,1,1,1,0,0,3,690,0,7554 14th Ave NW,Seattle,USA
6/27/2014 0:00,471500,4,3,1.5,0,0,5,1650,720,6811 16th Ave NE,Seattle,USA
6/28/2014 0:00,0,4,4.25,1,0,4,5,2140,1360,12725 8th Ave NW,Seattle,USA
6/29/2014 0:00,464600,2,1,1,0,2,4,840,0,2423 11th Ave W,Seattle,USA
6/30/2014 0:00,132250,4,2.25,2,0,0,4,1830,0,12116 SE 261st Ct,Kent,USA
6/30/2014 0:00,433111.1111,3,2.25,3,0,0,3,1370,0,902 N 95th St,Seattle,USA
6/30/2014 0:00,542500,5,2.75,1,0,3,4,1570,950,8336 Avalon Dr,Mercer Island,USA
7/1/2014 0:00,0,2,2.25,1.5,0,4,4,1530,600,3428 60th Ave SW,Seattle,USA
7/1/2014 0:00,368112.5,4,2.5,2,0,0,3,2590,0,8917 NE 151st Pl,Bothell,USA
7/1/2014 0:00,673476.8182,4,2.5,2,0,0,3,1820,0,22101 SE 28th St,Sammamish,USA
7/1/2014 0:00,558653.8462,3,2.5,1.5,0,0,5,1010,520,8519 28th Ave NW,Seattle,USA
7/2/2014 0:00,0,4,2.5,2,0,2,4,4080,0,2710 95th Ave NE,Clyde Hill,USA
7/2/2014 0:00,168333.3333,2,1,1.5,0,0,3,1050,0,13407 8th Ave S,Burien,USA
7/2/2014 0:00,268971.875,4,2.5,2,0,0,3,1954,0,19320 113th Ave SE,Kent,USA
7/2/2014 0:00,318000,2,1.75,1,0,1,4,830,700,1922 11th Ave W,Seattle,USA
7/2/2014 0:00,550607.1429,4,2,1.5,0,0,3,1660,0,4007 Woodland Park Ave N,Seattle,USA
7/2/2014 0:00,1288333.333,6,4.5,3,0,0,3,3050,780,2425 3rd Ave W,Seattle,USA
7/2/2014 0:00,584000,3,1.75,2,0,0,3,1090,400,4304B 36th Ave W,Seattle,USA
7/2/2014 0:00,0,3,1,1,0,0,3,1520,0,2533 155th Pl SE,Bellevue,USA
7/2/2014 0:00,0,5,6.25,2,0,0,3,8020,0,2 Crescent Key,Bellevue,USA
7/2/2014 0:00,245000,3,3,2,0,0,5,1860,610,8833 Earl Ave NW,Seattle,USA
7/3/2014 0:00,287919.7826,2,1,1,0,0,4,870,0,8506 37th Ave SW,Seattle,USA
7/5/2014 0:00,672500,4,2.25,2,0,0,4,2110,0,7490 85th Ave SE,Mercer Island,USA
7/6/2014 0:00,454790,2,1.75,1,0,0,5,1090,900,8215 Stone Ave N,Seattle,USA
7/7/2014 0:00,282508.8889,3,1,1,0,0,4,910,650,228 NE 174th St,Shoreline,USA
7/7/2014 0:00,473200,3,1.5,1.5,0,0,4,1640,100,6714 4th Ave NW,Seattle,USA
7/7/2014 0:00,406062.5,2,1,1,0,0,4,1290,0,312 NE 81st St,Seattle,USA
7/7/2014 0:00,282766.6667,4,2,1,0,0,3,850,850,3706 140th Ave SE,Bellevue,USA
7/7/2014 0:00,486445.8333,3,1.75,1,0,0,4,1880,0,13345 SE 55th Pl,Bellevue,USA
7/7/2014 0:00,486895,3,1,1.5,0,0,4,1390,500,4324 Dayton Ave N,Seattle,USA
7/7/2014 0:00,430277.7778,3,2.25,3,0,0,3,1540,80,972 4th Ave NE,Issaquah,USA
7/8/2014 0:00,229629.5,2,1,1,0,0,3,770,0,16040 28th Ave NE,Shoreline,USA
7/8/2014 0:00,0,4,2.25,3,1,4,3,2890,0,3227-3399 Mountain View Ave N,Renton,USA
7/8/2014 0:00,182805,3,1,1,0,0,4,800,240,1028 SW 307th St,Federal Way,USA
7/8/2014 0:00,380680.5556,4,2.5,2,0,0,3,2620,0,13602 SE 186th Pl,Renton,USA
7/8/2014 0:00,396166.6667,3,1.75,1,0,0,4,940,940,3529 SW Webster St,Seattle,USA
7/8/2014 0:00,252980,4,2.5,2,0,0,3,2530,0,37654 18th Pl S,Federal Way,USA
7/8/2014 0:00,289373.3077,3,2.5,2,0,0,3,2538,0,5703 Charlotte Ave SE,Auburn,USA
7/9/2014 0:00,210614.2857,3,2.5,2,0,0,3,1610,0,26306 127th Ave SE,Kent,USA
7/9/2014 0:00,308166.6667,3,1.75,1,0,0,4,1510,0,501 N 143rd St,Seattle,USA
7/9/2014 0:00,534333.3333,3,2.5,2,0,0,3,1460,0,14855 SE 10th Pl,Bellevue,USA
7/9/2014 0:00,416904.1667,3,2.5,2,0,0,3,3010,0,759 Ilwaco Pl NE,Renton,USA
7/10/2014 0:00,203400,4,2,1,0,0,3,1070,1020,5148 S Creston St,Seattle,USA
7/10/2014 0:00,220600,3,2.5,2,0,0,4,1490,0,18717 SE 258th St,Covington,USA
